algorithm,trial_idx,keygen_time_s,encap_time_s,decap_time_s,ciphertext_size_bytes
Kyber512,0,2.362999998695159e-05,2.356999999619802e-05,1.696000001061293e-05,768
Kyber512,1,2.315000000407963e-05,2.5959999987890114e-05,1.8640000007508206e-05,768
Kyber512,2,2.1540000005870752e-05,2.4509999974497987e-05,1.9379999997681807e-05,768
Kyber512,3,2.0919999997204286e-05,2.420900000288384e-05,1.8070999999508786e-05,768
Kyber512,4,2.0090999981903224e-05,2.5808999993159887e-05,1.989999998386338e-05,768
Kyber512,5,2.2731000001385837e-05,3.146899999251218e-05,1.9528999985141127e-05,768
Kyber512,6,2.3599999991574805e-05,3.533099999231126e-05,2.054000000839551e-05,768
Kyber512,7,2.0079999984545793e-05,2.5048999987120624e-05,1.8028999988928263e-05,768
Kyber512,8,2.201999998874271e-05,2.852900001926173e-05,2.194000001054519e-05,768
Kyber512,9,0.00020914999998922212,0.00015493999998739127,2.5730999993811565e-05,768
Kyber512,10,3.193899999587302e-05,2.8189999994765458e-05,1.6930000015236146e-05,768
Kyber512,11,2.4400000000923683e-05,2.3860000027298156e-05,1.6349999981457586e-05,768
Kyber512,12,1.9440000016857084e-05,2.2479999984170718e-05,1.696999999012405e-05,768
Kyber512,13,2.0989999995890685e-05,2.3599999991574805e-05,1.6270000003260066e-05,768
Kyber512,14,2.1149999980707435e-05,2.355000000875407e-05,1.7800000023271423e-05,768
Kyber512,15,2.207999997949628e-05,0.00010063999999943007,2.99999999811007e-05,768
Kyber512,16,2.6999999988674972e-05,2.470000001153494e-05,2.1949999990056313e-05,768
Kyber512,17,2.6469999994560567e-05,2.6439999999183783e-05,1.8320000009452997e-05,768
Kyber512,18,2.1630000020422813e-05,2.8170000007321505e-05,1.9540000010920267e-05,768
Kyber512,19,2.1790000005239563e-05,2.609999998526291e-05,2.3120000008702846e-05,768
Kyber512,20,2.330999998889638e-05,2.380000000812288e-05,4.673000000821048e-05,768
Kyber512,21,3.352999999606254e-05,2.642000001173983e-05,2.039000000308988e-05,768
Kyber512,22,2.1809999992683515e-05,2.4490000015475744e-05,1.9350000002305023e-05,768
Kyber512,23,2.266999999278596e-05,2.5319999991779696e-05,1.876000001743705e-05,768
Kyber512,24,2.1910000015168407e-05,2.7039999991984587e-05,1.7639999981611254e-05,768
Kyber512,25,2.201000000923159e-05,2.419999998437561e-05,4.8069999991184886e-05,768
Kyber512,26,0.0005420800000024428,3.114000000437045e-05,4.875999999853775e-05,768
Kyber512,27,3.06299999977e-05,3.245000002038978e-05,2.1239999995259495e-05,768
Kyber512,28,2.3368999990225348e-05,2.422000000024127e-05,2.224900001124297e-05,768
Kyber512,29,2.4719999998978892e-05,2.7019999976118925e-05,2.0591000009062554e-05,768
Kyber512,30,2.2680000000718792e-05,2.5899999997136547e-05,1.720100001989522e-05,768
Kyber512,31,2.526999998053725e-05,2.7329999994663012e-05,2.095000002100278e-05,768
Kyber512,32,2.5431000011622018e-05,2.945099998896694e-05,2.1239999995259495e-05,768
Kyber512,33,2.4660000008225325e-05,2.6110999982620342e-05,2.958899997906883e-05,768
Kyber512,34,2.1379999992632293e-05,2.4999999993724487e-05,1.930900000957081e-05,768
Kyber512,35,3.21089999886226e-05,2.8759999992189478e-05,2.054999998790663e-05,768
Kyber512,36,3.13699999878736e-05,2.6450000007116614e-05,1.8390000008139396e-05,768
Kyber512,37,2.0599999999149077e-05,2.6710000014418256e-05,1.8540000013445024e-05,768
Kyber512,38,2.0419999998466665e-05,2.5700000009010182e-05,2.1729999986064286e-05,768
Kyber512,39,2.227000001653323e-05,2.3999999996249244e-05,1.843000001144901e-05,768
Kyber512,40,4.630000000815926e-05,2.706000000785025e-05,1.638000000525608e-05,768
Kyber512,41,8.310999999139312e-05,3.0609999981834335e-05,1.9850000001042645e-05,768
Kyber512,42,2.0100000000411455e-05,2.2780000023203684e-05,1.6860000016549748e-05,768
Kyber512,43,2.0899999981338624e-05,2.4580000001606095e-05,1.711999999542968e-05,768
Kyber512,44,2.1320000001878725e-05,2.4479999979121203e-05,1.7569999982924855e-05,768
Kyber512,45,2.3830000003499663e-05,2.569000000107735e-05,1.917000000162261e-05,768
Kyber512,46,2.3770000012746095e-05,2.30699999974604e-05,2.9960000006212795e-05,768
Kyber512,47,2.2069999999985157e-05,2.485999999635169e-05,1.890999999432097e-05,768
Kyber512,48,2.0000000006348273e-05,2.3949999985006798e-05,1.7550000023902612e-05,768
Kyber512,49,1.9999999977926564e-05,2.3440000006758055e-05,1.8620000020064253e-05,768
Kyber512,50,2.1320000001878725e-05,2.6120000001128574e-05,1.7750000012028977e-05,768
Kyber512,51,2.0479999989220232e-05,2.4069999994935642e-05,1.9200000025421105e-05,768
Kyber512,52,2.3540000000821237e-05,2.412999998568921e-05,1.7380000002731322e-05,768
Kyber512,53,2.0530000000462678e-05,2.323000001069886e-05,5.0429999987500196e-05,768
Kyber512,54,3.065999999307678e-05,2.6779999984682945e-05,2.1650000007866765e-05,768
Kyber512,55,2.2800000010647636e-05,2.5210000018205392e-05,1.7589999998790518e-05,768
Kyber512,56,2.086000000645072e-05,2.4319999994304453e-05,1.8039999986285693e-05,768
Kyber512,57,2.0570000003772293e-05,2.3099999992837184e-05,1.785000000609216e-05,768
Kyber512,58,2.2119999982805894e-05,2.4800000005598122e-05,1.8799999992324956e-05,768
Kyber512,59,2.0740000024943583e-05,2.4749999994355676e-05,1.866999997446328e-05,768
Kyber512,60,2.2779999994781974e-05,2.519000000233973e-05,1.7069999984187234e-05,768
Kyber512,61,2.120999999988271e-05,3.874999998743078e-05,2.061999998659303e-05,768
Kyber512,62,2.3050000010016447e-05,3.0939999987822375e-05,2.2720000004028407e-05,768
Kyber512,63,2.3609999999507636e-05,2.5879999981270885e-05,1.823899998498746e-05,768
Kyber512,64,2.2400000005973197e-05,2.3908999992272584e-05,1.858900000684116e-05,768
Kyber512,65,2.1830999997973777e-05,2.298000001133005e-05,1.800900000148431e-05,768
Kyber512,66,2.037999999515705e-05,2.6560000009112628e-05,2.134900000783091e-05,768
Kyber512,67,2.2709000006670976e-05,2.6039999994509344e-05,4.1129000010187156e-05,768
Kyber512,68,2.9780000005530383e-05,2.7771000020493375e-05,1.9600000001673834e-05,768
Kyber512,69,2.2699999988162745e-05,2.5139999991097284e-05,2.2970999992821817e-05,768
Kyber512,70,2.5069000002986286e-05,2.5411000024178065e-05,1.786000001402499e-05,768
Kyber512,71,2.1989000003941328e-05,2.5469999997085324e-05,1.7999999982976078e-05,768
Kyber512,72,2.1419999995941907e-05,2.5239999985160466e-05,2.005000001759072e-05,768
Kyber512,73,2.3619999979018758e-05,2.7859999988777417e-05,1.8610000012131422e-05,768
Kyber512,74,2.355999998826519e-05,2.4309999986371622e-05,1.6840000000684086e-05,768
Kyber512,75,3.344000000993219e-05,2.4410000008856514e-05,1.8220000015389815e-05,768
Kyber512,76,2.227000001653323e-05,2.5300000004335743e-05,2.1150000009129144e-05,768
Kyber512,77,2.2650000005342008e-05,2.4819999993042074e-05,1.9549999990431388e-05,768
Kyber512,78,2.177999999730673e-05,2.616999998394931e-05,1.9960000003038658e-05,768
Kyber512,79,2.3540000000821237e-05,2.7899999992087032e-05,1.9420000000991422e-05,768
Kyber512,80,2.031000002489236e-05,2.3790000000190048e-05,2.0849999998517887e-05,768
Kyber512,81,2.274999999940519e-05,2.4590000009538926e-05,4.0479999995568505e-05,768
Kyber512,82,2.3870000006809278e-05,2.3760000004813264e-05,2.086000000645072e-05,768
Kyber512,83,2.274000001989407e-05,2.625999999850137e-05,1.908000001549226e-05,768
Kyber512,84,2.5230000005649345e-05,2.998999997316787e-05,1.9339999994372192e-05,768
Kyber512,85,2.4349999989681237e-05,3.0350000002954403e-05,2.463000001284854e-05,768
Kyber512,86,2.4150000001554872e-05,2.8559999975641404e-05,1.8049999994218524e-05,768
Kyber512,87,2.2459999996726765e-05,2.4809999985109243e-05,1.989000000435226e-05,768
Kyber512,88,2.0970000008446732e-05,2.4740000014844554e-05,1.8780000004881003e-05,768
Kyber512,89,3.8600000010546864e-05,2.657000001704546e-05,1.9269999995685794e-05,768
Kyber512,90,2.445000001216613e-05,2.3260000006075643e-05,1.6500000015184924e-05,768
Kyber512,91,2.1310000022367603e-05,2.6610000020355074e-05,1.7589999998790518e-05,768
Kyber512,92,1.8789999984392125e-05,2.2520000015902042e-05,1.8240000002833767e-05,768
Kyber512,93,2.1090000018375576e-05,2.3530000021310116e-05,1.7229999997425693e-05,768
Kyber512,94,1.9460000004301037e-05,2.243000000134998e-05,1.704999999674328e-05,768
Kyber512,95,2.0069999976612962e-05,2.422000000024127e-05,1.752000000010412e-05,768
Kyber512,96,3.8509999995994804e-05,2.5329999999712527e-05,2.0570000003772293e-05,768
Kyber512,97,2.135999997676663e-05,2.4020000012114906e-05,1.7819999982293666e-05,768
Kyber512,98,2.0328999994490005e-05,2.1310999983370493e-05,0.00021644100002049527,768
Kyber512,99,0.00011036899999794514,4.539999997632549e-05,2.177999999730673e-05,768
Kyber512,100,2.6759999997238992e-05,2.558900001758957e-05,5.9059999983901434e-05,768
Kyber512,101,3.081900001689064e-05,3.067000000100961e-05,2.0250000005717084e-05,768
Kyber512,102,2.4148999983708563e-05,2.5688999983231042e-05,2.0011000003705703e-05,768
Kyber512,103,2.1299999986013063e-05,2.7431000006572503e-05,3.2799999985400063e-05,768
Kyber512,104,2.2928999982241294e-05,2.4679999995669277e-05,1.816899998630106e-05,768
Kyber512,105,3.996999998889805e-05,3.242999997610241e-05,2.3110000000770015e-05,768
Kyber512,106,2.1909999986746698e-05,2.7599999981475776e-05,1.7869999993536112e-05,768
Kyber512,107,2.054000000839551e-05,2.2139999998671556e-05,1.7900000017334605e-05,768
Kyber512,108,2.0570000003772293e-05,2.323999999020998e-05,1.8879999998944186e-05,768
Kyber512,109,2.2999999998774e-05,2.5980000003755777e-05,2.0019999993792226e-05,768
Kyber512,110,2.3089999984904352e-05,3.8189999997939594e-05,2.079000000776432e-05,768
Kyber512,111,2.339999997502673e-05,2.5010000001657318e-05,1.9350000002305023e-05,768
Kyber512,112,2.078999997934261e-05,2.283000000602442e-05,1.6609999988759228e-05,768
Kyber512,113,2.1979999985433096e-05,2.3830000003499663e-05,1.8699999998261774e-05,768
Kyber512,114,2.2459999996726765e-05,2.6200000007747803e-05,2.2449999988793934e-05,768
Kyber512,115,2.380000000812288e-05,2.6019999978643682e-05,2.0589999991216246e-05,768
Kyber512,116,2.227000001653323e-05,2.6300000001810986e-05,1.8369999992273733e-05,768
Kyber512,117,4.0709999979071654e-05,2.593000002093504e-05,1.9749999978557753e-05,768
Kyber512,118,2.5459999989152493e-05,2.6050000002442175e-05,1.907999998707055e-05,768
Kyber512,119,2.2230000013223616e-05,2.559000000701417e-05,1.8380000000206564e-05,768
Kyber512,120,2.2379999990107535e-05,2.3739999988947602e-05,1.7420000006040937e-05,768
Kyber512,121,2.14500000197404e-05,0.00028790000001777116,2.943000001209839e-05,768
Kyber512,122,2.9879999999593565e-05,2.754999999865504e-05,2.2200000017846833e-05,768
Kyber512,123,2.7130000006536648e-05,7.168900000920075e-05,2.4069000005511043e-05,768
Kyber512,124,2.8329000002713656e-05,3.015999999433916e-05,2.3748999979034124e-05,768
Kyber512,125,2.5950999997803592e-05,2.8759999992189478e-05,2.3260000006075643e-05,768
Kyber512,126,0.000392959000009796,3.653000001690998e-05,2.0970000008446732e-05,768
Kyber512,127,2.2930000000087603e-05,2.3999999996249244e-05,1.8229999994900936e-05,768
Kyber512,128,2.208899999800451e-05,3.757999999720596e-05,1.939999998512576e-05,768
Kyber512,129,2.1990000021787637e-05,2.5010000001657318e-05,2.022999998985142e-05,768
Kyber512,130,2.039000000308988e-05,2.5319999991779696e-05,1.8890000006877017e-05,768
Kyber512,131,4.457000000002154e-05,2.545000000964137e-05,1.9829999985176983e-05,768
Kyber512,132,2.5329999999712527e-05,2.6969999993298188e-05,2.143999998338586e-05,768
Kyber512,133,2.528000001689179e-05,2.625999999850137e-05,2.208999998742911e-05,768
Kyber512,134,2.4589999981117217e-05,4.043999999225889e-05,1.899999998045132e-05,768
Kyber512,135,2.1830000008549177e-05,2.4999999993724487e-05,2.0899999981338624e-05,768
Kyber512,136,2.127999999856911e-05,2.2069999999985157e-05,1.96599999924274e-05,768
Kyber512,137,2.4739999986422845e-05,2.698000000123102e-05,1.9359999981816145e-05,768
Kyber512,138,2.2699999988162745e-05,2.664999999524298e-05,1.7790000015338592e-05,768
Kyber512,139,2.470999999104606e-05,2.8170000007321505e-05,2.168000000324355e-05,768
Kyber512,140,2.3010000006706832e-05,2.8430000014623147e-05,2.1869999983437083e-05,768
Kyber512,141,2.250000000003638e-05,2.4770000010221338e-05,1.9989999998415442e-05,768
Kyber512,142,2.9159999996863917e-05,2.4340000010170115e-05,1.9460000004301037e-05,768
Kyber512,143,2.0239999997784253e-05,2.2209999997357954e-05,1.653999999007283e-05,768
Kyber512,144,1.8729999993638557e-05,2.2190000009914e-05,1.656000000593849e-05,768
Kyber512,145,2.2059999992052326e-05,2.5960000016311824e-05,1.907999998707055e-05,768
Kyber512,146,2.2150000006604387e-05,2.4410000008856514e-05,1.8310000001520166e-05,768
Kyber512,147,2.0989999995890685e-05,2.3760000004813264e-05,1.833999999689695e-05,768
Kyber512,148,2.038000002357876e-05,2.4260000003550886e-05,1.7829999990226497e-05,768
Kyber512,149,0.00025834999999574393,3.1750000005104084e-05,1.8879999998944186e-05,768
Kyber512,150,4.3739999995295875e-05,2.4260000003550886e-05,4.273999999782063e-05,768
Kyber512,151,2.9058999984954426e-05,2.4808999995684644e-05,4.327999999986787e-05,768
Kyber512,152,7.104899998466863e-05,3.201999999191685e-05,1.8550999982380745e-05,768
Kyber512,153,5.682100001536128e-05,2.4408999991010205e-05,3.626899999176203e-05,768
Kyber512,154,2.4800000005598122e-05,2.5210999979208282e-05,3.975999999283886e-05,768
Kyber512,155,2.616899999452471e-05,2.4599999989050048e-05,4.2690000014999896e-05,768
Kyber512,156,2.8889999981629444e-05,6.0130000008484785e-05,2.6550000001179797e-05,768
Kyber512,157,5.3210000004355607e-05,2.8350000008003917e-05,1.6009999995958424e-05,768
Kyber512,158,1.808999999752814e-05,2.0370000015645928e-05,1.5060000009725627e-05,768
Kyber512,159,1.7379999974309612e-05,2.0239999997784253e-05,1.5600000011772863e-05,768
Kyber512,160,1.7899999988912896e-05,2.0169999999097854e-05,1.4990000011039228e-05,768
Kyber512,161,1.7650000017965795e-05,2.1099999997886698e-05,1.721000000998174e-05,768
Kyber512,162,2.1489999994628306e-05,2.3339999984273163e-05,1.792999998428968e-05,768
Kyber512,163,2.0680000005768306e-05,2.5970000024244655e-05,1.9230000020797888e-05,768
Kyber512,164,2.2970000003397217e-05,3.2979999986082476e-05,1.8789999984392125e-05,768
Kyber512,165,2.162000001248998e-05,2.4150000001554872e-05,1.8399999987650517e-05,768
Kyber512,166,2.0930000005137117e-05,2.3609999999507636e-05,1.7470000017283382e-05,768
Kyber512,167,2.0919999997204286e-05,2.446999999961008e-05,1.7150000019228173e-05,768
Kyber512,168,2.1399999980076245e-05,2.4590000009538926e-05,1.767999998492087e-05,768
Kyber512,169,2.0760000012387536e-05,2.3870000006809278e-05,1.7140000011295342e-05,768
Kyber512,170,1.997999999048261e-05,2.2940000008020434e-05,1.73000000245338e-05,768
Kyber512,171,2.0610000007081908e-05,4.3890000000601503e-05,2.4190000004864487e-05,768
Kyber512,172,2.3920000018051724e-05,2.4319999994304453e-05,1.801000001933062e-05,768
Kyber512,173,2.0940000013069948e-05,2.403999999955886e-05,1.7829999990226497e-05,768
Kyber512,174,2.0250000005717084e-05,2.4239999987685223e-05,1.752000000010412e-05,768
Kyber512,175,1.9919999999729043e-05,2.3210000023254906e-05,1.7329999991488876e-05,768
Kyber512,176,2.0360000007713097e-05,2.3760000004813264e-05,1.7920000004778558e-05,768
Kyber512,177,2.1070000002509914e-05,2.4669999987736446e-05,1.8119999992904923e-05,768
Kyber512,178,2.136000000518834e-05,2.7599999981475776e-05,1.883999999563457e-05,768
Kyber512,179,2.241999999341715e-05,3.497000000152184e-05,2.005999999710184e-05,768
Kyber512,180,2.1559999993314705e-05,2.291999999215477e-05,1.8080000018017017e-05,768
Kyber512,181,2.2359999974241873e-05,2.3529999992888406e-05,1.752000000010412e-05,768
Kyber512,182,2.02900000090267e-05,2.4719999998978892e-05,1.7419999977619227e-05,768
Kyber512,183,1.97999999898002e-05,2.38089999982094e-05,1.8151000006128015e-05,768
Kyber512,184,2.0451000011689757e-05,2.3190000007389244e-05,1.792999998428968e-05,768
Kyber512,185,2.1709999998620333e-05,2.3110000000770015e-05,1.768000001334258e-05,768
Kyber512,186,2.021000000240747e-05,3.563000001349792e-05,1.8620000020064253e-05,768
Kyber512,187,2.2239999992734738e-05,2.5010999991081917e-05,1.752000000010412e-05,768
Kyber512,188,1.966000002084911e-05,2.4031000009472336e-05,1.81110000028184e-05,768
Kyber512,189,2.0610999996506507e-05,2.374000001736931e-05,1.84289999936027e-05,768
Kyber512,190,2.1470999996608953e-05,2.291999999215477e-05,1.7319999983556045e-05,768
Kyber512,191,2.0929000015712518e-05,2.395999999293963e-05,1.7399999990175274e-05,768
Kyber512,192,1.9780000002356246e-05,2.3929999997562845e-05,1.7751000001453576e-05,768
Kyber512,193,2.0309000007046052e-05,2.225099999009217e-05,1.9339999994372192e-05,768
Kyber512,194,2.3951000002853107e-05,2.381100000548031e-05,1.7468999999437074e-05,768
Kyber512,195,2.878000000805514e-05,2.405099999691629e-05,2.5368999985175833e-05,768
Kyber512,196,2.1000000003823516e-05,2.488000001221735e-05,1.7380000002731322e-05,768
Kyber512,197,1.9929999979240165e-05,2.355999998826519e-05,1.8610000012131422e-05,768
Kyber512,198,2.0409999990533834e-05,2.2849999993468373e-05,1.7669999976988038e-05,768
Kyber512,199,2.177999999730673e-05,2.3499999997511622e-05,1.7329999991488876e-05,768
Kyber512,200,1.9759999986490584e-05,2.509999998778767e-05,1.744999997299601e-05,768
Kyber512,201,1.9700000024158726e-05,2.317000001994529e-05,1.7799999994849713e-05,768
Kyber512,202,3.735999999321393e-05,2.6519999977381303e-05,1.7489999976305626e-05,768
Kyber512,203,2.144000001180757e-05,2.340000000344844e-05,1.7250000013291356e-05,768
Kyber512,204,1.9350000002305023e-05,2.478999999766529e-05,1.743999999348489e-05,768
Kyber512,205,1.9679999979871354e-05,2.2699999988162745e-05,1.8129999972416044e-05,768
Kyber512,206,2.0080000012967503e-05,2.2960000023886096e-05,1.7060000004676112e-05,768
Kyber512,207,1.940000001354747e-05,2.322999998227715e-05,1.713000000336251e-05,768
Kyber512,208,1.940999999305859e-05,2.2609999973610684e-05,1.7079999992120065e-05,768
Kyber512,209,1.9029999975828105e-05,2.272999998353953e-05,1.6999999985500835e-05,768
Kyber512,210,1.9390000005614638e-05,2.942000000416556e-05,1.754000001596978e-05,768
Kyber512,211,1.9440000016857084e-05,2.2480000012592427e-05,1.697000001854576e-05,768
Kyber512,212,1.8859999983078524e-05,2.241999999341715e-05,1.6899999991437653e-05,768
Kyber512,213,1.8930000010186632e-05,2.2360000002663583e-05,1.672000001917695e-05,768
Kyber512,214,1.8930000010186632e-05,2.2210000025779664e-05,1.6929999986814437e-05,768
Kyber512,215,1.907000000755943e-05,2.2529999995413164e-05,1.6889999983504822e-05,768
Kyber512,216,1.9350000002305023e-05,2.2480000012592427e-05,1.6829999992751254e-05,768
Kyber512,217,1.931999997850653e-05,2.1970000005921975e-05,1.663000000462489e-05,768
Kyber512,218,3.802000000519001e-05,2.4410000008856514e-05,1.8929999981764922e-05,768
Kyber512,219,2.079999998727544e-05,2.478000001815417e-05,1.842000000351618e-05,768
Kyber512,220,2.256999999872278e-05,2.788000000464308e-05,2.1410000016430786e-05,768
Kyber512,221,2.729999999928623e-05,3.0519999995703984e-05,2.4480000007542912e-05,768
Kyber512,222,2.4359999997614068e-05,2.4919999987105257e-05,2.2120000011227603e-05,768
Kyber512,223,2.460999999698288e-05,2.746999999203581e-05,2.0110000008344286e-05,768
Kyber512,224,2.422000000024127e-05,2.3600000019996514e-05,1.6979999998056883e-05,768
Kyber512,225,2.2288999986130875e-05,3.391999999280415e-05,1.9460000004301037e-05,768
Kyber512,226,2.036999998722422e-05,2.314999997565792e-05,1.6670000007934505e-05,768
Kyber512,227,2.120999999988271e-05,2.2220000005290785e-05,1.6359999989390417e-05,768
Kyber512,228,2.062000001501474e-05,2.2850000021890082e-05,1.8369999992273733e-05,768
Kyber512,229,2.0440000014332327e-05,2.200899999138528e-05,1.6259999995327235e-05,768
Kyber512,230,2.0680000005768306e-05,2.3711000011417127e-05,1.6500000015184924e-05,768
Kyber512,231,1.97290000016892e-05,2.2451000006640243e-05,1.9119999990380165e-05,768
Kyber512,232,1.9839999993109814e-05,2.1788999987393254e-05,1.6348999992032986e-05,768
Kyber512,233,3.53089999975964e-05,2.8899999989562275e-05,1.7589999998790518e-05,768
Kyber512,234,2.0030000001725057e-05,2.4359999997614068e-05,1.8699999998261774e-05,768
Kyber512,235,2.2530999984837763e-05,2.4080000002868474e-05,1.8028999988928263e-05,768
Kyber512,236,2.3119999980281136e-05,2.429099998835227e-05,1.793999999222251e-05,768
Kyber512,237,2.136900002369657e-05,2.6109999993195743e-05,1.8689999990328943e-05,768
Kyber512,238,2.1160000017061975e-05,3.414000002521789e-05,1.946999998381216e-05,768
Kyber512,239,2.1010000011756347e-05,2.4230000008174102e-05,1.9619999989117787e-05,768
Kyber512,240,2.136000000518834e-05,2.372000000150365e-05,2.723000000059983e-05,768
Kyber512,241,2.2540000003345995e-05,2.4489999987054034e-05,1.8970000013496247e-05,768
Kyber512,242,2.7620000025763147e-05,2.5499999992462108e-05,2.046000000177628e-05,768
Kyber512,243,2.6060000010375006e-05,2.7680000016516715e-05,1.947999999174499e-05,768
Kyber512,244,2.1150000009129144e-05,2.6869999999235006e-05,2.021999998191859e-05,768
Kyber512,245,2.0089999992478624e-05,2.4349999989681237e-05,1.989000000435226e-05,768
Kyber512,246,2.0829999982652225e-05,2.4190000004864487e-05,1.8149999988281706e-05,768
Kyber512,247,2.1790000005239563e-05,3.58000000062475e-05,2.105000001506596e-05,768
Kyber512,248,2.232999997886509e-05,7.102999998664927e-05,1.9680000008293064e-05,768
Kyber512,249,2.23300000072868e-05,2.7619999997341438e-05,1.8699999998261774e-05,768
Kyber512,250,2.062999999452586e-05,2.4510000002919696e-05,1.8720000014127436e-05,768
Kyber512,251,2.137000001312117e-05,2.4400000000923683e-05,2.0929999976715408e-05,768
Kyber512,252,2.1499999974139428e-05,2.4520000010852527e-05,1.867000000288499e-05,768
Kyber512,253,2.3060000017949278e-05,2.51799999944069e-05,1.9040000012182645e-05,768
Kyber512,254,2.079999998727544e-05,3.3559999991439327e-05,1.874000000157139e-05,768
Kyber512,255,2.136999998469946e-05,2.5050000004966932e-05,1.9549999990431388e-05,768
Kyber512,256,2.193999998212348e-05,2.5740000012319797e-05,1.9189999989066564e-05,768
Kyber512,257,1.9839999993109814e-05,2.3769999984324386e-05,1.69500000026801e-05,768
Kyber512,258,2.2650000005342008e-05,2.485999999635169e-05,1.8720000014127436e-05,768
Kyber512,259,2.1060000022998793e-05,2.4800000005598122e-05,1.842000000351618e-05,768
Kyber512,260,2.0280000001093867e-05,2.397000000087246e-05,1.8780000004881003e-05,768
Kyber512,261,2.1099999997886698e-05,4.3410000017729544e-05,2.094999999258107e-05,768
Kyber512,262,2.406000001542452e-05,2.446999999961008e-05,1.8049999994218524e-05,768
Kyber512,263,2.0079999984545793e-05,2.4168999999574226e-05,1.8539999985023314e-05,768
Kyber512,264,2.119999999194988e-05,2.324000001863169e-05,1.7219999989492862e-05,768
Kyber512,265,2.113100001110979e-05,2.4968999980501394e-05,1.7810000002782544e-05,768
Kyber512,266,1.9510000015543483e-05,2.420999999230844e-05,1.8449999998892963e-05,768
Kyber512,267,2.2950000015953265e-05,2.5210000018205392e-05,1.8860000011500233e-05,768
Kyber512,268,2.1468999989338045e-05,2.5790999984565133e-05,1.9390999995039238e-05,768
Kyber512,269,2.0360000007713097e-05,3.1349000011005046e-05,1.8820000008190618e-05,768
Kyber512,270,1.9710999993094447e-05,2.395999999293963e-05,1.8730999983063157e-05,768
Kyber512,271,2.1540000005870752e-05,2.469999998311323e-05,1.8528999987665884e-05,768
Kyber512,272,2.0160000019586732e-05,2.4240000016106933e-05,1.8278999988297073e-05,768
Kyber512,273,2.085999997802901e-05,2.5300000004335743e-05,1.9369999989748976e-05,768
Kyber512,274,2.0119999987855408e-05,2.3851000008789924e-05,1.7949000010730742e-05,768
Kyber512,275,2.102899998135399e-05,2.5470999986509923e-05,1.9259999987752963e-05,768
Kyber512,276,1.971999998318097e-05,3.6959999988539494e-05,2.0008999996434795e-05,768
Kyber512,277,2.2508999990122902e-05,2.617999999188214e-05,1.987999999641943e-05,768
Kyber512,278,2.390000000218606e-05,2.6950000005854235e-05,2.0559999995839462e-05,768
Kyber512,279,2.044999999384345e-05,2.412999998568921e-05,1.7899999988912896e-05,768
Kyber512,280,3.2080000011092125e-05,2.390000000218606e-05,1.9579999985808172e-05,768
Kyber512,281,2.046000000177628e-05,2.3790000000190048e-05,1.8250000010766598e-05,768
Kyber512,282,2.039000000308988e-05,2.460999999698288e-05,1.9100000002936213e-05,768
Kyber512,283,2.0400000011022712e-05,2.3599999991574805e-05,1.720000000204891e-05,768
Kyber512,284,2.0419999998466665e-05,3.2080000011092125e-05,1.9449999996368206e-05,768
Kyber512,285,2.260000002252127e-05,2.5170000014895777e-05,1.8360000012762612e-05,768
Kyber512,286,1.9769999994423415e-05,2.3220000002766028e-05,1.865999999495216e-05,768
Kyber512,287,2.1339999989322678e-05,2.43700000055469e-05,1.8119999992904923e-05,768
Kyber512,288,1.9829999985176983e-05,2.4340000010170115e-05,1.8470000014758625e-05,768
Kyber512,289,2.0979999987957854e-05,2.4589999981117217e-05,1.7839999998159328e-05,768
Kyber512,290,2.0089999992478624e-05,2.4170000017420534e-05,1.8729999993638557e-05,768
Kyber512,291,2.0489999997153063e-05,3.897999999935564e-05,2.087000001438355e-05,768
Kyber512,292,2.25799999782339e-05,2.453999999829648e-05,1.8130000000837754e-05,768
Kyber512,293,2.1260000011125157e-05,2.460999999698288e-05,1.9129999998312996e-05,768
Kyber512,294,2.0530000000462678e-05,2.3449999986269177e-05,1.7760000019961808e-05,768
Kyber512,295,2.0919999997204286e-05,2.567999999314452e-05,1.9049999991693767e-05,768
Kyber512,296,1.980999999773303e-05,2.4099999990312426e-05,1.7719999988230484e-05,768
Kyber512,297,2.0909999989271455e-05,2.5139999991097284e-05,2.079000000776432e-05,768
Kyber512,298,2.256999999872278e-05,2.6460000015049445e-05,1.9290000011551456e-05,768
Kyber512,299,2.0259999985228205e-05,3.0299999991711957e-05,1.884000002405628e-05,768
Kyber512,300,2.0400000011022712e-05,2.3870000006809278e-05,1.8690000018750652e-05,768
Kyber512,301,2.7850000009266296e-05,2.5239999985160466e-05,1.7180000014604957e-05,768
Kyber512,302,2.037999999515705e-05,2.412000000617809e-05,2.0080000012967503e-05,768
Kyber512,303,2.094999999258107e-05,2.3499999997511622e-05,1.736999999479849e-05,768
Kyber512,304,2.110899998797322e-05,2.4988999996367056e-05,1.8299999993587335e-05,768
Kyber512,305,1.9691000005650494e-05,2.4429000006875867e-05,1.8471000004183225e-05,768
Kyber512,306,2.054899999848203e-05,3.783099998599937e-05,2.072099999850252e-05,768
Kyber512,307,2.1739999993997117e-05,2.3939999977073967e-05,1.883999999563457e-05,768
Kyber512,308,2.1140000001196313e-05,2.551000000039494e-05,1.915999999368978e-05,768
Kyber512,309,1.8550999982380745e-05,2.38799999863204e-05,1.8639999979086497e-05,768
Kyber512,310,2.1289000017077342e-05,2.422000000024127e-05,1.8240000002833767e-05,768
Kyber512,311,2.02200000103403e-05,2.4420000016789345e-05,1.9059999999626598e-05,768
Kyber512,312,2.1020000019689178e-05,2.3049999981594738e-05,1.7270000000735308e-05,768
Kyber512,313,2.1400000008497955e-05,2.5559999983215675e-05,1.900000000887303e-05,768
Kyber512,314,2.0849999998517887e-05,2.3899999973764352e-05,2.4980000006280534e-05,768
Kyber512,315,2.0890000001827502e-05,2.3920000018051724e-05,1.8280000006143382e-05,768
Kyber512,316,2.087000001438355e-05,2.4800000005598122e-05,1.81800000120802e-05,768
Kyber512,317,1.9689999987804185e-05,2.4359999997614068e-05,1.889999998638814e-05,768
Kyber512,318,2.1239999995259495e-05,2.4750000022777385e-05,1.7170000006672126e-05,768
Kyber512,319,2.0430000006399496e-05,2.4489999987054034e-05,1.9050000020115476e-05,768
Kyber512,320,2.1239999995259495e-05,2.4920000015526966e-05,1.8490000002202578e-05,768
Kyber512,321,2.012999999578824e-05,2.4580000001606095e-05,3.25999999972737e-05,768
Kyber512,322,2.3089999984904352e-05,2.315000000407963e-05,2.7259999995976614e-05,768
Kyber512,323,1.922999999237618e-05,2.1879999991369914e-05,1.5380000007780836e-05,768
Kyber512,324,2.0349999999780266e-05,2.2319999999353968e-05,1.8629999999575375e-05,768
Kyber512,325,2.120000002037159e-05,2.4179999996931656e-05,1.860000000419859e-05,768
Kyber512,326,2.02200000103403e-05,2.412000000617809e-05,1.8780000004881003e-05,768
Kyber512,327,2.1379999992632293e-05,2.5469999997085324e-05,1.8820000008190618e-05,768
Kyber512,328,2.0100000000411455e-05,2.4179999996931656e-05,1.8299999993587335e-05,768
Kyber512,329,2.0839999990585056e-05,2.5469999997085324e-05,3.2559999993964084e-05,768
Kyber512,330,2.1879999991369914e-05,2.4589999981117217e-05,1.883000001612345e-05,768
Kyber512,331,2.1540000005870752e-05,2.4639999992359662e-05,1.793999999222251e-05,768
Kyber512,332,2.0080000012967503e-05,2.347000000213484e-05,1.883000001612345e-05,768
Kyber512,333,2.158999998869149e-05,2.3110000000770015e-05,1.8939999989697753e-05,768
Kyber512,334,2.159999999662432e-05,2.5660000005700567e-05,1.946999998381216e-05,768
Kyber512,335,2.0080000012967503e-05,2.413000001411092e-05,1.76899999928537e-05,768
Kyber512,336,2.0750000004454705e-05,2.543000002219742e-05,3.081999997789353e-05,768
Kyber512,337,2.299000001926288e-05,2.5399999998398926e-05,1.8229999994900936e-05,768
Kyber512,338,2.0900000009760333e-05,2.4250000024039764e-05,1.867000000288499e-05,768
Kyber512,339,2.126999999063628e-05,2.4179999996931656e-05,1.833999999689695e-05,768
Kyber512,340,2.0100000000411455e-05,2.43000000068605e-05,1.8619999991642544e-05,768
Kyber512,341,2.129000000650194e-05,2.4230000008174102e-05,1.8490000002202578e-05,768
Kyber512,342,1.9860000008975476e-05,2.4169999988998825e-05,1.882999998770174e-05,768
Kyber512,343,2.1329999981389847e-05,2.476999998179963e-05,1.76890000034291e-05,768
Kyber512,344,1.9859999980553766e-05,2.372000000150365e-05,1.9049000002269167e-05,768
Kyber512,345,2.982899999892652e-05,2.51109999851451e-05,2.7111000008517294e-05,768
Kyber512,346,2.1970999995346574e-05,2.4479999979121203e-05,1.8069000020659587e-05,768
Kyber512,347,2.0290999998451298e-05,2.405999998700281e-05,1.8678999992971512e-05,768
Kyber512,348,2.1320000001878725e-05,2.463100000227314e-05,1.7788999997492283e-05,768
Kyber512,349,2.0320000004403482e-05,2.452900000093905e-05,1.8731000011484866e-05,768
Kyber512,350,2.1250999992616926e-05,2.51799999944069e-05,1.8231000012747245e-05,768
Kyber512,351,1.958000001422988e-05,2.4340000010170115e-05,3.0779999974583916e-05,768
Kyber512,352,2.291999999215477e-05,2.5050000004966932e-05,1.858999999626576e-05,768
Kyber512,353,2.2269999988111522e-05,2.51799999944069e-05,2.007000000503467e-05,768
Kyber512,354,2.136000000518834e-05,2.4339999981748406e-05,1.8439999990960132e-05,768
Kyber512,355,2.0519999992529847e-05,2.3769999984324386e-05,1.940999999305859e-05,768
Kyber512,356,2.152999999793792e-05,2.4920000015526966e-05,1.8060000002151355e-05,768
Kyber512,357,1.9680000008293064e-05,2.4110000026666967e-05,1.907000000755943e-05,768
Kyber512,358,2.0899999981338624e-05,2.4969999998347703e-05,1.8159999996214538e-05,768
Kyber512,359,2.0190000014963516e-05,2.4749999994355676e-05,4.287999999519343e-05,768
Kyber512,360,2.390000000218606e-05,2.6280000014367033e-05,1.9350000002305023e-05,768
Kyber512,361,1.9629999997050618e-05,2.4279999990994838e-05,1.8390000008139396e-05,768
Kyber512,362,2.111999998533065e-05,2.5890000017625425e-05,1.9339999994372192e-05,768
Kyber512,363,1.9919999999729043e-05,2.502999998910127e-05,1.8330000017385828e-05,768
Kyber512,364,2.160999997613544e-05,2.5649999997767736e-05,1.939999998512576e-05,768
Kyber512,365,2.1480000015117184e-05,3.634000000829474e-05,1.8940000018119463e-05,768
Kyber512,366,2.2129999990738725e-05,3.716000000508757e-05,1.801999999884174e-05,768
Kyber512,367,2.234999999473075e-05,2.5699999980588473e-05,1.891000002274268e-05,768
Kyber512,368,2.1409999988009076e-05,2.4340000010170115e-05,1.794000002064422e-05,768
Kyber512,369,2.0269999993161036e-05,2.421000002073015e-05,2.4650000000292493e-05,768
Kyber512,370,2.1829999980127468e-05,2.469000000360211e-05,1.8049999994218524e-05,768
Kyber512,371,2.0489999997153063e-05,2.487000000428452e-05,1.889999998638814e-05,768
Kyber512,372,2.1790000005239563e-05,2.527999998847008e-05,1.8929999981764922e-05,768
Kyber512,373,2.0439999985910617e-05,2.4669999987736446e-05,1.826999999821055e-05,768
Kyber512,374,2.1260000011125157e-05,3.563999999300904e-05,1.890999999432097e-05,768
Kyber512,375,2.1250000003192326e-05,2.6399999995874168e-05,1.946999998381216e-05,768
Kyber512,376,1.9949999995105827e-05,2.4260000003550886e-05,1.793999999222251e-05,768
Kyber512,377,2.0930000005137117e-05,2.5319999991779696e-05,1.9129999998312996e-05,768
Kyber512,378,2.4168999999574226e-05,2.5660000005700567e-05,1.8040000014707402e-05,768
Kyber512,379,2.0309000007046052e-05,2.411999997775638e-05,1.909100001284969e-05,768
Kyber512,380,2.1289999978080232e-05,2.470999999104606e-05,1.8140000008770585e-05,768
Kyber512,381,3.24599999999009e-05,2.5139999991097284e-05,2.0180000007030685e-05,768
Kyber512,382,2.193999998212348e-05,2.43000000068605e-05,1.7891000027248083e-05,768
Kyber512,383,1.8871000008857663e-05,2.4479999979121203e-05,1.793999999222251e-05,768
Kyber512,384,2.046000000177628e-05,2.4248999977771746e-05,1.906899998971312e-05,768
Kyber512,385,2.1639999999933934e-05,2.4749000004931077e-05,1.817999998365849e-05,768
Kyber512,386,1.9619999989117787e-05,2.4271000000908316e-05,1.897899997516106e-05,768
Kyber512,387,2.1250000003192326e-05,2.5089999979854838e-05,1.8409999995583348e-05,768
Kyber512,388,2.0661000007748953e-05,2.4308999996947023e-05,1.8560000000888977e-05,768
Kyber512,389,2.0819999974719394e-05,3.5260000004200265e-05,1.900000000887303e-05,768
Kyber512,390,2.2759999978916312e-05,2.70799999952942e-05,2.072000000907792e-05,768
Kyber512,391,2.1449000001894092e-05,2.4179999996931656e-05,1.8079999989595308e-05,768
Kyber512,392,2.0510000013018725e-05,2.431000001479333e-05,1.883999999563457e-05,768
Kyber512,393,2.134999999725551e-05,2.4510000002919696e-05,1.8230000023322646e-05,768
Kyber512,394,2.0409999990533834e-05,2.4239999987685223e-05,1.8900000014809848e-05,768
Kyber512,395,2.134999999725551e-05,2.4180000025353365e-05,1.77599999915401e-05,768
Kyber512,396,3.2010000012405726e-05,2.6310000009743817e-05,2.0040000009657888e-05,768
Kyber512,397,2.1399999980076245e-05,2.4260000003550886e-05,1.8460000006825794e-05,768
Kyber512,398,2.1089999989953867e-05,2.4719999998978892e-05,1.9199999996999395e-05,768
Kyber512,399,2.1720000006553164e-05,2.487000000428452e-05,1.7830000018648207e-05,768
Kyber512,400,2.012999999578824e-05,2.4319999994304453e-05,1.8699999998261774e-05,768
Kyber512,401,2.2069999999985157e-05,2.6280000014367033e-05,1.9800000018221908e-05,768
Kyber512,402,2.0740000024943583e-05,2.398000000880529e-05,1.8150000016703416e-05,768
Kyber512,403,2.1140000001196313e-05,2.5870000001759763e-05,1.9359999981816145e-05,768
Kyber512,404,0.00012503000002084264,3.155999999648884e-05,1.8299999993587335e-05,768
Kyber512,405,2.0530000000462678e-05,2.4330000002237284e-05,1.8929999981764922e-05,768
Kyber512,406,2.1669999995310718e-05,2.4510000002919696e-05,1.8640000007508206e-05,768
Kyber512,407,2.0239999997784253e-05,2.4239999987685223e-05,1.8970000013496247e-05,768
Kyber512,408,5.5149999980130815e-05,2.6389999987941337e-05,1.875999998901534e-05,768
Kyber512,409,4.128000000491738e-05,2.7090000003227033e-05,1.8390000008139396e-05,768
Kyber512,410,2.105000001506596e-05,2.446999999961008e-05,1.8949999997630584e-05,768
Kyber512,411,2.151999999000509e-05,2.453999999829648e-05,1.7410000026529815e-05,768
Kyber512,412,2.005999999710184e-05,2.642000001173983e-05,1.9769999994423415e-05,768
Kyber512,413,2.0080000012967503e-05,2.477999998973246e-05,1.8290000014076213e-05,768
Kyber512,414,2.144000001180757e-05,2.535000001557819e-05,1.930999999899541e-05,768
Kyber512,415,2.1320000001878725e-05,2.4330000002237284e-05,1.835000000482978e-05,768
Kyber512,416,2.0879000004470072e-05,2.4628999995002232e-05,1.875099999892882e-05,768
Kyber512,417,3.2160000017711354e-05,2.533999997922365e-05,1.9520000023476314e-05,768
Kyber512,418,2.15200000184268e-05,2.438100000290433e-05,1.8389999979717686e-05,768
Kyber512,419,2.0660000018324354e-05,2.4599999989050048e-05,4.3239999996558254e-05,768
Kyber512,420,3.0858999991778546e-05,2.625999999850137e-05,1.9631000014896927e-05,768
Kyber512,421,2.0691000003125737e-05,2.3670999979685803e-05,1.779100000476319e-05,768
Kyber512,422,2.1570999990672135e-05,2.5380000010954973e-05,1.9430999998348852e-05,768
Kyber512,423,2.1150999998553743e-05,3.745099999719059e-05,1.840899997773704e-05,768
Kyber512,424,2.2240000021156447e-05,2.6268999988587893e-05,1.9449999996368206e-05,768
Kyber512,425,2.1260000011125157e-05,2.4069999994935642e-05,1.8040000014707402e-05,768
Kyber512,426,2.137100000254577e-05,2.510899997787419e-05,1.908000001549226e-05,768
Kyber512,427,2.1539999977449042e-05,2.4709000001621462e-05,1.8011000008755218e-05,768
Kyber512,428,2.086899999653724e-05,2.4560000014162142e-05,1.8729999993638557e-05,768
Kyber512,429,2.1949999990056313e-05,2.4719999998978892e-05,1.851999999757936e-05,768
Kyber512,430,2.046000000177628e-05,2.4679999995669277e-05,1.9420000000991422e-05,768
Kyber512,431,2.143999998338586e-05,3.148999999780244e-05,1.9610000009606665e-05,768
Kyber512,432,2.2049999984119495e-05,2.4679999995669277e-05,1.865999999495216e-05,768
Kyber512,433,2.0339999991847435e-05,2.43000000068605e-05,1.8810000000257787e-05,768
Kyber512,434,2.1340000017744387e-05,2.412000000617809e-05,1.8490000002202578e-05,768
Kyber512,435,2.069999999321226e-05,2.428999999892767e-05,1.9509999987121773e-05,768
Kyber512,436,2.1330000009811556e-05,2.5139999991097284e-05,1.8140000008770585e-05,768
Kyber512,437,2.0000000006348273e-05,2.463000001284854e-05,1.8729999993638557e-05,768
Kyber512,438,2.1550000013803583e-05,3.85799999946812e-05,2.1099999997886698e-05,768
Kyber512,439,2.0969999980025023e-05,2.5149999999030115e-05,1.8710000006194605e-05,768
Kyber512,440,2.1250000003192326e-05,2.551000000039494e-05,1.973000001953551e-05,768
Kyber512,441,2.0149999983232192e-05,2.4719999998978892e-05,1.8540000013445024e-05,768
Kyber512,442,2.09600000005139e-05,2.6219999995191756e-05,1.9220000012865057e-05,768
Kyber512,443,2.071000000114509e-05,2.412000000617809e-05,1.8399999987650517e-05,768
Kyber512,444,2.0669999997835475e-05,2.5910000005069378e-05,1.965000001291628e-05,768
Kyber512,445,2.0489999997153063e-05,2.4340000010170115e-05,1.824999998234489e-05,768
Kyber512,446,2.105000001506596e-05,3.141000001960492e-05,1.931999997850653e-05,768
Kyber512,447,2.1550000013803583e-05,2.4429999996300467e-05,2.4719999998978892e-05,768
Kyber512,448,2.0500000005085894e-05,2.496000001883658e-05,1.8629999999575375e-05,768
Kyber512,449,2.151999999000509e-05,2.5499999992462108e-05,1.9509999987121773e-05,768
Kyber512,450,2.9240000003483146e-05,2.617000001237102e-05,1.96599999924274e-05,768
Kyber512,451,1.9960000003038658e-05,2.478999999766529e-05,1.8690000018750652e-05,768
Kyber512,452,2.101999999126747e-05,2.471000001946777e-05,1.9050000020115476e-05,768
Kyber512,453,3.309999999601132e-05,2.5300000004335743e-05,1.858999999626576e-05,768
Kyber512,454,2.1809999992683515e-05,2.5320000020201405e-05,1.917000000162261e-05,768
Kyber512,455,2.105000001506596e-05,2.446999999961008e-05,1.7960000008088173e-05,768
Kyber512,456,2.0648999992545214e-05,2.494000000297092e-05,1.8879999998944186e-05,768
Kyber512,457,2.1979999985433096e-05,2.551999997990606e-05,1.8050999983643123e-05,768
Kyber512,458,2.0479999989220232e-05,2.4581000019452404e-05,1.9460000004301037e-05,768
Kyber512,459,2.1650000007866765e-05,2.5688999983231042e-05,1.9220000012865057e-05,768
Kyber512,460,2.0159999991165023e-05,2.4800000005598122e-05,1.84999999817137e-05,768
Kyber512,461,2.8580000019928775e-05,2.5210999979208282e-05,1.89200000022538e-05,768
Kyber512,462,2.1720000006553164e-05,2.527099999838356e-05,1.89200000022538e-05,768
Kyber512,463,1.966000002084911e-05,2.380000000812288e-05,1.907999998707055e-05,768
Kyber512,464,2.1169999996573097e-05,2.569000000107735e-05,1.9219999984443348e-05,768
Kyber512,465,2.054000000839551e-05,2.431000001479333e-05,1.817999998365849e-05,768
Kyber512,466,2.0900000009760333e-05,2.561000002287983e-05,1.9530999992412035e-05,768
Kyber512,467,1.998000001890432e-05,2.4429999996300467e-05,1.8049999994218524e-05,768
Kyber512,468,3.39000000053602e-05,3.219999999259926e-05,2.0729999988589043e-05,768
Kyber512,469,2.1379999992632293e-05,2.4190000004864487e-05,1.817000000414737e-05,768
Kyber512,470,2.0890000001827502e-05,2.5660000005700567e-05,1.925000000824184e-05,768
Kyber512,471,2.218000000198117e-05,2.551000000039494e-05,1.9290000011551456e-05,768
Kyber512,472,2.0329999983914604e-05,2.4179999996931656e-05,1.9539999982498557e-05,768
Kyber512,473,2.021999998191859e-05,2.5089999979854838e-05,1.786000001402499e-05,768
Kyber512,474,2.1080000010442745e-05,2.543000002219742e-05,1.917000000162261e-05,768
Kyber512,475,2.103999997871142e-05,2.4410000008856514e-05,1.8850000003567402e-05,768
Kyber512,476,3.050000000826003e-05,2.496000001883658e-05,1.9299999991062577e-05,768
Kyber512,477,2.0409999990533834e-05,2.3209999994833197e-05,1.8549999992956145e-05,768
Kyber512,478,2.1400000008497955e-05,2.444999998374442e-05,1.679000001786335e-05,768
Kyber512,479,2.0890000001827502e-05,2.5500000020883817e-05,1.914999998575695e-05,768
Kyber512,480,2.007000000503467e-05,2.4259999975129176e-05,1.8219999986968105e-05,768
Kyber512,481,2.1129999993263482e-05,2.405999998700281e-05,1.7020000001366498e-05,768
Kyber512,482,2.101999999126747e-05,2.4919999987105257e-05,1.7570000011346565e-05,768
Kyber512,483,3.125000000636646e-05,2.7270000003909445e-05,1.9439999988435375e-05,768
Kyber512,484,1.9529999974565726e-05,2.4419999988367636e-05,1.8860000011500233e-05,768
Kyber512,485,2.0259999985228205e-05,2.2800000010647636e-05,1.8560000000888977e-05,768
Kyber512,486,2.1970000005921975e-05,2.453999999829648e-05,1.5609999991283985e-05,768
Kyber512,487,1.982000000566586e-05,2.4730000006911723e-05,1.6899999991437653e-05,768
Kyber512,488,2.1300000014434772e-05,2.5620000002390952e-05,1.915000001417866e-05,768
Kyber512,489,1.932000000692824e-05,2.3870000006809278e-05,1.9100000002936213e-05,768
Kyber512,490,2.144999999131869e-05,2.4339999981748406e-05,1.8231000012747245e-05,768
Kyber512,491,2.0571000021618602e-05,3.296099998806312e-05,1.7920000004778558e-05,768
Kyber512,492,2.1099999997886698e-05,2.4570000022094973e-05,2.7700000003960668e-05,768
Kyber512,493,2.1709999998620333e-05,2.420999999230844e-05,1.8889999978455307e-05,768
Kyber512,494,2.1330000009811556e-05,2.5649000008343137e-05,1.866900001346039e-05,768
Kyber512,495,1.9909000002371613e-05,2.3951000002853107e-05,1.8229000005476337e-05,768
Kyber512,496,2.094900000315647e-05,2.5311000001693174e-05,1.858900000684116e-05,768
Kyber512,497,2.3199999986900366e-05,2.487099999370912e-05,1.875099999892882e-05,768
Kyber512,498,3.3549999983506495e-05,2.511999997523162e-05,1.9670000000360233e-05,768
Kyber512,499,2.0119999987855408e-05,2.3751000014726742e-05,1.891100001216728e-05,768
Kyber768,0,2.9720000014776815e-05,3.5099999990961805e-05,2.6969999993298188e-05,1088
Kyber768,1,2.9879999999593565e-05,3.490000000283544e-05,2.6350000013053432e-05,1088
Kyber768,2,2.9970000014145626e-05,3.6149999999679494e-05,2.6439999999183783e-05,1088
Kyber768,3,2.9810000000907166e-05,4.908999997610408e-05,3.140999999118321e-05,1088
Kyber768,4,3.270000001975859e-05,3.3619999982192894e-05,2.5779999987207702e-05,1088
Kyber768,5,2.9620000020713633e-05,3.437999998823216e-05,2.6550000001179797e-05,1088
Kyber768,6,3.1579999983932794e-05,3.481999999621621e-05,2.9780000005530383e-05,1088
Kyber768,7,3.1519999993179226e-05,3.559999998969943e-05,2.9329999989613498e-05,1088
Kyber768,8,3.20399999793608e-05,3.913000000466127e-05,2.854000001661916e-05,1088
Kyber768,9,5.019999997557534e-05,3.7789999993265155e-05,2.5880000009692594e-05,1088
Kyber768,10,2.9530000006161572e-05,3.293000000326174e-05,2.6840000003858222e-05,1088
Kyber768,11,3.140999999118321e-05,3.596999999899708e-05,2.5789999995140533e-05,1088
Kyber768,12,3.1679999977995976e-05,3.496000002201072e-05,2.616000000443819e-05,1088
Kyber768,13,3.401100002520252e-05,4.688100000294071e-05,2.9320000010102376e-05,1088
Kyber768,14,3.229000000715132e-05,3.616999998712345e-05,2.6770000005171823e-05,1088
Kyber768,15,3.0451000014863894e-05,3.773999998202271e-05,2.706000000785025e-05,1088
Kyber768,16,3.0291000001625434e-05,3.5328999985040355e-05,2.813099999343649e-05,1088
Kyber768,17,3.227999999921849e-05,3.521099998238242e-05,2.6859999991302175e-05,1088
Kyber768,18,3.114000000437045e-05,3.498000000945467e-05,2.8030000009948708e-05,1088
Kyber768,19,3.883100001189632e-05,3.678000001627879e-05,3.058000001487926e-05,1088
Kyber768,20,3.041100001155428e-05,3.545999999232663e-05,2.739999999334941e-05,1088
Kyber768,21,3.0189000000291344e-05,3.5989999986441035e-05,2.7280000011842276e-05,1088
Kyber768,22,3.13699999878736e-05,3.7629999980026696e-05,2.675000001772787e-05,1088
Kyber768,23,3.0949999995755206e-05,3.4449999986918556e-05,3.5089999983028974e-05,1088
Kyber768,24,3.286000000457534e-05,3.5919999987754636e-05,2.9470000015408004e-05,1088
Kyber768,25,3.173999999717125e-05,3.4859999999525826e-05,2.7750000015203113e-05,1088
Kyber768,26,3.0229999993025558e-05,9.287000000313128e-05,3.213000002233457e-05,1088
Kyber768,27,3.205999999522646e-05,3.430999998954576e-05,2.8799999995499093e-05,1088
Kyber768,28,3.09100000208673e-05,0.0001913400000148613,0.00023476000001210195,1088
Kyber768,29,0.00011265000000548753,5.705000000943983e-05,3.557000002274435e-05,1088
Kyber768,30,3.9499999985537215e-05,4.241999999976542e-05,3.1919999997853665e-05,1088
Kyber768,31,3.481999999621621e-05,3.944999997429477e-05,3.1180000007680064e-05,1088
Kyber768,32,3.523000000882348e-05,7.03700000030949e-05,3.408000000604261e-05,1088
Kyber768,33,3.760000001307162e-05,5.290899997589804e-05,2.9159999996863917e-05,1088
Kyber768,34,3.2899999979463246e-05,3.793099998006255e-05,3.094900000633061e-05,1088
Kyber768,35,3.270999999926971e-05,3.734000000576998e-05,2.959999997642626e-05,1088
Kyber768,36,3.131999997663115e-05,5.251100000691622e-05,2.7488999990055163e-05,1088
Kyber768,37,3.138900001431466e-05,3.5760000002937886e-05,4.558899999551613e-05,1088
Kyber768,38,3.0608999992409736e-05,3.613100000166014e-05,2.761900000791684e-05,1088
Kyber768,39,3.015999999433916e-05,3.6290000025474e-05,2.788000000464308e-05,1088
Kyber768,40,3.0860999999049454e-05,3.7539999993896345e-05,2.8000000014571924e-05,1088
Kyber768,41,3.0940000016244085e-05,3.6479000016242935e-05,2.8799999995499093e-05,1088
Kyber768,42,3.100000000699765e-05,3.595999999106425e-05,2.9159999996863917e-05,1088
Kyber768,43,3.2169999997222476e-05,4.457000000002154e-05,2.7939999995396647e-05,1088
Kyber768,44,3.0139999978473497e-05,3.4209999995482576e-05,2.716000000191343e-05,1088
Kyber768,45,2.9960000006212795e-05,3.4929999998212224e-05,2.6619999999866195e-05,1088
Kyber768,46,2.9570000009471187e-05,3.431999999747859e-05,2.835999998751504e-05,1088
Kyber768,47,2.9540000014094403e-05,3.4450000015340265e-05,2.632999999718777e-05,1088
Kyber768,48,3.169999999386164e-05,3.4190000008038623e-05,2.9320000010102376e-05,1088
Kyber768,49,3.197000000909611e-05,3.408000000604261e-05,2.9039999986935072e-05,1088
Kyber768,50,3.0610000010256044e-05,3.366999999343534e-05,2.7129999978114938e-05,1088
Kyber768,51,2.985000000421678e-05,3.4499999998161e-05,2.7520000003278255e-05,1088
Kyber768,52,2.984000002470566e-05,3.418000000010579e-05,2.781000000595668e-05,1088
Kyber768,53,3.098999999906482e-05,3.47099999942202e-05,3.6080000000993095e-05,1088
Kyber768,54,2.982999998835112e-05,3.441999999154177e-05,2.6689999998552594e-05,1088
Kyber768,55,2.976000001808643e-05,3.4440000007407434e-05,2.6610000020355074e-05,1088
Kyber768,56,3.0769999995072794e-05,3.5420000017438724e-05,2.6710000014418256e-05,1088
Kyber768,57,2.942000000416556e-05,3.4849999991592995e-05,2.745999998410298e-05,1088
Kyber768,58,2.8149999991455843e-05,4.726000000232489e-05,2.5389999990466094e-05,1088
Kyber768,59,2.983999999628395e-05,3.033000001551045e-05,2.276000000733802e-05,1088
Kyber768,60,2.7179999989357384e-05,3.4120000009352225e-05,2.6600000012422242e-05,1088
Kyber768,61,3.073100000960949e-05,3.624900000431808e-05,2.845999998157822e-05,1088
Kyber768,62,3.097100000104547e-05,3.693100001100902e-05,2.7600000009897485e-05,1088
Kyber768,63,3.0359000021462634e-05,3.7949000017079015e-05,2.7268999986063136e-05,1088
Kyber768,64,3.375999997956569e-05,3.7791000011111464e-05,2.953099999558617e-05,1088
Kyber768,65,3.060000000232321e-05,3.4360000000788204e-05,2.8768999982276e-05,1088
Kyber768,66,3.2169999997222476e-05,3.80500000005668e-05,2.943999999160951e-05,1088
Kyber768,67,3.1829999983301605e-05,3.771999999457876e-05,2.8570000011995944e-05,1088
Kyber768,68,2.9869999991660734e-05,5.2310000000943546e-05,2.7829999993400634e-05,1088
Kyber768,69,3.071000000431923e-05,3.931000000534368e-05,2.9149999988931086e-05,1088
Kyber768,70,2.942000000416556e-05,3.559999998969943e-05,2.7169999981424553e-05,1088
Kyber768,71,3.399999999942338e-05,3.64699999977347e-05,2.7250000016465492e-05,1088
Kyber768,72,3.293999998277286e-05,3.4929999998212224e-05,2.609999998526291e-05,1088
Kyber768,73,3.269000001182576e-05,3.512999998633859e-05,2.8240000006007904e-05,1088
Kyber768,74,3.164000000310807e-05,4.829000002359862e-05,2.7940000023818357e-05,1088
Kyber768,75,3.0610000010256044e-05,3.547000000025946e-05,2.8069999984836613e-05,1088
Kyber768,76,2.9899999987037518e-05,3.5019999984342576e-05,2.804999999739266e-05,1088
Kyber768,77,3.137999999580643e-05,3.5679999996318656e-05,2.6129999980639695e-05,1088
Kyber768,78,2.9320000010102376e-05,3.676000000041313e-05,4.1050000021414235e-05,1088
Kyber768,79,3.293999998277286e-05,3.1019999994441605e-05,2.331999999682921e-05,1088
Kyber768,80,2.7759999994714235e-05,3.5930000024109177e-05,2.9369999992923113e-05,1088
Kyber768,81,3.3389999998689746e-05,3.628000001754117e-05,2.786999999671025e-05,1088
Kyber768,82,2.9979999993656747e-05,3.5179999997581035e-05,2.6599999984000533e-05,1088
Kyber768,83,2.9149999988931086e-05,3.4200000015971455e-05,2.6859999991302175e-05,1088
Kyber768,84,3.0289999983779126e-05,3.670000000965956e-05,3.6628999993126854e-05,1088
Kyber768,85,3.15800000123545e-05,3.565000000094187e-05,2.7200000005223046e-05,1088
Kyber768,86,2.9819999980418288e-05,3.451000000609383e-05,2.700000001709668e-05,1088
Kyber768,87,3.0168999984425682e-05,3.5600000018121136e-05,2.779999999802385e-05,1088
Kyber768,88,3.184899998132096e-05,3.5739999987072224e-05,2.818900000534086e-05,1088
Kyber768,89,4.2440000015631085e-05,3.628900000762769e-05,3.420900000605798e-05,1088
Kyber768,90,2.9460000007475173e-05,3.3779999995431353e-05,2.5800000003073364e-05,1088
Kyber768,91,3.0019999996966362e-05,3.408000000604261e-05,2.6920000010477452e-05,1088
Kyber768,92,3.09110000102919e-05,3.5008999986985145e-05,2.7269999975487735e-05,1088
Kyber768,93,2.943000001209839e-05,3.441999999154177e-05,2.6619999999866195e-05,1088
Kyber768,94,2.999000000158958e-05,3.5520000011501907e-05,2.7040000020406296e-05,1088
Kyber768,95,3.88599999894268e-05,3.580999998575862e-05,2.8240000006007904e-05,1088
Kyber768,96,3.098999999906482e-05,3.4110000001419394e-05,2.6969999993298188e-05,1088
Kyber768,97,3.0199999997648774e-05,3.487000000745866e-05,2.878000000805514e-05,1088
Kyber768,98,3.0679999980520734e-05,3.5109999998894637e-05,2.6529999985314134e-05,1088
Kyber768,99,2.9320000010102376e-05,4.8560000010411386e-05,2.78899999841542e-05,1088
Kyber768,100,2.969000001940003e-05,4.762999998320083e-05,2.772000001982633e-05,1088
Kyber768,101,3.168999998592881e-05,3.530000000750988e-05,2.5300000004335743e-05,1088
Kyber768,102,4.39200000244e-05,3.4499999998161e-05,2.599999999119973e-05,1088
Kyber768,103,2.878999998756626e-05,3.486999997903695e-05,2.6559999980690918e-05,1088
Kyber768,104,2.9580000017404018e-05,3.523000000882348e-05,2.7329999994663012e-05,1088
Kyber768,105,2.878999998756626e-05,4.4889999998076746e-05,2.84500000020671e-05,1088
Kyber768,106,3.04900000003272e-05,3.548000000819229e-05,2.6550000001179797e-05,1088
Kyber768,107,5.325999998717634e-05,3.602000001023953e-05,2.7780000010579897e-05,1088
Kyber768,108,2.951000001871762e-05,3.441999999154177e-05,2.5879999981270885e-05,1088
Kyber768,109,4.712000000495209e-05,4.827999998724408e-05,2.8670000006059126e-05,1088
Kyber768,110,3.067000000100961e-05,3.5009999976409745e-05,2.8099999980213397e-05,1088
Kyber768,111,3.0100000003585592e-05,3.528899998173074e-05,2.651100001571649e-05,1088
Kyber768,112,2.895099999022932e-05,3.418000000010579e-05,2.7920000007952694e-05,1088
Kyber768,113,4.289000000312626e-05,3.5109999998894637e-05,2.821999999014224e-05,1088
Kyber768,114,2.9819999980418288e-05,3.426000000672502e-05,2.7328999976816704e-05,1088
Kyber768,115,3.641999998649226e-05,3.587999998444502e-05,2.706000000785025e-05,1088
Kyber768,116,2.9950999987704563e-05,3.455099999882805e-05,2.649999998993735e-05,1088
Kyber768,117,2.9380000000855944e-05,3.3969000014622e-05,2.7590000001964654e-05,1088
Kyber768,118,3.1440000014981706e-05,3.528999999957705e-05,2.7219999992667e-05,1088
Kyber768,119,2.920000000017353e-05,3.47109999836448e-05,3.8840000001982844e-05,1088
Kyber768,120,2.9810999990331766e-05,3.359899997690263e-05,2.575999999976375e-05,1088
Kyber768,121,2.9780000005530383e-05,3.380999999080814e-05,2.5390000018887804e-05,1088
Kyber768,122,2.957999998898231e-05,3.483000000414904e-05,2.804999999739266e-05,1088
Kyber768,123,2.9619999992291923e-05,3.481999999621621e-05,2.70799999952942e-05,1088
Kyber768,124,2.8969999988248674e-05,3.5520000011501907e-05,2.7930000015885525e-05,1088
Kyber768,125,3.0049999992343146e-05,3.4499999998161e-05,3.394000000866981e-05,1088
Kyber768,126,2.9799999992974335e-05,3.342000002248824e-05,2.4589999981117217e-05,1088
Kyber768,127,2.8670000006059126e-05,3.408999998555373e-05,2.561000002287983e-05,1088
Kyber768,128,2.9010000019979998e-05,3.480000000877226e-05,2.7979999998706262e-05,1088
Kyber768,129,3.1110000008993666e-05,0.0001377499999932752,4.2839999991883815e-05,1088
Kyber768,130,3.773999998202271e-05,3.578999999831467e-05,2.79599999828406e-05,1088
Kyber768,131,3.211999998598003e-05,3.555999998638981e-05,2.625999999850137e-05,1088
Kyber768,132,2.870000000143591e-05,3.4859999999525826e-05,2.771999999140462e-05,1088
Kyber768,133,3.1589999991865625e-05,3.5109999998894637e-05,2.6789999992615776e-05,1088
Kyber768,134,2.9710000006843984e-05,3.472999998166415e-05,2.7509999995345424e-05,1088
Kyber768,135,3.9509999993470046e-05,3.516000001013708e-05,2.6970000021719898e-05,1088
Kyber768,136,2.942999998367668e-05,3.431999999747859e-05,2.666999998268693e-05,1088
Kyber768,137,3.000000000952241e-05,3.5830000001624285e-05,2.7189999997290215e-05,1088
Kyber768,138,2.9630000000224754e-05,3.544000000488268e-05,2.8071000002682922e-05,1088
Kyber768,139,3.083100000367267e-05,3.532000002337554e-05,3.875099997685538e-05,1088
Kyber768,140,3.163099998459984e-05,3.4951000003502486e-05,2.830000002518318e-05,1088
Kyber768,141,3.0449999997017585e-05,3.388999999742737e-05,2.592000001300221e-05,1088
Kyber768,142,2.9119999993554302e-05,3.4870999996883256e-05,2.6679999990619763e-05,1088
Kyber768,143,2.9890999996950995e-05,3.535999999826345e-05,2.7759999994714235e-05,1088
Kyber768,144,2.9979999993656747e-05,3.493100001605853e-05,2.7840000001333465e-05,1088
Kyber768,145,2.9049999994867903e-05,3.676999997992425e-05,3.34799999848201e-05,1088
Kyber768,146,3.0039999984410315e-05,3.4699999986287366e-05,2.6848999993944744e-05,1088
Kyber768,147,3.114900002287868e-05,3.512899999691399e-05,2.9119999993554302e-05,1088
Kyber768,148,2.966900001410977e-05,3.373999999212174e-05,2.6540000021668675e-05,1088
Kyber768,149,3.00699999797871e-05,3.518999997709216e-05,2.6380000008430216e-05,1088
Kyber768,150,2.9979999993656747e-05,4.493999998089748e-05,2.7979999998706262e-05,1088
Kyber768,151,3.2330000010460935e-05,3.531999999495383e-05,2.6719999993929378e-05,1088
Kyber768,152,2.984000002470566e-05,0.00025392000000579174,7.833000000800894e-05,1088
Kyber768,153,8.691000002158944e-05,9.403000001384498e-05,3.333000000793618e-05,1088
Kyber768,154,3.947999999809326e-05,3.774999998995554e-05,2.796999999077343e-05,1088
Kyber768,155,3.076000001556167e-05,3.801000002567889e-05,5.256999997982348e-05,1088
Kyber768,156,6.765000000541477e-05,3.9590000000089276e-05,2.7619999997341438e-05,1088
Kyber768,157,2.868999999350308e-05,4.2270000022881504e-05,2.8190000023187167e-05,1088
Kyber768,158,3.222000000846492e-05,3.657999999973072e-05,2.8909999997495106e-05,1088
Kyber768,159,3.2330000010460935e-05,3.670999998917068e-05,2.7840000001333465e-05,1088
Kyber768,160,3.0219999985092727e-05,3.5999999994373866e-05,2.8810000003431924e-05,1088
Kyber768,161,3.116999999974723e-05,3.5660000008874704e-05,2.7258999978130305e-05,1088
Kyber768,162,2.8350999997428517e-05,4.452900000728732e-05,2.724000000853266e-05,1088
Kyber768,163,3.0210999995006205e-05,3.4499999998161e-05,2.7519999974856546e-05,1088
Kyber768,164,2.904100000478138e-05,3.44299999994746e-05,2.650999999787018e-05,1088
Kyber768,165,2.920000000017353e-05,3.55199999830802e-05,2.681999998799256e-05,1088
Kyber768,166,2.9459999979053464e-05,5.414000000314445e-05,2.8600000007372728e-05,1088
Kyber768,167,3.075099999705344e-05,3.352000001655142e-05,2.714000001446948e-05,1088
Kyber768,168,2.9810000000907166e-05,3.4499999998161e-05,2.813000000401189e-05,1088
Kyber768,169,3.0359999982465524e-05,3.4610000000157015e-05,2.6779999984682945e-05,1088
Kyber768,170,2.9619999992291923e-05,3.531999999495383e-05,2.681999998799256e-05,1088
Kyber768,171,2.9650000016090416e-05,3.515000000220425e-05,2.9310000002169545e-05,1088
Kyber768,172,2.9780000005530383e-05,3.449000001864988e-05,0.0002237699999909637,1088
Kyber768,173,0.00012057000000709195,0.0001129900000194084,3.584999998906824e-05,1088
Kyber768,174,3.440000000409782e-05,3.6479999977245825e-05,2.9049999994867903e-05,1088
Kyber768,175,3.1179999979258355e-05,3.560999999763226e-05,2.8109999988146228e-05,1088
Kyber768,176,3.180000001634653e-05,3.549000001612512e-05,2.6810000008481438e-05,1088
Kyber768,177,2.895000000080472e-05,3.3480000013241806e-05,2.843999999413427e-05,1088
Kyber768,178,3.169999999386164e-05,3.5099999990961805e-05,2.6759999997238992e-05,1088
Kyber768,179,2.8750000012678356e-05,3.424999999879219e-05,2.657999999655658e-05,1088
Kyber768,180,3.0430000009573632e-05,5.040000002054512e-05,2.763000000527427e-05,1088
Kyber768,181,2.943000001209839e-05,3.4690000006776245e-05,2.7430000017147904e-05,1088
Kyber768,182,2.9719999986355106e-05,3.4050000010665826e-05,2.657999999655658e-05,1088
Kyber768,183,4.5779999993555975e-05,3.710999999384512e-05,2.7520000003278255e-05,1088
Kyber768,184,2.960000000484797e-05,3.4519999985604954e-05,2.70799999952942e-05,1088
Kyber768,185,2.943999999160951e-05,3.218000000515531e-05,2.4158999991641394e-05,1088
Kyber768,186,3.367100001128165e-05,3.439099998558959e-05,2.892900002393617e-05,1088
Kyber768,187,3.2251000021688014e-05,3.537099999562088e-05,2.8399999990824654e-05,1088
Kyber768,188,3.058000001487926e-05,3.571000002011715e-05,2.6840000003858222e-05,1088
Kyber768,189,2.975999998966472e-05,3.511999997840576e-05,2.7840000001333465e-05,1088
Kyber768,190,2.9659999995601538e-05,3.491999999027939e-05,3.7791000011111464e-05,1088
Kyber768,191,3.0469999984461538e-05,3.4269999986236144e-05,2.574999999183092e-05,1088
Kyber768,192,2.9329999989613498e-05,3.424999999879219e-05,2.6149999996505358e-05,1088
Kyber768,193,2.895000000080472e-05,3.4120000009352225e-05,4.9209999986032926e-05,1088
Kyber768,194,3.241999999659129e-05,3.504999997971936e-05,2.6929999989988573e-05,1088
Kyber768,195,3.0060000000275977e-05,3.496000002201072e-05,2.713999998604777e-05,1088
Kyber768,196,3.007999998771993e-05,3.416000001266184e-05,2.7049999999917418e-05,1088
Kyber768,197,2.9710000006843984e-05,3.541000000950589e-05,2.7020000004540634e-05,1088
Kyber768,198,2.985000000421678e-05,5.1799999994273094e-05,2.6700000006485425e-05,1088
Kyber768,199,3.0930000008311254e-05,3.59400000036203e-05,2.6779999984682945e-05,1088
Kyber768,200,2.9890000007526396e-05,3.4120000009352225e-05,2.863000000274951e-05,1088
Kyber768,201,4.621000002202891e-05,3.627999998911946e-05,2.895000000080472e-05,1088
Kyber768,202,3.0309999999644788e-05,3.474999999752981e-05,2.688999998667896e-05,1088
Kyber768,203,3.0100000003585592e-05,3.515000000220425e-05,4.034999997770683e-05,1088
Kyber768,204,3.2889999999952124e-05,3.5090000011450684e-05,2.697999997280931e-05,1088
Kyber768,205,2.920000000017353e-05,3.4360000000788204e-05,2.6719999993929378e-05,1088
Kyber768,206,2.8889999981629444e-05,3.57300000075611e-05,2.7329999994663012e-05,1088
Kyber768,207,2.9119999993554302e-05,3.481999999621621e-05,2.705999997942854e-05,1088
Kyber768,208,2.9209999979684653e-05,3.3970000004046597e-05,2.699000000916385e-05,1088
Kyber768,209,2.9609999984359092e-05,3.494999998565618e-05,2.731000000721906e-05,1088
Kyber768,210,2.9218999998192885e-05,3.4360000000788204e-05,2.706899999793677e-05,1088
Kyber768,211,3.090000001293447e-05,4.321000000118147e-05,2.9049999994867903e-05,1088
Kyber768,212,3.103999998188556e-05,3.5109999998894637e-05,2.6789000003191177e-05,1088
Kyber768,213,2.9140000009419964e-05,3.407100001595609e-05,2.7008999978761494e-05,1088
Kyber768,214,2.927100001670624e-05,0.00013758000000052562,3.582000002211316e-05,1088
Kyber768,215,3.613000001223554e-05,3.442000001996348e-05,2.7529999982789377e-05,1088
Kyber768,216,2.8948999982958412e-05,3.3631000007972034e-05,2.62709999958588e-05,1088
Kyber768,217,3.110899999114736e-05,3.429899999218833e-05,2.6549999972758087e-05,1088
Kyber768,218,2.8069999984836613e-05,3.3540000003995374e-05,2.5889999989203716e-05,1088
Kyber768,219,2.9140000009419964e-05,3.356999999937216e-05,2.7039999991984587e-05,1088
Kyber768,220,3.592999999568747e-05,3.4499999998161e-05,2.592999999251333e-05,1088
Kyber768,221,4.2610000008380666e-05,3.569000000425149e-05,2.7009999996607803e-05,1088
Kyber768,222,2.830000002518318e-05,3.410000002190827e-05,2.7040000020406296e-05,1088
Kyber768,223,3.1360000008362476e-05,3.481999999621621e-05,3.9490000006026094e-05,1088
Kyber768,224,3.0270000024756882e-05,3.449000001864988e-05,2.681999998799256e-05,1088
Kyber768,225,2.9660000024023248e-05,3.37600000079874e-05,2.412000000617809e-05,1088
Kyber768,226,2.5149999999030115e-05,0.00024826000000643944,0.00010503000001449436,1088
Kyber768,227,8.59499999990021e-05,4.7910000006368136e-05,3.128000000174325e-05,1088
Kyber768,228,3.4209999995482576e-05,3.6410000006981136e-05,2.9409999996232727e-05,1088
Kyber768,229,3.241999999659129e-05,3.606000001354914e-05,2.729999999928623e-05,1088
Kyber768,230,3.0359999982465524e-05,7.478000000560314e-05,4.048999997507963e-05,1088
Kyber768,231,3.368000000136817e-05,3.4939999977723346e-05,2.75700000145207e-05,1088
Kyber768,232,2.9858999994303304e-05,3.662000000304033e-05,2.7189000007865616e-05,1088
Kyber768,233,3.3459999997376144e-05,3.694000000109554e-05,2.7840000001333465e-05,1088
Kyber768,234,3.101100000435508e-05,3.527999999164422e-05,2.7100000011159864e-05,1088
Kyber768,235,3.17890000189891e-05,3.760000001307162e-05,2.706899999793677e-05,1088
Kyber768,236,2.9899999987037518e-05,3.517100000749451e-05,2.7909000010595264e-05,1088
Kyber768,237,2.8890999999475753e-05,2.8890999999475753e-05,2.21909999993386e-05,1088
Kyber768,238,2.5260000001026128e-05,3.071899999440575e-05,2.6439999999183783e-05,1088
Kyber768,239,3.107999998519517e-05,3.000999998903353e-05,2.3510000005444454e-05,1088
Kyber768,240,3.131099998654463e-05,5.909099999712453e-05,3.230000001508415e-05,1088
Kyber768,241,5.470899998272216e-05,3.541000000950589e-05,2.7289999991353397e-05,1088
Kyber768,242,2.9330000018035207e-05,3.426000000672502e-05,2.7380000005905458e-05,1088
Kyber768,243,3.157000000442167e-05,3.4850000020014704e-05,2.616999998394931e-05,1088
Kyber768,244,2.8730000025234403e-05,3.424999999879219e-05,2.569000000107735e-05,1088
Kyber768,245,2.9279999978371052e-05,3.6149999999679494e-05,2.9369999992923113e-05,1088
Kyber768,246,2.9469999986986295e-05,3.499999999689862e-05,2.7270000003909445e-05,1088
Kyber768,247,2.9729999994287937e-05,3.4679999998843414e-05,2.5979999975334067e-05,1088
Kyber768,248,2.919000002066241e-05,3.404999998224412e-05,2.6630000007799026e-05,1088
Kyber768,249,2.992000000290318e-05,3.541000000950589e-05,2.6370000000497384e-05,1088
Kyber768,250,2.9149999988931086e-05,3.375000000005457e-05,4.5129999989512726e-05,1088
Kyber768,251,3.0190000018137653e-05,4.3570000002546294e-05,2.649000001042623e-05,1088
Kyber768,252,2.9549999993605525e-05,3.3970000004046597e-05,2.6789999992615776e-05,1088
Kyber768,253,3.017000000227199e-05,3.5749999995005055e-05,2.7020000004540634e-05,1088
Kyber768,254,2.9310000002169545e-05,3.374000002054345e-05,2.5800000003073364e-05,1088
Kyber768,255,2.8960000008737552e-05,3.464999997504492e-05,2.84500000020671e-05,1088
Kyber768,256,3.066000002149849e-05,3.4930000026633934e-05,2.4770000010221338e-05,1088
Kyber768,257,3.009000002407447e-05,3.3620000010614604e-05,2.6999999988674972e-05,1088
Kyber768,258,2.901999999949112e-05,3.3959999996113766e-05,2.689999999461179e-05,1088
Kyber768,259,2.943999999160951e-05,3.531999999495383e-05,2.6410000003807e-05,1088
Kyber768,260,2.9210000008106363e-05,3.441900000211717e-05,2.5790999984565133e-05,1088
Kyber768,261,2.9080000018666396e-05,6.211999999550244e-05,2.8768999982276e-05,1088
Kyber768,262,4.066900001475915e-05,3.486999997903695e-05,2.7609999989408607e-05,1088
Kyber768,263,2.9449999999542342e-05,3.5099999990961805e-05,2.642000001173983e-05,1088
Kyber768,264,2.942000000416556e-05,3.455099999882805e-05,2.76400000132071e-05,1088
Kyber768,265,2.912000002197601e-05,3.448000001071705e-05,2.656999998862375e-05,1088
Kyber768,266,2.901999999949112e-05,3.487000000745866e-05,2.8020000002015877e-05,1088
Kyber768,267,3.0100000003585592e-05,3.472999998166415e-05,2.649999998993735e-05,1088
Kyber768,268,2.8729999996812694e-05,3.4779999992906596e-05,2.648999998200452e-05,1088
Kyber768,269,2.943000001209839e-05,3.5010000004831454e-05,2.8490000005376714e-05,1088
Kyber768,270,3.0510000016192862e-05,3.435000002127708e-05,2.6539999993246965e-05,1088
Kyber768,271,2.9130000001487133e-05,3.506999999558502e-05,4.570999999486958e-05,1088
Kyber768,272,3.3129999991388104e-05,4.5860000000175205e-05,2.910999998562147e-05,1088
Kyber768,273,3.0150000014828038e-05,3.46399999955338e-05,2.4570000022094973e-05,1088
Kyber768,274,2.8340000000071086e-05,3.512000000682747e-05,2.6610000020355074e-05,1088
Kyber768,275,3.1030000002374436e-05,3.906999998548599e-05,2.7679999988095005e-05,1088
Kyber768,276,3.184999999916727e-05,3.5590000010188305e-05,2.6939999997921404e-05,1088
Kyber768,277,3.488000001539149e-05,3.59400000036203e-05,2.7439999996659026e-05,1088
Kyber768,278,3.047999999239437e-05,3.358000000730499e-05,3.014999998640633e-05,1088
Kyber768,279,3.4530000021959495e-05,3.465000000346663e-05,3.026000001682405e-05,1088
Kyber768,280,3.139000000373926e-05,3.6899999997785926e-05,3.000000000952241e-05,1088
Kyber768,281,3.089999998451276e-05,3.799999998932435e-05,2.5660000005700567e-05,1088
Kyber768,282,4.5379999988881536e-05,4.771999999775289e-05,4.2439999987209376e-05,1088
Kyber768,283,3.6080000000993095e-05,3.433999998492254e-05,2.8920000005427937e-05,1088
Kyber768,284,3.071999998383035e-05,3.4848999973746686e-05,2.9000000012047167e-05,1088
Kyber768,285,3.0129999998962376e-05,3.6410000006981136e-05,2.999000000158958e-05,1088
Kyber768,286,3.276999999002328e-05,3.9579999992156445e-05,2.8329999992138255e-05,1088
Kyber768,287,3.3550000011928205e-05,4.418899999336645e-05,2.7920000007952694e-05,1088
Kyber768,288,3.090900000302099e-05,3.480000000877226e-05,2.778900000066642e-05,1088
Kyber768,289,3.105999999775122e-05,3.358000000730499e-05,2.8270000001384687e-05,1088
Kyber768,290,3.100000000699765e-05,3.669099999115133e-05,2.9079999990244687e-05,1088
Kyber768,291,3.087999999706881e-05,3.5739999987072224e-05,4.2268999976613486e-05,1088
Kyber768,292,3.212999999391286e-05,0.00015093000001797918,3.04200000016408e-05,1088
Kyber768,293,3.341999999406653e-05,3.59400000036203e-05,2.688999998667896e-05,1088
Kyber768,294,2.9299999994236714e-05,3.670000000965956e-05,2.577000000769658e-05,1088
Kyber768,295,3.308000000856737e-05,3.5590000010188305e-05,2.657999999655658e-05,1088
Kyber768,296,3.2659999988027266e-05,3.4449999986918556e-05,2.8329999992138255e-05,1088
Kyber768,297,3.015999999433916e-05,3.426000000672502e-05,2.8959999980315843e-05,1088
Kyber768,298,5.821999999966465e-05,3.630000000498512e-05,2.6560000009112628e-05,1088
Kyber768,299,3.171000000179447e-05,3.6330000000361906e-05,2.631999998925494e-05,1088
Kyber768,300,3.243000000452412e-05,5.111000001534194e-05,2.837000002386958e-05,1088
Kyber768,301,3.8199999977450716e-05,3.846000001317407e-05,2.918000001272958e-05,1088
Kyber768,302,3.04200000016408e-05,3.5499999995636244e-05,2.820000000269829e-05,1088
Kyber768,303,3.334000001586901e-05,3.616999998712345e-05,2.724000000853266e-05,1088
Kyber768,304,3.155999999648884e-05,3.635999999573869e-05,3.0519999995703984e-05,1088
Kyber768,305,3.071000000431923e-05,3.448999999022817e-05,2.6679999990619763e-05,1088
Kyber768,306,3.16500000110409e-05,3.6319999992429075e-05,2.6630000007799026e-05,1088
Kyber768,307,2.9529999977739863e-05,3.487999998696978e-05,2.7689999996027836e-05,1088
Kyber768,308,2.9879999999593565e-05,3.6569999991797886e-05,2.6710000014418256e-05,1088
Kyber768,309,3.462999998760097e-05,3.545999999232663e-05,2.7180000017779093e-05,1088
Kyber768,310,3.096000000368804e-05,3.471000002264191e-05,2.9939000000922533e-05,1088
Kyber768,311,3.08410000116055e-05,4.470000001788321e-05,2.9289999986303883e-05,1088
Kyber768,312,2.9310000002169545e-05,3.7860000020373263e-05,2.7249999988043783e-05,1088
Kyber768,313,3.139999998325038e-05,3.79090000137694e-05,2.8729000007388095e-05,1088
Kyber768,314,3.284000001713139e-05,3.64709999871593e-05,2.724000000853266e-05,1088
Kyber768,315,3.131100001496634e-05,3.489100001274892e-05,2.8839999998808707e-05,1088
Kyber768,316,3.0430000009573632e-05,3.37600000079874e-05,3.0279999975846295e-05,1088
Kyber768,317,3.605999998512743e-05,3.611099998579448e-05,2.8079999992769444e-05,1088
Kyber768,318,3.0269000006910574e-05,3.694000000109554e-05,2.8249999985519025e-05,1088
Kyber768,319,3.132000000505286e-05,3.5749999995005055e-05,2.7590000001964654e-05,1088
Kyber768,320,3.2080000011092125e-05,3.545999999232663e-05,3.986999999483487e-05,1088
Kyber768,321,3.3310000020492225e-05,4.3239999996558254e-05,2.772999999933745e-05,1088
Kyber768,322,2.942000000416556e-05,3.5900000000310683e-05,2.716000000191343e-05,1088
Kyber768,323,3.0699999996386396e-05,3.7640000016381236e-05,2.6960000013787067e-05,1088
Kyber768,324,3.129000000967608e-05,3.5999999994373866e-05,2.6640000015731857e-05,1088
Kyber768,325,3.39000000053602e-05,4.523000001199762e-05,2.885000000674154e-05,1088
Kyber768,326,3.258999998934087e-05,4.273000001830951e-05,3.2659999988027266e-05,1088
Kyber768,327,3.194999999323045e-05,3.569000000425149e-05,2.8559999975641404e-05,1088
Kyber768,328,3.169999999386164e-05,3.749999999058673e-05,2.8909999997495106e-05,1088
Kyber768,329,3.376999998749852e-05,3.692999999316271e-05,2.8490000005376714e-05,1088
Kyber768,330,3.180999999585765e-05,3.5739999987072224e-05,4.3500000003859896e-05,1088
Kyber768,331,3.0369999990398355e-05,4.3829999981426226e-05,2.771999999140462e-05,1088
Kyber768,332,2.9710000006843984e-05,3.714999999715474e-05,2.789000001257591e-05,1088
Kyber768,333,2.9490000002851957e-05,3.5919999987754636e-05,2.8170000007321505e-05,1088
Kyber768,334,3.40099999789345e-05,3.562999998507621e-05,2.7520000003278255e-05,1088
Kyber768,335,3.052000002412569e-05,3.562999998507621e-05,2.8589999999439897e-05,1088
Kyber768,336,2.9560000001538356e-05,3.505999998765219e-05,2.999000000158958e-05,1088
Kyber768,337,3.0288999994354526e-05,3.472000000215303e-05,2.7791000007937328e-05,1088
Kyber768,338,2.9788999995616905e-05,3.67499999924803e-05,2.837000002386958e-05,1088
Kyber768,339,3.057000000694643e-05,3.6719999997103514e-05,2.9400000016721606e-05,1088
Kyber768,340,3.0371000008244664e-05,3.624900000431808e-05,3.8610999979482585e-05,1088
Kyber768,341,3.3548999994081896e-05,0.0001218900000026224,3.545999999232663e-05,1088
Kyber768,342,3.569000000425149e-05,3.5330000002886663e-05,2.91899999922407e-05,1088
Kyber768,343,3.1760000013036915e-05,3.74889999932293e-05,2.8420000006690316e-05,1088
Kyber768,344,3.05599999990136e-05,3.5930000024109177e-05,2.6939999997921404e-05,1088
Kyber768,345,3.125000000636646e-05,3.6160000007612325e-05,2.5800000003073364e-05,1088
Kyber768,346,3.235999997741601e-05,3.5669999988385825e-05,2.853999998819745e-05,1088
Kyber768,347,3.0199999997648774e-05,3.4530000021959495e-05,2.8979999996181505e-05,1088
Kyber768,348,3.096000000368804e-05,3.447000000278422e-05,2.7740000007270282e-05,1088
Kyber768,349,2.9660000024023248e-05,3.663000001097316e-05,2.878999998756626e-05,1088
Kyber768,350,4.4559999992088706e-05,3.6969999996472325e-05,3.891000000066924e-05,1088
Kyber768,351,3.360999997426006e-05,3.538000001412911e-05,2.8159999999388674e-05,1088
Kyber768,352,3.170000002228335e-05,3.426000000672502e-05,2.852999998026462e-05,1088
Kyber768,353,2.9949999998279964e-05,3.525000002468914e-05,3.0440000017506463e-05,1088
Kyber768,354,3.137000001629531e-05,3.520999999295782e-05,2.7330000023084722e-05,1088
Kyber768,355,2.9409999996232727e-05,3.627000000960834e-05,2.656999998862375e-05,1088
Kyber768,356,3.1509999985246395e-05,3.480000000877226e-05,2.8089999972280566e-05,1088
Kyber768,357,3.2320000002528104e-05,3.473999998959698e-05,2.993000001083601e-05,1088
Kyber768,358,3.125000000636646e-05,3.486999997903695e-05,2.6200000007747803e-05,1088
Kyber768,359,2.928000000679276e-05,3.4850000020014704e-05,2.6529999985314134e-05,1088
Kyber768,360,2.9159999996863917e-05,4.794000000174492e-05,2.7700000003960668e-05,1088
Kyber768,361,3.9020000002665256e-05,3.6730000005036345e-05,2.7950000003329478e-05,1088
Kyber768,362,2.9729999994287937e-05,3.3879999989494536e-05,2.6370000000497384e-05,1088
Kyber768,363,2.9240000003483146e-05,3.455999998891457e-05,2.641999998331812e-05,1088
Kyber768,364,2.9529000016736973e-05,3.401999998686733e-05,2.6528999995889535e-05,1088
Kyber768,365,2.9170999994221347e-05,3.516099999956168e-05,2.706999998736137e-05,1088
Kyber768,366,2.9139999980998255e-05,3.2468999989987424e-05,2.6230999992549187e-05,1088
Kyber768,367,2.951099997972051e-05,3.4131000006709655e-05,2.6791000010462085e-05,1088
Kyber768,368,4.1848999984495094e-05,3.466000001139946e-05,2.683099998534999e-05,1088
Kyber768,369,3.225999998335283e-05,3.571900001020367e-05,2.6880000007167837e-05,1088
Kyber768,370,2.9219999987617484e-05,3.5010000004831454e-05,2.6869999999235006e-05,1088
Kyber768,371,4.1689999989102944e-05,3.635999999573869e-05,3.58000000062475e-05,1088
Kyber768,372,3.0291000001625434e-05,3.439899998625151e-05,2.8270000001384687e-05,1088
Kyber768,373,3.065999999307678e-05,3.522000000089065e-05,2.6359999992564553e-05,1088
Kyber768,374,3.033999999502157e-05,3.569999998376261e-05,2.820000000269829e-05,1088
Kyber768,375,2.9369999992923113e-05,3.39000000053602e-05,2.6349999984631722e-05,1088
Kyber768,376,3.000999998903353e-05,3.630000000498512e-05,2.836999999544787e-05,1088
Kyber768,377,3.3389999998689746e-05,3.603999999768348e-05,2.7780000010579897e-05,1088
Kyber768,378,2.9300000022658423e-05,3.494999998565618e-05,2.8340000000071086e-05,1088
Kyber768,379,3.128000000174325e-05,3.5030000020697116e-05,2.7450000004591857e-05,1088
Kyber768,380,2.9479999994919126e-05,3.4690000006776245e-05,2.6700000006485425e-05,1088
Kyber768,381,3.0210000005581605e-05,4.852999998661289e-05,3.0299999991711957e-05,1088
Kyber768,382,0.00030294000001163113,9.287000000313128e-05,3.774000001044442e-05,1088
Kyber768,383,4.355000001510234e-05,4.295000002230154e-05,3.1350000000429645e-05,1088
Kyber768,384,7.196999999337095e-05,4.2129999997087e-05,3.201999999191685e-05,1088
Kyber768,385,3.570999999169544e-05,5.1810000002205925e-05,3.204999998729363e-05,1088
Kyber768,386,3.487999998696978e-05,3.863999998543477e-05,3.024000000095839e-05,1088
Kyber768,387,5.952000000775115e-05,4.1620000018838255e-05,3.0060000000275977e-05,1088
Kyber768,388,5.161100000350416e-05,5.423999999720763e-05,3.904900000861744e-05,1088
Kyber768,389,3.4349000003430774e-05,3.8211000003229856e-05,2.9968999996299317e-05,1088
Kyber768,390,4.010000000675973e-05,4.269999999451102e-05,3.070899998647292e-05,1088
Kyber768,391,3.424000001928107e-05,3.918999999541484e-05,2.877999997963343e-05,1088
Kyber768,392,2.9289999986303883e-05,4.40299999979743e-05,2.7100000011159864e-05,1088
Kyber768,393,2.9319999981680667e-05,3.447000000278422e-05,2.7439999996659026e-05,1088
Kyber768,394,2.9159999996863917e-05,3.402000001528904e-05,2.688999998667896e-05,1088
Kyber768,395,2.985000000421678e-05,3.483000000414904e-05,2.632999999718777e-05,1088
Kyber768,396,2.8930000013360768e-05,5.2140000008193965e-05,2.8570000011995944e-05,1088
Kyber768,397,3.1760000013036915e-05,3.373000001261062e-05,2.713999998604777e-05,1088
Kyber768,398,2.9790000013463214e-05,3.4520000014026664e-05,2.5819999990517317e-05,1088
Kyber768,399,2.861999999481668e-05,3.404999998224412e-05,2.827999998089581e-05,1088
Kyber768,400,3.0299999991711957e-05,3.535999999826345e-05,2.8159999999388674e-05,1088
Kyber768,401,3.018000001020482e-05,3.497000000152184e-05,2.763999998478539e-05,1088
Kyber768,402,3.0140000006895207e-05,3.490000000283544e-05,3.58700000049339e-05,1088
Kyber768,403,3.1909999989920834e-05,3.473999998959698e-05,2.6539999993246965e-05,1088
Kyber768,404,3.008999999565276e-05,3.39000000053602e-05,2.7019999976118925e-05,1088
Kyber768,405,3.114000000437045e-05,3.5760000002937886e-05,2.6959999985365357e-05,1088
Kyber768,406,2.9659999995601538e-05,3.474999999752981e-05,4.262999999582462e-05,1088
Kyber768,407,3.081000002680412e-05,3.4190000008038623e-05,2.8250000013940735e-05,1088
Kyber768,408,3.0290000012200835e-05,3.513999999427142e-05,2.6639999987310148e-05,1088
Kyber768,409,2.9820000008839997e-05,3.488999999490261e-05,2.76400000132071e-05,1088
Kyber768,410,3.1419000009691445e-05,3.356900000994756e-05,4.7861000012972e-05,1088
Kyber768,411,3.5580000002255474e-05,3.6230000006298724e-05,2.75700000145207e-05,1088
Kyber768,412,2.943000001209839e-05,3.489900001341084e-05,2.659100002233572e-05,1088
Kyber768,413,7.053999999584448e-05,3.6320000020850784e-05,2.6950999995278835e-05,1088
Kyber768,414,2.9891000025372705e-05,3.392900001131238e-05,2.6400000024295878e-05,1088
Kyber768,415,2.920000000017353e-05,3.54499999843938e-05,2.6630000007799026e-05,1088
Kyber768,416,2.8880000002118322e-05,3.415099999415361e-05,4.206899998848712e-05,1088
Kyber768,417,3.21089999886226e-05,3.6399999999048305e-05,2.6719999993929378e-05,1088
Kyber768,418,3.047999999239437e-05,3.4369999980299326e-05,2.6439999999183783e-05,1088
Kyber768,419,2.9080000018666396e-05,3.4460000023273096e-05,2.7020000004540634e-05,1088
Kyber768,420,2.9210000008106363e-05,3.413999999679618e-05,2.6630000007799026e-05,1088
Kyber768,421,2.9310000002169545e-05,3.4529999993537785e-05,2.6800000000548607e-05,1088
Kyber768,422,2.9130000001487133e-05,3.4699999986287366e-05,2.6700000006485425e-05,1088
Kyber768,423,3.073999999969601e-05,4.247000001100787e-05,2.9910000023392058e-05,1088
Kyber768,424,3.497000000152184e-05,3.45699999968474e-05,2.6949999977432526e-05,1088
Kyber768,425,3.219000001308814e-05,3.6899999997785926e-05,2.749000000790147e-05,1088
Kyber768,426,2.982999998835112e-05,3.4769999984973765e-05,2.6710000014418256e-05,1088
Kyber768,427,4.168000000959182e-05,3.5190000005513866e-05,2.689999999461179e-05,1088
Kyber768,428,3.099999997857594e-05,3.5270000012133096e-05,2.6869999999235006e-05,1088
Kyber768,429,2.9219999987617484e-05,3.37600000079874e-05,2.6359999992564553e-05,1088
Kyber768,430,2.9170000004796748e-05,3.495999999358901e-05,2.658000002497829e-05,1088
Kyber768,431,2.9320000010102376e-05,3.424000001928107e-05,2.632999999718777e-05,1088
Kyber768,432,2.935000000547916e-05,3.512999998633859e-05,2.6350000013053432e-05,1088
Kyber768,433,2.9290000014725592e-05,3.409999999348656e-05,3.287999999201929e-05,1088
Kyber768,434,3.137999999580643e-05,3.4360000000788204e-05,2.6460000015049445e-05,1088
Kyber768,435,2.8729999996812694e-05,3.45699999968474e-05,2.6840000003858222e-05,1088
Kyber768,436,3.0140000006895207e-05,3.441000001203065e-05,2.6640000015731857e-05,1088
Kyber768,437,2.967099999295897e-05,3.4859999999525826e-05,4.045099998961632e-05,1088
Kyber768,438,3.170899998394816e-05,3.455099999882805e-05,2.7129000017112048e-05,1088
Kyber768,439,2.9810000000907166e-05,3.547000000025946e-05,2.8389000021888933e-05,1088
Kyber768,440,2.943999999160951e-05,3.4451000004764865e-05,2.6460000015049445e-05,1088
Kyber768,441,2.910000000611035e-05,3.4348999975009065e-05,2.64090000143824e-05,1088
Kyber768,442,2.9491000020698266e-05,3.4509000016669233e-05,2.6399999995874168e-05,1088
Kyber768,443,3.0429999981151923e-05,3.669000000172673e-05,2.8090000000702275e-05,1088
Kyber768,444,2.9710000006843984e-05,4.2110000009643045e-05,2.716000000191343e-05,1088
Kyber768,445,2.943100000152299e-05,3.4051000000090426e-05,2.6369000011072785e-05,1088
Kyber768,446,3.007999998771993e-05,3.569000000425149e-05,2.6530000013735844e-05,1088
Kyber768,447,2.886999999418549e-05,3.455999998891457e-05,2.664999999524298e-05,1088
Kyber768,448,3.0870000017557686e-05,5.4820000002564484e-05,2.786999999671025e-05,1088
Kyber768,449,3.2559999993964084e-05,3.555999998638981e-05,2.7780000010579897e-05,1088
Kyber768,450,3.098999999906482e-05,3.635000001622757e-05,2.9530000006161572e-05,1088
Kyber768,451,2.9890000007526396e-05,3.4690000006776245e-05,2.6689999998552594e-05,1088
Kyber768,452,2.92599999909271e-05,3.441000001203065e-05,3.69600000169612e-05,1088
Kyber768,453,3.0210000005581605e-05,3.4849999991592995e-05,2.63400000051206e-05,1088
Kyber768,454,3.008999999565276e-05,3.4950000014077887e-05,3.356999999937216e-05,1088
Kyber768,455,3.124000002685534e-05,3.545999999232663e-05,2.6759999997238992e-05,1088
Kyber768,456,2.926999999885993e-05,3.4519999985604954e-05,2.9460000007475173e-05,1088
Kyber768,457,3.096000000368804e-05,3.5170000018069913e-05,2.8310000004694302e-05,1088
Kyber768,458,2.9300000022658423e-05,4.6610000026703347e-05,2.9250000011415977e-05,1088
Kyber768,459,3.1589999991865625e-05,3.5030000020697116e-05,2.5209999989783682e-05,1088
Kyber768,460,2.9899999987037518e-05,3.4290000002101806e-05,2.6480000002493398e-05,1088
Kyber768,461,2.9729999994287937e-05,3.514000002269313e-05,2.6189999999814972e-05,1088
Kyber768,462,2.9219999987617484e-05,3.4120000009352225e-05,2.6609999991933364e-05,1088
Kyber768,463,2.9329999989613498e-05,3.448000001071705e-05,2.6350000013053432e-05,1088
Kyber768,464,2.9409999996232727e-05,3.440999998360894e-05,2.6029999986576513e-05,1088
Kyber768,465,2.9949999998279964e-05,4.436899999404886e-05,2.6851000001215652e-05,1088
Kyber768,466,2.9479999994919126e-05,3.4679999998843414e-05,2.7200000005223046e-05,1088
Kyber768,467,2.9219999987617484e-05,3.489000002332432e-05,2.698000000123102e-05,1088
Kyber768,468,2.9480000023340835e-05,3.5078999985671544e-05,2.648899999257992e-05,1088
Kyber768,469,2.910000000611035e-05,6.311999999297768e-05,2.8960000008737552e-05,1088
Kyber768,470,2.9540000014094403e-05,3.3879999989494536e-05,2.7380000005905458e-05,1088
Kyber768,471,3.1100000001060835e-05,3.564000002143075e-05,2.723999998011095e-05,1088
Kyber768,472,2.9220000016039194e-05,3.473000001008586e-05,2.756000000658787e-05,1088
Kyber768,473,2.886999999418549e-05,3.418000000010579e-05,2.6711000003842855e-05,1088
Kyber768,474,2.9860000012149612e-05,3.504899999029476e-05,2.659000000448941e-05,1088
Kyber768,475,2.8920000005427937e-05,3.45699999968474e-05,3.44299999994746e-05,1088
Kyber768,476,3.067000000100961e-05,3.4130000017285056e-05,2.7170000009846262e-05,1088
Kyber768,477,2.9860000012149612e-05,3.5679999996318656e-05,2.616999998394931e-05,1088
Kyber768,478,2.9740000002220768e-05,3.473999998959698e-05,2.8329999992138255e-05,1088
Kyber768,479,2.9979999993656747e-05,3.459000001271306e-05,3.903999999010921e-05,1088
Kyber768,480,3.0689999988453565e-05,3.555999998638981e-05,2.706000000785025e-05,1088
Kyber768,481,2.901999999949112e-05,3.498999998896579e-05,2.6410000003807e-05,1088
Kyber768,482,2.9170000004796748e-05,3.447000000278422e-05,2.6759999997238992e-05,1088
Kyber768,483,3.0379999998331186e-05,3.5580000002255474e-05,2.8319999984205424e-05,1088
Kyber768,484,3.097999999113199e-05,3.4679999998843414e-05,2.6629999979377317e-05,1088
Kyber768,485,2.9689999990978322e-05,3.4449999986918556e-05,2.6529999985314134e-05,1088
Kyber768,486,2.9060000002800734e-05,4.4139999999970314e-05,2.772999999933745e-05,1088
Kyber768,487,2.9530000006161572e-05,3.401999998686733e-05,2.6849999983369344e-05,1088
Kyber768,488,3.223000001639775e-05,3.691999998522988e-05,2.6969999993298188e-05,1088
Kyber768,489,3.018000001020482e-05,3.4689999978354535e-05,2.706999998736137e-05,1088
Kyber768,490,2.942000000416556e-05,4.678999999896405e-05,2.8680000013991958e-05,1088
Kyber768,491,3.0060000000275977e-05,3.401999998686733e-05,2.690999997412291e-05,1088
Kyber768,492,2.976000001808643e-05,3.4199999987549745e-05,2.8180000015254336e-05,1088
Kyber768,493,3.0350000002954403e-05,3.447900002129245e-05,2.6689000009127994e-05,1088
Kyber768,494,2.9979999993656747e-05,3.5430999986374445e-05,2.6920000010477452e-05,1088
Kyber768,495,2.9951000016126272e-05,4.4469000016533755e-05,2.632900000776317e-05,1088
Kyber768,496,2.986100000157421e-05,3.46399999955338e-05,3.526899999428679e-05,1088
Kyber768,497,3.060000000232321e-05,3.528899998173074e-05,2.7979999998706262e-05,1088
Kyber768,498,5.4020000021637316e-05,3.5588999992341996e-05,2.733100001250932e-05,1088
Kyber768,499,3.143999998656e-05,3.499999999689862e-05,2.7199000015798447e-05,1088
Kyber1024,0,4.979999999932261e-05,4.81099999944945e-05,3.85799999946812e-05,1568
Kyber1024,1,4.771999999775289e-05,4.640000000222244e-05,3.774000001044442e-05,1568
Kyber1024,2,4.125999998905172e-05,4.770000001030894e-05,3.947000001858214e-05,1568
Kyber1024,3,4.260999997995896e-05,4.665000000159125e-05,3.716999998459869e-05,1568
Kyber1024,4,5.267999998181949e-05,4.8460000016348204e-05,4.500000000007276e-05,1568
Kyber1024,5,4.217000000039661e-05,4.5049999982893496e-05,3.684000000703236e-05,1568
Kyber1024,6,3.896999999142281e-05,4.630000000815926e-05,3.7550000001829176e-05,1568
Kyber1024,7,3.905100001588835e-05,4.622000000154003e-05,3.8029999984701135e-05,1568
Kyber1024,8,4.028000000744214e-05,4.6520000012151286e-05,4.5860000000175205e-05,1568
Kyber1024,9,4.06199999929413e-05,4.690000000096006e-05,3.730899999254689e-05,1568
Kyber1024,10,3.824000000918204e-05,4.604899999094414e-05,3.796999999394757e-05,1568
Kyber1024,11,3.90700000139077e-05,4.616999999029758e-05,5.126099998165046e-05,1568
Kyber1024,12,4.032900000083828e-05,4.663999999365842e-05,0.00018274900000392336,1568
Kyber1024,13,0.00011733000002323024,6.278000000747852e-05,6.331000000159293e-05,1568
Kyber1024,14,4.7479999977895204e-05,5.063000000404827e-05,3.978999998821564e-05,1568
Kyber1024,15,4.377999999860549e-05,4.930000000058499e-05,3.889000001322529e-05,1568
Kyber1024,16,4.1859999981852525e-05,4.819000000111373e-05,3.871000001254288e-05,1568
Kyber1024,17,4.024999998364365e-05,8.837999999400381e-05,3.3710000025166664e-05,1568
Kyber1024,18,4.27299999898878e-05,4.841000000510576e-05,3.9510000021891756e-05,1568
Kyber1024,19,4.160000000297259e-05,5.03599999888138e-05,3.924000000665728e-05,1568
Kyber1024,20,4.13900000069134e-05,5.022000001986271e-05,4.935000001182743e-05,1568
Kyber1024,21,4.483000000732318e-05,4.746999999838408e-05,3.914999999210522e-05,1568
Kyber1024,22,4.1949999996404586e-05,4.7559999984514434e-05,3.732999999783715e-05,1568
Kyber1024,23,4.330999999524465e-05,4.785999999512569e-05,3.902999998217638e-05,1568
Kyber1024,24,4.0960000006862174e-05,6.670899998084678e-05,3.96689999888622e-05,1568
Kyber1024,25,4.174000000034539e-05,4.942000001051383e-05,3.749100000050021e-05,1568
Kyber1024,26,4.00200000001405e-05,4.532899998821449e-05,3.881999998611718e-05,1568
Kyber1024,27,4.043999999225889e-05,4.827999998724408e-05,3.840900001250702e-05,1568
Kyber1024,28,4.418000000327993e-05,5.9079999999767097e-05,4.100900000025831e-05,1568
Kyber1024,29,3.954999999677966e-05,4.717999999570566e-05,3.6569999991797886e-05,1568
Kyber1024,30,4.1621000008262854e-05,5.0489000017250873e-05,3.989100000012513e-05,1568
Kyber1024,31,3.897000001984452e-05,4.6919999988404015e-05,5.7609999998931016e-05,1568
Kyber1024,32,6.0619999999289575e-05,4.827999998724408e-05,4.045000000019172e-05,1568
Kyber1024,33,3.9350000008653296e-05,4.892999999128733e-05,3.692999999316271e-05,1568
Kyber1024,34,4.2030000003023815e-05,4.443000000264874e-05,3.270000001975859e-05,1568
Kyber1024,35,3.568999997582978e-05,4.334999999855427e-05,3.378000002385306e-05,1568
Kyber1024,36,5.1659999996900297e-05,4.3079999983319794e-05,3.841000000193162e-05,1568
Kyber1024,37,3.7960000014436446e-05,4.6999999995023245e-05,3.8270000004558824e-05,1568
Kyber1024,38,3.768999999920197e-05,4.907999999659296e-05,3.940000001989574e-05,1568
Kyber1024,39,4.338000002235276e-05,4.8390000017661805e-05,5.372999999053718e-05,1568
Kyber1024,40,4.1789999983166126e-05,4.702000001088891e-05,3.752000000645239e-05,1568
Kyber1024,41,4.228999998190375e-05,4.5459999995500766e-05,3.8520000003927635e-05,1568
Kyber1024,42,3.913999998417239e-05,4.6429999997599225e-05,8.88300000099207e-05,1568
Kyber1024,43,0.0001331800000059502,5.070000000273467e-05,3.95989999901758e-05,1568
Kyber1024,44,4.0639999980385255e-05,5.009099999142563e-05,3.928900000005342e-05,1568
Kyber1024,45,4.2520000022250315e-05,4.7480000006316914e-05,4.352999999923668e-05,1568
Kyber1024,46,6.213999998294639e-05,5.176000001938519e-05,3.960000000802211e-05,1568
Kyber1024,47,4.26599999912014e-05,4.75090000122691e-05,3.665899998850364e-05,1568
Kyber1024,48,4.7750000021551386e-05,5.520999999930609e-05,4.102999997712686e-05,1568
Kyber1024,49,4.6019999984991955e-05,4.403999997748542e-05,5.470000002105735e-05,1568
Kyber1024,50,4.260999997995896e-05,4.7480000006316914e-05,4.139999998642452e-05,1568
Kyber1024,51,4.61399999949208e-05,4.9369999999271386e-05,4.280000001699591e-05,1568
Kyber1024,52,4.5940000006794435e-05,4.9209999986032926e-05,4.029999999488609e-05,1568
Kyber1024,53,4.354999998668063e-05,7.23400000026686e-05,3.899000000728847e-05,1568
Kyber1024,54,4.4650000006640767e-05,5.233000001680921e-05,4.074000000287015e-05,1568
Kyber1024,55,4.0159999997513296e-05,4.623999998898398e-05,3.2910000015817786e-05,1568
Kyber1024,56,4.336999998599822e-05,4.590000000348482e-05,3.54499999843938e-05,1568
Kyber1024,57,5.3440000016280464e-05,5.176999999889631e-05,3.796999999394757e-05,1568
Kyber1024,58,3.686000002289802e-05,4.794000000174492e-05,3.8999999986799594e-05,1568
Kyber1024,59,4.042000000481494e-05,4.762000000368971e-05,3.9020000002665256e-05,1568
Kyber1024,60,3.9749999984906026e-05,4.6600000018770515e-05,5.21899999910147e-05,1568
Kyber1024,61,4.2929000017011276e-05,4.5961000012084696e-05,3.752000000645239e-05,1568
Kyber1024,62,4.0229999996199695e-05,4.622000000154003e-05,3.735000001370281e-05,1568
Kyber1024,63,4.035899999621506e-05,4.548900000145295e-05,3.765999997540348e-05,1568
Kyber1024,64,3.9031000000022686e-05,4.622000000154003e-05,4.668900001547627e-05,1568
Kyber1024,65,4.010999998627085e-05,4.605000000879045e-05,3.73509999747057e-05,1568
Kyber1024,66,4.230900000834481e-05,4.762000000368971e-05,3.841099999135622e-05,1568
Kyber1024,67,3.9340000000720465e-05,4.5860000000175205e-05,3.750999999851956e-05,1568
Kyber1024,68,3.985000000739092e-05,6.702000001723718e-05,3.880999997818435e-05,1568
Kyber1024,69,4.1789999983166126e-05,4.696999999964646e-05,3.5520000011501907e-05,1568
Kyber1024,70,3.6310000012917953e-05,4.448999999340231e-05,3.4370000008721036e-05,1568
Kyber1024,71,3.9239999978235574e-05,4.466999999408472e-05,3.502999999227541e-05,1568
Kyber1024,72,3.98800000027677e-05,4.344000001310633e-05,4.7899999998435305e-05,1568
Kyber1024,73,3.7289999994527534e-05,4.435999997554063e-05,3.415000000472901e-05,1568
Kyber1024,74,4.24800000189407e-05,4.678999999896405e-05,4.0219999988266864e-05,1568
Kyber1024,75,4.5849999992242374e-05,4.8960000015085825e-05,3.874000000791966e-05,1568
Kyber1024,76,3.9820000012014134e-05,6.0700000005908805e-05,3.728000001501641e-05,1568
Kyber1024,77,4.2019999995090984e-05,4.690000000096006e-05,0.0017033990000072663,1568
Kyber1024,78,6.797000000346998e-05,5.6290000003400564e-05,5.8010000003605455e-05,1568
Kyber1024,79,4.541999999219115e-05,4.658000000290485e-05,4.1929999980538923e-05,1568
Kyber1024,80,4.425000000196633e-05,4.882999999722415e-05,3.693000002158442e-05,1568
Kyber1024,81,3.997000001731976e-05,4.639999997380073e-05,3.886999999735963e-05,1568
Kyber1024,82,4.201000001557986e-05,6.066999998211031e-05,3.913000000466127e-05,1568
Kyber1024,83,4.4220000006589544e-05,4.9359999991338555e-05,3.9750000013327735e-05,1568
Kyber1024,84,4.222000001163906e-05,5.1500000012083547e-05,3.8679999988744385e-05,1568
Kyber1024,85,3.9740000005394904e-05,4.637000000684566e-05,3.79800000018804e-05,1568
Kyber1024,86,6.116000000133681e-05,4.892000001177621e-05,3.7959999986014736e-05,1568
Kyber1024,87,3.896000001191169e-05,4.6839999981784786e-05,3.849000000855085e-05,1568
Kyber1024,88,3.9669999978286796e-05,4.758999997989122e-05,3.845999998475236e-05,1568
Kyber1024,89,3.953999998884683e-05,4.665099999101585e-05,4.491999999345353e-05,1568
Kyber1024,90,4.7729999977264015e-05,4.7819999991816076e-05,3.635000001622757e-05,1568
Kyber1024,91,3.872999999998683e-05,4.686899998773697e-05,3.6640000018905994e-05,1568
Kyber1024,92,4.087099998173471e-05,4.656900000554742e-05,3.684899999711888e-05,1568
Kyber1024,93,3.983999999945809e-05,4.5929999998861604e-05,7.004999997661798e-05,1568
Kyber1024,94,4.261999998789179e-05,4.756000001293614e-05,3.7948999988657306e-05,1568
Kyber1024,95,3.9579999992156445e-05,4.762000000368971e-05,3.7699999978713095e-05,1568
Kyber1024,96,3.928999998947802e-05,4.766999998651045e-05,3.651999998055544e-05,1568
Kyber1024,97,3.904999999804204e-05,5.468999998470281e-05,3.971999998952924e-05,1568
Kyber1024,98,3.972000001795095e-05,4.64900000167745e-05,3.863999998543477e-05,1568
Kyber1024,99,4.0630000000874134e-05,4.766999998651045e-05,3.904999999804204e-05,1568
Kyber1024,100,3.8369999998622006e-05,4.842999999254971e-05,3.800999999725718e-05,1568
Kyber1024,101,3.911999999672844e-05,7.259000000203741e-05,4.041999997639323e-05,1568
Kyber1024,102,4.014000001006934e-05,4.7489999985828035e-05,3.841999998144274e-05,1568
Kyber1024,103,3.932000001327651e-05,4.7010000002956076e-05,3.881000000660606e-05,1568
Kyber1024,104,3.952000000140288e-05,4.695000001220251e-05,3.798999998139152e-05,1568
Kyber1024,105,4.888999998797772e-05,4.7340000008944116e-05,4.7169999987772826e-05,1568
Kyber1024,106,3.986999999483487e-05,4.6839999981784786e-05,6.18599999882008e-05,1568
Kyber1024,107,4.067000000418375e-05,4.6670000017456914e-05,3.684000000703236e-05,1568
Kyber1024,108,4.0569999981698857e-05,4.7649999999066495e-05,6.161999999676482e-05,1568
Kyber1024,109,4.3991000012510995e-05,4.731100000299193e-05,3.717999999253152e-05,1568
Kyber1024,110,3.943999999478365e-05,4.619999998567437e-05,3.693099998258731e-05,1568
Kyber1024,111,4.8620000001164954e-05,4.6600000018770515e-05,3.6889000000428496e-05,1568
Kyber1024,112,3.9999999984274837e-05,5.993999999986954e-05,4.0159999997513296e-05,1568
Kyber1024,113,3.66799999937939e-05,3.993999999352127e-05,3.34799999848201e-05,1568
Kyber1024,114,3.862999997750194e-05,4.719999998314961e-05,4.239099999381324e-05,1568
Kyber1024,115,5.110899999749563e-05,5.0329000004012414e-05,4.1449999997666964e-05,1568
Kyber1024,116,0.00034687999999505337,7.465000001616318e-05,3.725999999915075e-05,1568
Kyber1024,117,4.0229999996199695e-05,4.7240000014880934e-05,5.497000000787011e-05,1568
Kyber1024,118,3.869999997618834e-05,4.3490000024348774e-05,3.7869999999884385e-05,1568
Kyber1024,119,4.4080000009216747e-05,4.559999999287356e-05,3.343999998151048e-05,1568
Kyber1024,120,4.1769999995722173e-05,5.182999998964988e-05,4.164999998579333e-05,1568
Kyber1024,121,4.359999999792308e-05,7.364999999026622e-05,3.886999999735963e-05,1568
Kyber1024,122,4.180999999903179e-05,4.5300000010684016e-05,3.663000001097316e-05,1568
Kyber1024,123,4.040999999688211e-05,4.741999998714164e-05,3.67499999924803e-05,1568
Kyber1024,124,4.0070000011382945e-05,4.508899999677851e-05,3.662000000304033e-05,1568
Kyber1024,125,5.1729999995586695e-05,4.6429999997599225e-05,3.7310000010393196e-05,1568
Kyber1024,126,3.971999998952924e-05,4.280999999650703e-05,3.8518999986081326e-05,1568
Kyber1024,127,4.823999998393447e-05,5.159100001606021e-05,3.758000002562767e-05,1568
Kyber1024,128,3.527999999164422e-05,4.2428999989851945e-05,3.4608999982310706e-05,1568
Kyber1024,129,6.448999999975058e-05,4.877099999589518e-05,3.983999999945809e-05,1568
Kyber1024,130,4.301999999256623e-05,4.7480000006316914e-05,3.5031000010121716e-05,1568
Kyber1024,131,3.570900000227084e-05,4.1769999995722173e-05,3.655000000435393e-05,1568
Kyber1024,132,3.562999998507621e-05,4.028000000744214e-05,3.13699999878736e-05,1568
Kyber1024,133,5.1080000019965155e-05,4.5460000023922476e-05,3.5249999996267434e-05,1568
Kyber1024,134,3.789999999526117e-05,4.5870000008108036e-05,3.921999999079162e-05,1568
Kyber1024,135,4.877000000647058e-05,5.346999998323554e-05,4.2679999978645355e-05,1568
Kyber1024,136,4.2600000000447835e-05,4.559000001336244e-05,6.160999998883199e-05,1568
Kyber1024,137,4.370999999991909e-05,4.544000000805681e-05,3.543999997646097e-05,1568
Kyber1024,138,3.8770000003296445e-05,4.492000002187524e-05,3.5109999998894637e-05,1568
Kyber1024,139,3.7139999989221906e-05,4.511000000206877e-05,3.488000001539149e-05,1568
Kyber1024,140,3.809000000387641e-05,4.5040000003382374e-05,4.444000001058157e-05,1568
Kyber1024,141,3.756000000976201e-05,3.9420000007339695e-05,2.843999999413427e-05,1568
Kyber1024,142,3.1180000007680064e-05,0.0012283689999890157,4.784999998719286e-05,1568
Kyber1024,143,4.8620000001164954e-05,6.751999998755309e-05,3.6319999992429075e-05,1568
Kyber1024,144,3.9340000000720465e-05,4.3809999993982274e-05,3.438999999616499e-05,1568
Kyber1024,145,3.935999998816442e-05,4.4970000004695976e-05,3.490000000283544e-05,1568
Kyber1024,146,3.724999999121792e-05,4.703000001882174e-05,3.994000002194298e-05,1568
Kyber1024,147,4.1210000006230985e-05,6.137000002581772e-05,3.838000000655484e-05,1568
Kyber1024,148,4.254000000969427e-05,5.104999999616666e-05,3.800999999725718e-05,1568
Kyber1024,149,4.468000000201755e-05,4.9539999992020967e-05,3.4290000002101806e-05,1568
Kyber1024,150,3.939999999147403e-05,4.8789999993914535e-05,4.0970000014795005e-05,1568
Kyber1024,151,7.046999999715808e-05,5.204000001413078e-05,4.042000000481494e-05,1568
Kyber1024,152,4.278000000113025e-05,4.426999998941028e-05,3.535999999826345e-05,1568
Kyber1024,153,4.026000001999819e-05,4.672000000027765e-05,3.757999999720596e-05,1568
Kyber1024,154,4.114999998705571e-05,4.7889999990502474e-05,4.759000000831293e-05,1568
Kyber1024,155,3.6980000004405156e-05,4.397000000722073e-05,3.5819999993691454e-05,1568
Kyber1024,156,3.635900000631409e-05,4.106899999101188e-05,3.408000000604261e-05,1568
Kyber1024,157,4.0628999983027825e-05,4.51909999981126e-05,3.5281000009490526e-05,1568
Kyber1024,158,4.248999999845182e-05,5.0909999998793865e-05,6.332899999961228e-05,1568
Kyber1024,159,5.228000000556676e-05,4.760899997791057e-05,3.7708999997221326e-05,1568
Kyber1024,160,4.4948999999405714e-05,4.558000000542961e-05,3.7779999985332324e-05,1568
Kyber1024,161,4.1549999991730147e-05,4.989000001387467e-05,3.742100000181381e-05,1568
Kyber1024,162,4.418899999336645e-05,6.697000000599473e-05,3.9500000013958925e-05,1568
Kyber1024,163,4.2439999987209376e-05,4.368999998405343e-05,3.953999998884683e-05,1568
Kyber1024,164,4.0570000010120566e-05,4.791999998587926e-05,3.882999999405001e-05,1568
Kyber1024,165,4.193000000896063e-05,4.832999999848653e-05,3.749999999058673e-05,1568
Kyber1024,166,6.130000002713132e-05,5.080999997630897e-05,3.55199999830802e-05,1568
Kyber1024,167,4.391999999597829e-05,4.688000001351611e-05,3.947999999809326e-05,1568
Kyber1024,168,4.523999999150874e-05,4.6269999984360766e-05,4.14999999804877e-05,1568
Kyber1024,169,4.669999998441199e-05,4.9679999989393764e-05,5.257999998775631e-05,1568
Kyber1024,170,4.27299999898878e-05,5.3280000003042005e-05,3.7539999993896345e-05,1568
Kyber1024,171,4.441000001520479e-05,4.746999999838408e-05,3.9990000004763715e-05,1568
Kyber1024,172,4.28699999872606e-05,4.788000001099135e-05,3.891000000066924e-05,1568
Kyber1024,173,4.254000000969427e-05,0.0011052689999928589,4.0560000002187735e-05,1568
Kyber1024,174,4.337000001441993e-05,4.716899999834823e-05,3.645999998980187e-05,1568
Kyber1024,175,3.760999999258274e-05,4.712999998446321e-05,3.8450000005241236e-05,1568
Kyber1024,176,4.086999999231011e-05,4.572000000280241e-05,4.866999998398569e-05,1568
Kyber1024,177,3.897999999935564e-05,4.6099999991611185e-05,3.498000000945467e-05,1568
Kyber1024,178,3.903000001059809e-05,4.677999999103122e-05,3.766999998333631e-05,1568
Kyber1024,179,4.018999999289008e-05,4.681000001482971e-05,3.767000001175802e-05,1568
Kyber1024,180,3.891000000066924e-05,4.735999999638807e-05,7.686000000717286e-05,1568
Kyber1024,181,4.735999999638807e-05,5.415000001107728e-05,4.1780000003655005e-05,1568
Kyber1024,182,4.5459999995500766e-05,4.246999998258616e-05,3.422000000341541e-05,1568
Kyber1024,183,3.9899999990211654e-05,4.7499999993760866e-05,3.47099999942202e-05,1568
Kyber1024,184,4.131000000029417e-05,6.138000000532884e-05,3.743999999983316e-05,1568
Kyber1024,185,4.215000001295266e-05,4.719000000363849e-05,3.872999999998683e-05,1568
Kyber1024,186,4.339000000186388e-05,4.99000000218075e-05,3.906999998548599e-05,1568
Kyber1024,187,4.076000001873581e-05,4.6590000010837684e-05,3.80500000005668e-05,1568
Kyber1024,188,5.6780000022627064e-05,4.717999999570566e-05,3.358000000730499e-05,1568
Kyber1024,189,3.983999999945809e-05,5.15199999995275e-05,4.130900001086957e-05,1568
Kyber1024,190,3.853999999137159e-05,4.352000001972556e-05,3.29189999774826e-05,1568
Kyber1024,191,4.197100000169485e-05,4.6840000010206495e-05,3.6970999985896924e-05,1568
Kyber1024,192,5.732900001476082e-05,4.913999998734653e-05,3.491999999027939e-05,1568
Kyber1024,193,3.823000000124921e-05,4.541000001268003e-05,3.703999999515872e-05,1568
Kyber1024,194,4.2269999994459795e-05,4.893999999922016e-05,3.784100002235391e-05,1568
Kyber1024,195,3.838900002506307e-05,4.3260000012423916e-05,6.530999999654341e-05,1568
Kyber1024,196,3.74199999839675e-05,4.298999999718944e-05,3.7880000007817216e-05,1568
Kyber1024,197,4.443000000264874e-05,4.769000000237611e-05,4.0969999986373296e-05,1568
Kyber1024,198,3.9340000000720465e-05,4.31500000104279e-05,3.416000001266184e-05,1568
Kyber1024,199,3.872999999998683e-05,4.506999999875916e-05,4.856999998992251e-05,1568
Kyber1024,200,3.71700000130204e-05,4.2679999978645355e-05,3.55199999830802e-05,1568
Kyber1024,201,3.9490000006026094e-05,4.745000001094013e-05,4.592000001935048e-05,1568
Kyber1024,202,3.99500000014541e-05,4.583000000479842e-05,3.5659999980452994e-05,1568
Kyber1024,203,3.6309999984496244e-05,6.032999999661115e-05,3.9990000004763715e-05,1568
Kyber1024,204,3.845999998475236e-05,4.4719999976905456e-05,3.7370000001146764e-05,1568
Kyber1024,205,3.6399999999048305e-05,4.445999999802552e-05,3.465000000346663e-05,1568
Kyber1024,206,3.996000000938693e-05,4.555999998956395e-05,3.4189999979616914e-05,1568
Kyber1024,207,3.764899997804605e-05,4.4468999988112046e-05,4.6920000016825725e-05,1568
Kyber1024,208,3.8939999996046026e-05,4.531999999812797e-05,3.7220000024262845e-05,1568
Kyber1024,209,3.954999999677966e-05,4.518999998026629e-05,3.645000001029075e-05,1568
Kyber1024,210,3.866000000130043e-05,4.586899999026173e-05,3.736000002163564e-05,1568
Kyber1024,211,3.792000001112683e-05,4.426899999998568e-05,5.6299999982911686e-05,1568
Kyber1024,212,4.2129999997087e-05,4.340000000979671e-05,3.311999998345527e-05,1568
Kyber1024,213,4.013099999156111e-05,4.6249000007492214e-05,3.742900000247573e-05,1568
Kyber1024,214,3.8678999999319785e-05,4.4220000006589544e-05,3.661000002352921e-05,1568
Kyber1024,215,3.75599999813403e-05,4.3330000011110315e-05,5.114000001071872e-05,1568
Kyber1024,216,4.2119999989154167e-05,4.623999998898398e-05,3.817000001049564e-05,1568
Kyber1024,217,4.2600000000447835e-05,4.799999999249849e-05,4.0059999975028404e-05,1568
Kyber1024,218,4.258000001300388e-05,4.784999998719286e-05,3.952000000140288e-05,1568
Kyber1024,219,3.9569999984223614e-05,5.8479999978544583e-05,3.472999998166415e-05,1568
Kyber1024,220,3.838000000655484e-05,4.802999998787527e-05,7.980000000884502e-05,1568
Kyber1024,221,4.8309999982620866e-05,4.564000002460489e-05,3.507000002400673e-05,1568
Kyber1024,222,4.083000001742221e-05,4.784000000768174e-05,3.800999999725718e-05,1568
Kyber1024,223,0.0003293800000108149,0.00010606999998685751,4.9700000005259426e-05,1568
Kyber1024,224,8.766000001969587e-05,5.3119999989803546e-05,3.707900000904374e-05,1568
Kyber1024,225,4.255999999713822e-05,5.251100000691622e-05,4.140999999435735e-05,1568
Kyber1024,226,8.800000000519503e-05,5.6039000014607154e-05,4.3259999984002206e-05,1568
Kyber1024,227,4.340000000979671e-05,5.122000001733795e-05,3.732000001832603e-05,1568
Kyber1024,228,5.110899999749563e-05,4.654999997910636e-05,6.03100000091672e-05,1568
Kyber1024,229,4.0320000010751755e-05,4.9109000002545145e-05,3.735999999321393e-05,1568
Kyber1024,230,3.968000001464134e-05,4.727999998976884e-05,0.0016224400000055539,1568
Kyber1024,231,8.242999999197309e-05,4.9018999987993084e-05,3.662000000304033e-05,1568
Kyber1024,232,4.0399999988949276e-05,4.3248999986644776e-05,3.2489000005853086e-05,1568
Kyber1024,233,4.1060000000925356e-05,4.574999999817919e-05,5.3919999999152424e-05,1568
Kyber1024,234,3.851100001384111e-05,3.962900001397429e-05,3.23909999906391e-05,1568
Kyber1024,235,3.499999999689862e-05,4.493099999081096e-05,3.280000001382177e-05,1568
Kyber1024,236,3.889999999273641e-05,4.809000000705055e-05,3.490999998234656e-05,1568
Kyber1024,237,4.00200000001405e-05,4.1780000003655005e-05,3.727000000708358e-05,1568
Kyber1024,238,4.11110000015924e-05,4.719000000363849e-05,5.2220000014813195e-05,1568
Kyber1024,239,4.5049999982893496e-05,4.7649999999066495e-05,3.63600000241604e-05,1568
Kyber1024,240,3.698999998391628e-05,3.9090000001351655e-05,3.315999998676489e-05,1568
Kyber1024,241,3.479999998035055e-05,4.312999999456224e-05,7.370000000150867e-05,1568
Kyber1024,242,4.450000000133514e-05,4.2199999995773396e-05,3.359999999474894e-05,1568
Kyber1024,243,3.399999999942338e-05,3.906000000597487e-05,3.103999998188556e-05,1568
Kyber1024,244,4.0970000014795005e-05,5.477999999925487e-05,3.489000002332432e-05,1568
Kyber1024,245,3.595999999106425e-05,4.146999998511092e-05,3.548999998770341e-05,1568
Kyber1024,246,3.8110000019742074e-05,4.7659999978577616e-05,4.8300000003109744e-05,1568
Kyber1024,247,4.053000000681095e-05,4.5619999980317516e-05,3.595999999106425e-05,1568
Kyber1024,248,4.3079999983319794e-05,4.713000001288492e-05,3.616999998712345e-05,1568
Kyber1024,249,3.938000000403008e-05,4.412999999203748e-05,6.250000001273293e-05,1568
Kyber1024,250,4.174000000034539e-05,4.0549999994254904e-05,3.3699999988812124e-05,1568
Kyber1024,251,3.961999999546606e-05,4.658000000290485e-05,3.75599999813403e-05,1568
Kyber1024,252,3.895000000397886e-05,4.712999998446321e-05,3.66090000056829e-05,1568
Kyber1024,253,3.843100000722188e-05,4.4650999996065366e-05,3.738899999916612e-05,1568
Kyber1024,254,3.9259999994101236e-05,4.5459999995500766e-05,4.465999998615189e-05,1568
Kyber1024,255,3.9580999981581044e-05,4.5369000019945815e-05,3.6969000007047725e-05,1568
Kyber1024,256,3.9590999989513875e-05,4.492899998354005e-05,3.6491000003024965e-05,1568
Kyber1024,257,3.87890000013158e-05,6.702000001723718e-05,3.918999999541484e-05,1568
Kyber1024,258,3.977999998028281e-05,4.2839999991883815e-05,3.5510000003569075e-05,1568
Kyber1024,259,3.813000000718603e-05,4.490000000600958e-05,3.6230000006298724e-05,1568
Kyber1024,260,3.888000000529246e-05,4.3740000023717585e-05,3.634999998780586e-05,1568
Kyber1024,261,3.849000000855085e-05,4.5609999972384685e-05,3.571999999962827e-05,1568
Kyber1024,262,3.9409999999406864e-05,4.493000000138636e-05,0.00010001999999076361,1568
Kyber1024,263,4.151999999635336e-05,4.591999999092877e-05,3.64699999977347e-05,1568
Kyber1024,264,4.019000002131179e-05,4.5220000004064786e-05,3.702000000771477e-05,1568
Kyber1024,265,8.428000001003966e-05,4.41699999953471e-05,3.04900000003272e-05,1568
Kyber1024,266,3.441000001203065e-05,3.8780000011229276e-05,3.071999998383035e-05,1568
Kyber1024,267,3.422000000341541e-05,4.108000001679102e-05,3.0870000017557686e-05,1568
Kyber1024,268,3.231000002301698e-05,3.939000001196291e-05,3.196000000116328e-05,1568
Kyber1024,269,3.329000000462656e-05,3.845999998475236e-05,3.0270000024756882e-05,1568
Kyber1024,270,3.344000000993219e-05,5.42999999879612e-05,3.111999998850479e-05,1568
Kyber1024,271,3.4690000006776245e-05,4.3000000005122274e-05,3.651999998055544e-05,1568
Kyber1024,272,4.2680000007067065e-05,4.8629999980676075e-05,3.9409999999406864e-05,1568
Kyber1024,273,5.268999998975232e-05,8.055000000695145e-05,4.2989000007764844e-05,1568
Kyber1024,274,4.764000001955537e-05,5.020899999408357e-05,3.9079999993418824e-05,1568
Kyber1024,275,3.968900000472786e-05,4.3239999996558254e-05,3.4269999986236144e-05,1568
Kyber1024,276,4.233099997463796e-05,4.3320000003177483e-05,3.447999998229534e-05,1568
Kyber1024,277,3.800900000783258e-05,4.539999997632549e-05,3.650900001161972e-05,1568
Kyber1024,278,0.0003091100000176539,0.00014672999998310843,5.0909999998793865e-05,1568
Kyber1024,279,4.8970000023018656e-05,4.755000000500331e-05,3.596999999899708e-05,1568
Kyber1024,280,4.1460000005599795e-05,4.5519999986254334e-05,3.435000002127708e-05,1568
Kyber1024,281,3.839999999399879e-05,4.296999998132378e-05,3.51300000147603e-05,1568
Kyber1024,282,3.807000001643246e-05,4.321000000118147e-05,3.2980000014504185e-05,1568
Kyber1024,283,3.637000000367152e-05,4.475000000070395e-05,5.606999999940854e-05,1568
Kyber1024,284,4.238999997596693e-05,4.685999999765045e-05,3.6560000012286764e-05,1568
Kyber1024,285,3.7800000001197986e-05,4.746000001887296e-05,7.375999999226224e-05,1568
Kyber1024,286,5.0679999986869007e-05,4.547999998294472e-05,4.022000001668857e-05,1568
Kyber1024,287,3.858000002310291e-05,4.721000001950415e-05,3.7910000003194e-05,1568
Kyber1024,288,4.00899999988269e-05,4.5790000001488806e-05,3.767900000184454e-05,1568
Kyber1024,289,4.082000000948938e-05,4.6420000018088103e-05,3.684000000703236e-05,1568
Kyber1024,290,4.075100000022758e-05,4.570999999486958e-05,3.669000000172673e-05,1568
Kyber1024,291,4.017999998495725e-05,5.7679999997617415e-05,3.838899999664136e-05,1568
Kyber1024,292,4.059099998698912e-05,4.648000000884167e-05,3.80889999860301e-05,1568
Kyber1024,293,7.739999998079838e-05,4.8800000001847366e-05,3.651000000104432e-05,1568
Kyber1024,294,3.833099998473699e-05,4.756000001293614e-05,3.638000001160435e-05,1568
Kyber1024,295,4.050000001143417e-05,4.5949999986305556e-05,3.720000000839718e-05,1568
Kyber1024,296,3.825000001711487e-05,5.7020000014063044e-05,3.77700000058212e-05,1568
Kyber1024,297,4.062000002136301e-05,4.544000000805681e-05,3.706999999053551e-05,1568
Kyber1024,298,4.26599999912014e-05,4.680000000689688e-05,4.502000001593842e-05,1568
Kyber1024,299,3.9829999991525256e-05,4.660999999828164e-05,3.644000000235792e-05,1568
Kyber1024,300,3.9580000020578154e-05,3.934999998023159e-05,3.119999999512402e-05,1568
Kyber1024,301,0.0001426399999786554,6.679999998482344e-05,3.848000000061802e-05,1568
Kyber1024,302,4.34699999800614e-05,4.587999998761916e-05,3.714999999715474e-05,1568
Kyber1024,303,3.9419999978917986e-05,4.241999999976542e-05,3.490000000283544e-05,1568
Kyber1024,304,4.0399999988949276e-05,4.8069999991184886e-05,3.685999999447631e-05,1568
Kyber1024,305,4.330999999524465e-05,4.674000001614331e-05,5.054999999742904e-05,1568
Kyber1024,306,4.0080000019315776e-05,4.531999999812797e-05,3.638000001160435e-05,1568
Kyber1024,307,4.165999999372616e-05,4.4810000019879226e-05,3.669000000172673e-05,1568
Kyber1024,308,6.079999999997199e-05,4.784999998719286e-05,3.479000000083943e-05,1568
Kyber1024,309,4.046000000812455e-05,4.688000001351611e-05,3.7870999989308984e-05,1568
Kyber1024,310,4.0411000014728415e-05,4.607100001408071e-05,3.849999998806197e-05,1568
Kyber1024,311,4.220999997528452e-05,4.6089999983678354e-05,3.8988999989442163e-05,1568
Kyber1024,312,3.926900001260947e-05,7.37800000081279e-05,4.776899999114903e-05,1568
Kyber1024,313,4.3989999994664686e-05,6.879999997977393e-05,3.939000001196291e-05,1568
Kyber1024,314,4.1310999989718766e-05,4.590000000348482e-05,3.8350000011178054e-05,1568
Kyber1024,315,0.00010054999998487801,7.85299999961353e-05,4.043000001274777e-05,1568
Kyber1024,316,7.576000001563443e-05,7.782000000133849e-05,6.68200000006891e-05,1568
Kyber1024,317,4.780000000437212e-05,7.83200000000761e-05,7.270000000403343e-05,1568
Kyber1024,318,7.991000001084103e-05,9.066999999163272e-05,7.597000001169363e-05,1568
Kyber1024,319,7.872000000475055e-05,5.5570000000670916e-05,8.715999999253654e-05,1568
Kyber1024,320,7.981999999628897e-05,7.831000002056498e-05,7.242000000928783e-05,1568
Kyber1024,321,7.963999999560656e-05,5.2629999998998755e-05,4.020000000082291e-05,1568
Kyber1024,322,7.235999999011256e-05,7.236999999804539e-05,4.554999998163112e-05,1568
Kyber1024,323,0.00018478900000218346,7.978000002140107e-05,7.543999998915751e-05,1568
Kyber1024,324,6.779899999287409e-05,5.293099999903461e-05,4.3489000006502465e-05,1568
Kyber1024,325,7.051999997997882e-05,7.256899999674715e-05,3.994000002194298e-05,1568
Kyber1024,326,7.47300000227824e-05,6.923000000824686e-05,4.492099998287813e-05,1568
Kyber1024,327,4.3980000015153564e-05,5.243000001087239e-05,0.0001013899999975365,1568
Kyber1024,328,5.600999998023326e-05,5.501999999069085e-05,4.665000000159125e-05,1568
Kyber1024,329,4.570999999486958e-05,7.122000002368623e-05,5.6550000010702206e-05,1568
Kyber1024,330,4.9519999976155304e-05,5.0509999994119426e-05,4.0159999997513296e-05,1568
Kyber1024,331,5.0739999977622574e-05,4.873000000316097e-05,3.562999998507621e-05,1568
Kyber1024,332,4.436999998347346e-05,4.452999999671192e-05,3.724999999121792e-05,1568
Kyber1024,333,3.831000000786844e-05,4.839999999717293e-05,3.626000000167551e-05,1568
Kyber1024,334,3.874000000791966e-05,5.959999998594867e-05,3.866000000130043e-05,1568
Kyber1024,335,3.947999999809326e-05,5.179000001476197e-05,4.720999999108244e-05,1568
Kyber1024,336,5.383000001302207e-05,9.339999999724569e-05,7.996899998374829e-05,1568
Kyber1024,337,8.438000000410284e-05,8.359000000268679e-05,7.401999999956388e-05,1568
Kyber1024,338,7.336999999552063e-05,5.193999999164589e-05,5.895099999975173e-05,1568
Kyber1024,339,7.707099999265665e-05,0.000106450000004088,7.303999998953259e-05,1568
Kyber1024,340,7.573999999976877e-05,9.666900001548129e-05,4.848899999387868e-05,1568
Kyber1024,341,6.99100000076669e-05,7.666000001904649e-05,5.4830000010497315e-05,1568
Kyber1024,342,4.515999998488951e-05,7.07199999965269e-05,6.894000000556844e-05,1568
Kyber1024,343,4.445999999802552e-05,7.223000000067259e-05,6.958000000167885e-05,1568
Kyber1024,344,6.55199999926026e-05,7.88099999908809e-05,3.9740000005394904e-05,1568
Kyber1024,345,6.494999999517859e-05,4.9540000020442676e-05,3.4130000017285056e-05,1568
Kyber1024,346,7.5470000012956e-05,5.909000000769993e-05,4.727000001025772e-05,1568
Kyber1024,347,4.9289999992652156e-05,6.29500000002281e-05,3.6149999999679494e-05,1568
Kyber1024,348,3.8850000009915675e-05,4.562999998825035e-05,3.59400000036203e-05,1568
Kyber1024,349,3.9409999999406864e-05,4.567999999949279e-05,3.848999998012914e-05,1568
Kyber1024,350,5.236000001218599e-05,5.884999998784224e-05,4.362000001378874e-05,1568
Kyber1024,351,5.9710000016366394e-05,4.702999999040003e-05,3.731900000047972e-05,1568
Kyber1024,352,3.715999997666586e-05,4.264000000375745e-05,3.760999999258274e-05,1568
Kyber1024,353,5.660000002194465e-05,4.7330000001011285e-05,3.676000000041313e-05,1568
Kyber1024,354,4.317899998795838e-05,5.5879999990793294e-05,3.8509000006570204e-05,1568
Kyber1024,355,3.942899999742622e-05,4.271099999186845e-05,3.3969000014622e-05,1568
Kyber1024,356,4.1928999991114324e-05,4.330000001573353e-05,3.67499999924803e-05,1568
Kyber1024,357,4.3820000001915105e-05,4.698000000757929e-05,4.676899999367379e-05,1568
Kyber1024,358,4.964000001450586e-05,8.60199999976885e-05,4.266000001962311e-05,1568
Kyber1024,359,4.08299999890005e-05,4.3590000018411956e-05,3.9999999984274837e-05,1568
Kyber1024,360,4.5519999986254334e-05,8.474999998497879e-05,7.927999999424173e-05,1568
Kyber1024,361,4.473999999277112e-05,4.6989999987090414e-05,3.768000001969085e-05,1568
Kyber1024,362,4.1379999998980566e-05,4.608000000416723e-05,6.700000000137152e-05,1568
Kyber1024,363,4.379999998604944e-05,4.8560000010411386e-05,3.911000001721732e-05,1568
Kyber1024,364,4.205000001888948e-05,4.705000000626569e-05,4.0900000016108606e-05,1568
Kyber1024,365,5.919000000176311e-05,4.715000000032887e-05,5.1240000004781905e-05,1568
Kyber1024,366,4.622000000154003e-05,4.9599999982774534e-05,5.354000001034365e-05,1568
Kyber1024,367,5.0100000009933865e-05,9.321999999656327e-05,4.358999998999025e-05,1568
Kyber1024,368,4.3910000016467166e-05,4.629000000022643e-05,3.300000000194814e-05,1568
Kyber1024,369,3.602999998975065e-05,4.4300000013208773e-05,3.663000001097316e-05,1568
Kyber1024,370,3.649900000368689e-05,4.255999999713822e-05,3.486900001803406e-05,1568
Kyber1024,371,3.6251000011588985e-05,5.537999999205567e-05,3.4771000002820074e-05,1568
Kyber1024,372,4.793899998389861e-05,4.6268999994936166e-05,3.8019999976768304e-05,1568
Kyber1024,373,3.992899999616384e-05,4.573999999024636e-05,3.756899999984853e-05,1568
Kyber1024,374,3.975900000341426e-05,6.787999998891792e-05,3.91400000125941e-05,1568
Kyber1024,375,3.8920000008602074e-05,4.501999998751671e-05,3.5271000001557695e-05,1568
Kyber1024,376,4.508000000669199e-05,4.977899999403235e-05,4.46600000145736e-05,1568
Kyber1024,377,4.964000001450586e-05,7.893000000080974e-05,4.376999999067266e-05,1568
Kyber1024,378,4.824000001235618e-05,5.5309999993369274e-05,4.19899999997142e-05,1568
Kyber1024,379,4.4720000005327165e-05,5.969999998001185e-05,4.1949999996404586e-05,1568
Kyber1024,380,4.981999998676656e-05,5.312999999773638e-05,4.004999999551728e-05,1568
Kyber1024,381,6.250000001273293e-05,5.104999999616666e-05,3.938000000403008e-05,1568
Kyber1024,382,4.0570000010120566e-05,4.558999998494073e-05,3.881000000660606e-05,1568
Kyber1024,383,4.0079999990894066e-05,4.5290000002751185e-05,3.7380000009079595e-05,1568
Kyber1024,384,3.939999999147403e-05,4.397000000722073e-05,3.451000000609383e-05,1568
Kyber1024,385,3.9499999985537215e-05,4.4080000009216747e-05,3.437999998823216e-05,1568
Kyber1024,386,3.816000000256281e-05,4.420999999865671e-05,5.082000001266351e-05,1568
Kyber1024,387,4.303000000049906e-05,4.7499999993760866e-05,3.8281000001916254e-05,1568
Kyber1024,388,4.118999999036532e-05,4.5690000007425624e-05,6.534999999985303e-05,1568
Kyber1024,389,5.1649999988967465e-05,5.6698999998161526e-05,4.268899999715359e-05,1568
Kyber1024,390,4.794000000174492e-05,5.219100000886101e-05,3.903999999010921e-05,1568
Kyber1024,391,4.3239999996558254e-05,5.0989999976991385e-05,4.6451000002889486e-05,1568
Kyber1024,392,4.9588999985417104e-05,5.219999999894753e-05,4.222000001163906e-05,1568
Kyber1024,393,4.011100000411716e-05,4.776899999114903e-05,4.82499999918673e-05,1568
Kyber1024,394,4.1369999991047735e-05,4.8539999994545724e-05,3.985000000739092e-05,1568
Kyber1024,395,3.8759999995363614e-05,4.705000000626569e-05,3.855899998939094e-05,1568
Kyber1024,396,5.608000000734137e-05,7.777999999802887e-05,3.979999999614847e-05,1568
Kyber1024,397,4.1609999982483714e-05,4.647000000090884e-05,3.817999999000676e-05,1568
Kyber1024,398,4.010999998627085e-05,4.676999998309839e-05,3.828999999200278e-05,1568
Kyber1024,399,3.9659999998775675e-05,4.721999999901527e-05,3.7300000002460365e-05,1568
Kyber1024,400,3.913000000466127e-05,4.729999997721279e-05,3.817999999000676e-05,1568
Kyber1024,401,3.9490000006026094e-05,0.000259599999992588,0.00018890999999143787,1568
Kyber1024,402,6.1009999996031183e-05,5.803000001947112e-05,4.04400000206806e-05,1568
Kyber1024,403,4.3739999995295875e-05,5.1150000018651554e-05,4.155999999966298e-05,1568
Kyber1024,404,4.629900001873466e-05,9.42100000145274e-05,3.547000000025946e-05,1568
Kyber1024,405,3.8929999988113195e-05,4.930000000058499e-05,3.692000001365159e-05,1568
Kyber1024,406,4.0299000005461494e-05,4.573100000015984e-05,3.7449000018341394e-05,1568
Kyber1024,407,3.92800000099669e-05,5.2070999998932166e-05,5.7440000006181435e-05,1568
Kyber1024,408,5.876999998122301e-05,4.574000001866807e-05,3.300000000194814e-05,1568
Kyber1024,409,3.8279999984069946e-05,4.371999997943021e-05,3.587999998444502e-05,1568
Kyber1024,410,4.038000000150532e-05,4.7148999982482565e-05,3.79800000018804e-05,1568
Kyber1024,411,3.875000001585249e-05,5.340999999248197e-05,5.1640000009456344e-05,1568
Kyber1024,412,4.101999999761574e-05,4.294000001436871e-05,3.5668999998961226e-05,1568
Kyber1024,413,4.122900000425034e-05,4.957999999533058e-05,4.3729999987363044e-05,1568
Kyber1024,414,8.592000000362532e-05,4.8870000000533764e-05,6.61500000092019e-05,1568
Kyber1024,415,4.86700000124074e-05,4.4790000004013564e-05,4.040999999688211e-05,1568
Kyber1024,416,4.3820000001915105e-05,4.690000000096006e-05,3.7140000017643615e-05,1568
Kyber1024,417,3.963000000339889e-05,4.604999998036874e-05,3.733999997734827e-05,1568
Kyber1024,418,3.996999998889805e-05,4.788000001099135e-05,4.837000000179614e-05,1568
Kyber1024,419,3.9490000006026094e-05,4.660999999828164e-05,3.692000001365159e-05,1568
Kyber1024,420,3.916000000003805e-05,4.5359999973015874e-05,3.6800000003722744e-05,1568
Kyber1024,421,4.034000002661742e-05,4.4879999990143915e-05,3.6719999997103514e-05,1568
Kyber1024,422,3.844999997681953e-05,6.098999998016552e-05,4.018999999289008e-05,1568
Kyber1024,423,4.069999999956053e-05,4.515000000537839e-05,3.6410000006981136e-05,1568
Kyber1024,424,3.946900000073583e-05,4.6520000012151286e-05,3.769100001704828e-05,1568
Kyber1024,425,3.8200000005872425e-05,4.598999998961517e-05,3.700000002027082e-05,1568
Kyber1024,426,3.806999998801075e-05,4.684900000029302e-05,4.824000001235618e-05,1568
Kyber1024,427,4.0149000000155866e-05,4.524899998159526e-05,3.761100001042905e-05,1568
Kyber1024,428,3.848000000061802e-05,5.1640000009456344e-05,3.823899999133573e-05,1568
Kyber1024,429,3.856999998674837e-05,4.5129000000088126e-05,3.711100001169143e-05,1568
Kyber1024,430,3.895999998348998e-05,6.798900000148933e-05,3.2649000019091545e-05,1568
Kyber1024,431,4.147900000361915e-05,4.278000000113025e-05,3.7389999988590716e-05,1568
Kyber1024,432,3.684999998654348e-05,8.403000001067085e-05,4.712000000495209e-05,1568
Kyber1024,433,4.857999999785534e-05,5.259999997520026e-05,4.214000000501983e-05,1568
Kyber1024,434,5.440000001044609e-05,4.770999998982006e-05,3.562000000556509e-05,1568
Kyber1024,435,4.900000001839544e-05,4.857999999785534e-05,3.5169999989648204e-05,1568
Kyber1024,436,3.853999999137159e-05,4.0880000000242944e-05,3.3380000019178624e-05,1568
Kyber1024,437,3.462999998760097e-05,4.39599999992879e-05,5.89400000023943e-05,1568
Kyber1024,438,4.061000001343018e-05,4.921999999396576e-05,3.538999999364023e-05,1568
Kyber1024,439,4.306000002429755e-05,5.1580000018702776e-05,3.935999998816442e-05,1568
Kyber1024,440,4.011999999420368e-05,4.917000001114502e-05,3.871000001254288e-05,1568
Kyber1024,441,4.629000000022643e-05,4.7420000015563346e-05,4.6910000008892894e-05,1568
Kyber1024,442,4.0470000016057384e-05,5.0740000006044284e-05,3.613000001223554e-05,1568
Kyber1024,443,4.0149999989580465e-05,4.653000002008412e-05,3.881000000660606e-05,1568
Kyber1024,444,4.0549999994254904e-05,4.544000000805681e-05,3.91400000125941e-05,1568
Kyber1024,445,5.731100000616607e-05,4.820000000904656e-05,3.9420000007339695e-05,1568
Kyber1024,446,4.131000000029417e-05,4.616000001078646e-05,3.84710000105315e-05,1568
Kyber1024,447,4.1939999988471754e-05,4.8719999995228136e-05,3.9990999994188314e-05,1568
Kyber1024,448,4.263999997533574e-05,4.643900001610746e-05,3.8840000001982844e-05,1568
Kyber1024,449,4.7399999999697684e-05,6.504000000973065e-05,3.921999999079162e-05,1568
Kyber1024,450,4.343999998468462e-05,4.720999999108244e-05,3.684000000703236e-05,1568
Kyber1024,451,4.1220000014163816e-05,4.5850000020664083e-05,3.718000002095323e-05,1568
Kyber1024,452,4.2430000007698254e-05,4.672999997978877e-05,5.9810000010429576e-05,1568
Kyber1024,453,3.9920000006077316e-05,4.694000000426968e-05,4.182999998647574e-05,1568
Kyber1024,454,4.6519999983729576e-05,4.875999999853775e-05,3.9259999994101236e-05,1568
Kyber1024,455,3.6149999999679494e-05,4.5530000022608874e-05,3.793000001905966e-05,1568
Kyber1024,456,5.790000000160944e-05,6.281999998236643e-05,4.311000000711829e-05,1568
Kyber1024,457,5.308000001491564e-05,5.1880000000892323e-05,4.437000001189517e-05,1568
Kyber1024,458,4.336999998599822e-05,4.55099999783215e-05,3.6489999985178656e-05,1568
Kyber1024,459,4.0320000010751755e-05,4.7330000001011285e-05,5.3610000009030045e-05,1568
Kyber1024,460,4.7489999985828035e-05,5.1010000021278756e-05,3.8109999991320365e-05,1568
Kyber1024,461,3.7060000011024385e-05,4.41699999953471e-05,3.5179999997581035e-05,1568
Kyber1024,462,3.712000000177795e-05,4.2129999997087e-05,3.9499999985537215e-05,1568
Kyber1024,463,4.2509999985895774e-05,4.4970000004695976e-05,3.425900001730042e-05,1568
Kyber1024,464,5.107100000145692e-05,4.45200000172008e-05,3.443100001732091e-05,1568
Kyber1024,465,3.806899999858615e-05,4.164000000628221e-05,3.5270000012133096e-05,1568
Kyber1024,466,3.588999999237785e-05,4.060899999558387e-05,3.6660000006349946e-05,1568
Kyber1024,467,3.588000001286673e-05,4.0888999990329467e-05,3.2799999985400063e-05,1568
Kyber1024,468,5.149999998366184e-05,4.352000001972556e-05,3.3550000011928205e-05,1568
Kyber1024,469,3.7640000016381236e-05,4.06899999916277e-05,3.3639999998058556e-05,1568
Kyber1024,470,3.6800000003722744e-05,4.526999998688552e-05,3.612899999438923e-05,1568
Kyber1024,471,4.19200000010278e-05,4.7319999993078454e-05,3.8109999991320365e-05,1568
Kyber1024,472,3.8770000003296445e-05,5.537999999205567e-05,3.906000000597487e-05,1568
Kyber1024,473,3.9830000019946965e-05,4.776000000106251e-05,3.831999998737956e-05,1568
Kyber1024,474,3.922999999872445e-05,4.6910000008892894e-05,3.8099999983387534e-05,1568
Kyber1024,475,3.863000000592365e-05,4.7069999993709644e-05,3.8719999992054e-05,1568
Kyber1024,476,5.672000000345179e-05,4.966000000194981e-05,3.6980000004405156e-05,1568
Kyber1024,477,4.036999999357249e-05,4.816000000573695e-05,3.7370000001146764e-05,1568
Kyber1024,478,3.939999999147403e-05,4.5360000001437584e-05,3.7789999993265155e-05,1568
Kyber1024,479,3.8509999995994804e-05,4.5779999993555975e-05,3.7219999995841135e-05,1568
Kyber1024,480,4.854000002296743e-05,4.9539999992020967e-05,3.968000001464134e-05,1568
Kyber1024,481,3.889000001322529e-05,4.654999997910636e-05,3.6230000006298724e-05,1568
Kyber1024,482,3.8930000016534905e-05,4.6190000006163245e-05,3.7469999995209946e-05,1568
Kyber1024,483,3.896000001191169e-05,4.54000000047472e-05,4.8469999995859325e-05,1568
Kyber1024,484,4.347999998799423e-05,4.8069999991184886e-05,3.92800000099669e-05,1568
Kyber1024,485,4.0251000001489956e-05,4.573999999024636e-05,3.753100000380982e-05,1568
Kyber1024,486,4.1130999989036354e-05,4.710899997917295e-05,3.903999999010921e-05,1568
Kyber1024,487,3.984899998954461e-05,4.538999999681437e-05,3.7460000015698824e-05,1568
Kyber1024,488,4.612899999756337e-05,4.618899998831694e-05,3.7789000003840556e-05,1568
Kyber1024,489,3.996000000938693e-05,4.567999999949279e-05,3.734000000576998e-05,1568
Kyber1024,490,3.947999999809326e-05,4.139999998642452e-05,3.4110000001419394e-05,1568
Kyber1024,491,3.687000000240914e-05,4.1290000012850214e-05,4.942000001051383e-05,1568
Kyber1024,492,3.849999998806197e-05,4.207000000633343e-05,3.320000001849621e-05,1568
Kyber1024,493,3.445999999485139e-05,4.036999999357249e-05,3.5989999986441035e-05,1568
Kyber1024,494,3.676000000041313e-05,4.384999999729189e-05,3.291999999532891e-05,1568
Kyber1024,495,3.7630000008448405e-05,4.180999999903179e-05,3.3559999991439327e-05,1568
Kyber1024,496,3.670000000965956e-05,4.892000001177621e-05,3.536999997777457e-05,1568
Kyber1024,497,3.712000000177795e-05,4.207000000633343e-05,3.5350000018752326e-05,1568
Kyber1024,498,3.677000000834596e-05,4.258000001300388e-05,4.288999997470455e-05,1568
Kyber1024,499,3.8040000021055675e-05,4.386000000522472e-05,3.5840000009557116e-05,1568
FrodoKEM-640-AES,0,0.0005093000000044867,0.0006382690000066304,0.0006422499999985121,9752
FrodoKEM-640-AES,1,0.00047202999999740314,0.0006528600000024198,0.0006261989999813977,9752
FrodoKEM-640-AES,2,0.0004634999999950651,0.0006769800000085979,0.0006441499999993994,9752
FrodoKEM-640-AES,3,0.0004819600000018909,0.0006546799999966879,0.0005950599999948736,9752
FrodoKEM-640-AES,4,0.000470579999984011,0.0006244600000115952,0.0006381899999894358,9752
FrodoKEM-640-AES,5,0.0004682190000266928,0.0007088000000123884,0.0006256599999971968,9752
FrodoKEM-640-AES,6,0.0004660390000026382,0.0006475899999998092,0.0005904199999804405,9752
FrodoKEM-640-AES,7,0.00046531000000982203,0.0018374089999895205,0.0006177900000068348,9752
FrodoKEM-640-AES,8,0.0005539899999860154,0.0007362000000057378,0.0006629000000089036,9752
FrodoKEM-640-AES,9,0.0004928190000157429,0.0006436699999881057,0.0006577499999878,9752
FrodoKEM-640-AES,10,0.0005323700000019471,0.0006525800000076742,0.0006562100000166993,9752
FrodoKEM-640-AES,11,0.0004609399999822017,0.0006579790000103003,0.0006319299999972827,9752
FrodoKEM-640-AES,12,0.0004584399999885136,0.0006491599999947084,0.0006018199999857643,9752
FrodoKEM-640-AES,13,0.0004833790000020599,0.0006932400000039252,0.0006145400000150403,9752
FrodoKEM-640-AES,14,0.00048577999999110943,0.0006508190000147351,0.0006698489999905632,9752
FrodoKEM-640-AES,15,0.0004615600000192899,0.0008177299999942989,0.0007326899999782199,9752
FrodoKEM-640-AES,16,0.0004520699999943645,0.0006731700000273122,0.0006250300000090192,9752
FrodoKEM-640-AES,17,0.00045005000001197004,0.001070738999999321,0.0006583299999931569,9752
FrodoKEM-640-AES,18,0.00045972999998866726,0.0006955690000154391,0.0006343499999843516,9752
FrodoKEM-640-AES,19,0.0004401299999869934,0.0006431500000019241,0.0006359200000076726,9752
FrodoKEM-640-AES,20,0.0004765600000098402,0.0006853499999976975,0.0006210599999860733,9752
FrodoKEM-640-AES,21,0.0004871399999899495,0.0006274989999894842,0.0006469699999911427,9752
FrodoKEM-640-AES,22,0.0004518700000062381,0.0007608300000185864,0.0006134690000010323,9752
FrodoKEM-640-AES,23,0.0004601999999920281,0.0006460199999764882,0.0006205700000236902,9752
FrodoKEM-640-AES,24,0.00045828000000369684,0.0006889510000007704,0.0006090589999985241,9752
FrodoKEM-640-AES,25,0.0004887400000086473,0.0006295899999884114,0.0006215800000006766,9752
FrodoKEM-640-AES,26,0.0004727500000001328,0.0006460099999969771,0.0006267400000012913,9752
FrodoKEM-640-AES,27,0.00046366999998781466,0.0006564889999935986,0.0006517699999903925,9752
FrodoKEM-640-AES,28,0.0004524200000162182,0.000652739999992491,0.0005804090000083306,9752
FrodoKEM-640-AES,29,0.0004718300000092768,0.001232240000007323,0.001034808999975212,9752
FrodoKEM-640-AES,30,0.0005543999999986227,0.0007187000000214994,0.0009961800000155563,9752
FrodoKEM-640-AES,31,0.0007430599999906917,0.0019413999999926546,0.0008195989999819631,9752
FrodoKEM-640-AES,32,0.0005278400000179317,0.001623639000001731,0.0004544299999906798,9752
FrodoKEM-640-AES,33,0.0004014400000187379,0.0004996499999947446,0.0005687689999831491,9752
FrodoKEM-640-AES,34,0.00046792099999493075,0.0005482800000038424,0.00043915999998489497,9752
FrodoKEM-640-AES,35,0.0004940900000178772,0.0007326600000112649,0.0006091890000163858,9752
FrodoKEM-640-AES,36,0.0004889899999795944,0.0006520199999897613,0.0006267290000039338,9752
FrodoKEM-640-AES,37,0.0004655490000118334,0.0014243999999905554,0.0007762399999933223,9752
FrodoKEM-640-AES,38,0.0005616100000054303,0.0006701899999939087,0.0006144700000163539,9752
FrodoKEM-640-AES,39,0.0004935789999933604,0.0006496400000060021,0.0006295790000194756,9752
FrodoKEM-640-AES,40,0.0006256199999938872,0.0006718600000112929,0.0006162299999914467,9752
FrodoKEM-640-AES,41,0.00047524000001430977,0.0010700800000051913,0.000843949000000066,9752
FrodoKEM-640-AES,42,0.0007035790000031739,0.0007142899999905694,0.0009660789999941244,9752
FrodoKEM-640-AES,43,0.0005531500000017786,0.0006862500000011096,0.0006454899999823738,9752
FrodoKEM-640-AES,44,0.00047273900000277536,0.0006590200000005098,0.0007626399999764999,9752
FrodoKEM-640-AES,45,0.0005732399999942572,0.0008175499999936164,0.0007650889999979427,9752
FrodoKEM-640-AES,46,0.0005735000000015589,0.0007956489999969563,0.000991550000009056,9752
FrodoKEM-640-AES,47,0.0006414099999858536,0.0006766799999979867,0.001925349000003962,9752
FrodoKEM-640-AES,48,0.000507809999987785,0.0006906190000108836,0.0005466899999930774,9752
FrodoKEM-640-AES,49,0.0003868699999998171,0.0004683500000055574,0.0005016199999943183,9752
FrodoKEM-640-AES,50,0.00048578000001953114,0.0006904800000029354,0.0006669090000173128,9752
FrodoKEM-640-AES,51,0.00046985000000177024,0.0006537700000137647,0.0006253800000024512,9752
FrodoKEM-640-AES,52,0.0004990300000144998,0.0006242000000042935,0.0006293300000095314,9752
FrodoKEM-640-AES,53,0.0004861600000083399,0.0004727500000001328,0.00047949000000357955,9752
FrodoKEM-640-AES,54,0.00037869000001933273,0.0004583099999990736,0.00045715999999629275,9752
FrodoKEM-640-AES,55,0.0004943600000046899,0.0009503199999869594,0.0007986900000105379,9752
FrodoKEM-640-AES,56,0.0005693199999825538,0.0008229700000015328,0.0006713899999795103,9752
FrodoKEM-640-AES,57,0.0005143399999951725,0.0006915999999819178,0.0006410499999844887,9752
FrodoKEM-640-AES,58,0.0005042200000104913,0.0006958399999916765,0.0008611399999836067,9752
FrodoKEM-640-AES,59,0.0006014699999923323,0.0007004400000027999,0.0006753300000070794,9752
FrodoKEM-640-AES,60,0.0005582100000083301,0.0006692799999825638,0.0006504990000166799,9752
FrodoKEM-640-AES,61,0.0004783400000007987,0.0006707900000151312,0.0006489399999907164,9752
FrodoKEM-640-AES,62,0.00048164000000383567,0.0006660800000020117,0.0006371699999760949,9752
FrodoKEM-640-AES,63,0.0004737099999942984,0.0006795600000089053,0.0006289389999949435,9752
FrodoKEM-640-AES,64,0.00047065999999063024,0.0006812899999886213,0.0006364589999918735,9752
FrodoKEM-640-AES,65,0.000477399999994077,0.0006538199999965855,0.0006357199999911245,9752
FrodoKEM-640-AES,66,0.0004730389999849649,0.0007086889999925461,0.0006462700000042787,9752
FrodoKEM-640-AES,67,0.0004715299999986655,0.000660609999982853,0.0006398390000015297,9752
FrodoKEM-640-AES,68,0.000470359999980019,0.0006626900000128444,0.0006306999999878826,9752
FrodoKEM-640-AES,69,0.0005451999999763757,0.0006614289999902212,0.0006332700000086788,9752
FrodoKEM-640-AES,70,0.00046767999998564846,0.0006644100000130493,0.0006332389999954557,9752
FrodoKEM-640-AES,71,0.000462599999991653,0.0006610000000080163,0.0006578400000023521,9752
FrodoKEM-640-AES,72,0.0004905389999976251,0.0006730400000094505,0.0006987799999933486,9752
FrodoKEM-640-AES,73,0.0005106600000033268,0.0007357200000228659,0.0006323190000045997,9752
FrodoKEM-640-AES,74,0.0004758500000150434,0.000651709999999639,0.0006154600000058963,9752
FrodoKEM-640-AES,75,0.0004898400000001857,0.0006573199999877488,0.0006587999999965177,9752
FrodoKEM-640-AES,76,0.0005238499999791202,0.0007395690000180366,0.0007196999999905529,9752
FrodoKEM-640-AES,77,0.0005823500000019521,0.0006813899999826845,0.0006399399999850175,9752
FrodoKEM-640-AES,78,0.00046789000001012937,0.0007131300000082774,0.0006488100000012764,9752
FrodoKEM-640-AES,79,0.00046429899998656765,0.0006676989999903071,0.0006107700000086425,9752
FrodoKEM-640-AES,80,0.00048265999998875486,0.0006934689999980037,0.0006106499999987136,9752
FrodoKEM-640-AES,81,0.000468960000006291,0.0006128499999817905,0.0006087200000024495,9752
FrodoKEM-640-AES,82,0.0004781999999750042,0.0006430699999953049,0.0006277600000146322,9752
FrodoKEM-640-AES,83,0.00047520000001100016,0.0006606699999736065,0.0006257390000143914,9752
FrodoKEM-640-AES,84,0.0004928699999879882,0.0006413299999792343,0.0006414290000122946,9752
FrodoKEM-640-AES,85,0.0005008790000147201,0.000650310000025911,0.000634529999985034,9752
FrodoKEM-640-AES,86,0.0005001499999934822,0.0006730590000074699,0.0006595190000098228,9752
FrodoKEM-640-AES,87,0.00047347999998237356,0.0006715700000086144,0.0006067799999982526,9752
FrodoKEM-640-AES,88,0.0004893189999961578,0.0008337999999810108,0.0006013199999870267,9752
FrodoKEM-640-AES,89,0.00047301000000743443,0.002001409000001786,0.0006574600000135433,9752
FrodoKEM-640-AES,90,0.0004908890000194788,0.0006640400000037516,0.0006383899999775622,9752
FrodoKEM-640-AES,91,0.0004968099999871356,0.0006343989999777477,0.000648280000007162,9752
FrodoKEM-640-AES,92,0.0004925400000104219,0.000636229999997795,0.0006205489999899783,9752
FrodoKEM-640-AES,93,0.0004761000000144122,0.0005207700000084969,0.0004969700000003741,9752
FrodoKEM-640-AES,94,0.0003872999999998683,0.0004679799999962597,0.000456540000016048,9752
FrodoKEM-640-AES,95,0.0003431199999965884,0.00047238999999876796,0.0006591899999932593,9752
FrodoKEM-640-AES,96,0.0004868289999819808,0.0006292790000088644,0.0007600799999920582,9752
FrodoKEM-640-AES,97,0.0004988500000138174,0.0006792899999936708,0.000670118999977376,9752
FrodoKEM-640-AES,98,0.0004871300000104384,0.0006460600000082195,0.0006536799999992127,9752
FrodoKEM-640-AES,99,0.000481269999994538,0.0006572990000108803,0.0006304999999997563,9752
FrodoKEM-976-AES,0,0.0008431489999907171,0.0011673099999995884,0.0010935089999861702,15792
FrodoKEM-976-AES,1,0.0008807000000103926,0.0014300390000130392,0.001296489999987216,15792
FrodoKEM-976-AES,2,0.0010880289999875004,0.00147305999999503,0.001437468999995417,15792
FrodoKEM-976-AES,3,0.001046838999997135,0.0014664390000120875,0.0013775500000008378,15792
FrodoKEM-976-AES,4,0.0010099190000119052,0.001517748999987134,0.0014224889999923107,15792
FrodoKEM-976-AES,5,0.0014512999999851672,0.001539278999985072,0.0015011689999937516,15792
FrodoKEM-976-AES,6,0.0013779789999830427,0.0016785900000115817,0.0014750100000071598,15792
FrodoKEM-976-AES,7,0.0010889790000021549,0.0014985100000046714,0.001270449000003282,15792
FrodoKEM-976-AES,8,0.0010593899999946643,0.0015410389999885865,0.003026358999989043,15792
FrodoKEM-976-AES,9,0.0010897999999883723,0.001570568999994748,0.0014578889999938838,15792
FrodoKEM-976-AES,10,0.001050079999998843,0.0015206900000066526,0.0014568699999983892,15792
FrodoKEM-976-AES,11,0.0010221199999875807,0.0018706889999862142,0.0015521490000196536,15792
FrodoKEM-976-AES,12,0.0010891300000253068,0.001592688999977554,0.001445950000004359,15792
FrodoKEM-976-AES,13,0.0010529689999998482,0.0015206799999987197,0.0014667289999863442,15792
FrodoKEM-976-AES,14,0.0011445800000160489,0.0015773190000061277,0.0016041389999941202,15792
FrodoKEM-976-AES,15,0.0010813600000005863,0.0015246490000038193,0.0014557799999863619,15792
FrodoKEM-976-AES,16,0.0010454089999996086,0.001511779999987084,0.0014487790000146106,15792
FrodoKEM-976-AES,17,0.000990520000016204,0.001565228999993451,0.0015675100000009934,15792
FrodoKEM-976-AES,18,0.0010598699999775363,0.0012457399999732388,0.0010906390000116062,15792
FrodoKEM-976-AES,19,0.0008507590000021992,0.0025103990000161502,0.001131820000011885,15792
FrodoKEM-976-AES,20,0.000978428999985681,0.001184539999997014,0.0011908489999825633,15792
FrodoKEM-976-AES,21,0.0012939000000073975,0.001465178999978889,0.0009319400000151745,15792
FrodoKEM-976-AES,22,0.0006519000000082542,0.0009935189999907834,0.0008721799999875657,15792
FrodoKEM-976-AES,23,0.0008679400000062287,0.0012904189999858318,0.001110329999988835,15792
FrodoKEM-976-AES,24,0.0009327590000225428,0.0012427000000059252,0.0012057090000041626,15792
FrodoKEM-976-AES,25,0.000932318999986137,0.001259318999984771,0.0011098689999755607,15792
FrodoKEM-976-AES,26,0.0008588400000064667,0.0011278899999922487,0.0011584100000163744,15792
FrodoKEM-976-AES,27,0.0008130199999811794,0.00118354999997905,0.00111999000000651,15792
FrodoKEM-976-AES,28,0.001402288999997836,0.0018677490000129637,0.0010859700000196426,15792
FrodoKEM-976-AES,29,0.0008453300000041963,0.0012520489999872098,0.0011193900000137091,15792
FrodoKEM-976-AES,30,0.0008386290000146346,0.0012215099999934864,0.001153359999989334,15792
FrodoKEM-976-AES,31,0.0008588800000097763,0.0011771000000067033,0.0010914990000117086,15792
FrodoKEM-976-AES,32,0.0007935200000019904,0.0011622199999976601,0.001106048999986342,15792
FrodoKEM-976-AES,33,0.0007879100000138806,0.0011757789999933266,0.001094059999985575,15792
FrodoKEM-976-AES,34,0.0007983299999807514,0.0011509889999956613,0.001092909999982794,15792
FrodoKEM-976-AES,35,0.0008072999999910735,0.001156750000006923,0.0010984700000165049,15792
FrodoKEM-976-AES,36,0.0008122490000062044,0.0011157499999967513,0.0010838890000002266,15792
FrodoKEM-976-AES,37,0.0009102499999755764,0.0011807099999998627,0.001123688999996375,15792
FrodoKEM-976-AES,38,0.001653869999984181,0.0025601889999791183,0.0013676490000023023,15792
FrodoKEM-976-AES,39,0.0008535999999992328,0.0011889689999975417,0.001103360000001885,15792
FrodoKEM-976-AES,40,0.0008099099999867576,0.0011528989999760597,0.0010906400000010308,15792
FrodoKEM-976-AES,41,0.0008064499999989039,0.0011764900000059697,0.001094039999998131,15792
FrodoKEM-976-AES,42,0.0008045200000026398,0.001150730000006206,0.0011142300000130945,15792
FrodoKEM-976-AES,43,0.0008266090000006443,0.0011400799999989886,0.0010943789999942055,15792
FrodoKEM-976-AES,44,0.0008419700000104058,0.0011626889999831747,0.001086238999988609,15792
FrodoKEM-976-AES,45,0.0007948500000054537,0.0011479300000019066,0.0010890689999882852,15792
FrodoKEM-976-AES,46,0.0007928499999820815,0.001139289000008148,0.0010876300000006722,15792
FrodoKEM-976-AES,47,0.0008004689999836501,0.0012037789999794768,0.0010896290000061981,15792
FrodoKEM-976-AES,48,0.0008038889999966159,0.001181360000003906,0.0011088390000111303,15792
FrodoKEM-976-AES,49,0.0008109599999954753,0.0011653899999828354,0.0010995690000186187,15792
FrodoKEM-976-AES,50,0.0008197999999879357,0.0011483600000019578,0.0010967400000083671,15792
FrodoKEM-976-AES,51,0.0007921600000031503,0.0011576200000149584,0.0010899199999983011,15792
FrodoKEM-976-AES,52,0.0007894889999988663,0.0011500489999889396,0.001084920000010925,15792
FrodoKEM-976-AES,53,0.0007894589999750679,0.0011720290000027944,0.0011440289999882225,15792
FrodoKEM-976-AES,54,0.0008055489999776455,0.0011433589999967353,0.0010879890000126125,15792
FrodoKEM-976-AES,55,0.0008128500000168515,0.0011373400000138645,0.0010782700000220302,15792
FrodoKEM-976-AES,56,0.0008274799999981042,0.0011326390000192532,0.001096708999995144,15792
FrodoKEM-976-AES,57,0.0007979599999998754,0.0011911090000182867,0.0010831999999822983,15792
FrodoKEM-976-AES,58,0.0008076200000175504,0.0011404100000049766,0.001088570000007394,15792
FrodoKEM-976-AES,59,0.0008254190000229755,0.0011395500000048742,0.0010821889999874656,15792
FrodoKEM-976-AES,60,0.0008049399999947582,0.0011386900000047717,0.0010831790000054298,15792
FrodoKEM-976-AES,61,0.0008023999999977605,0.0011321599999973841,0.0010896790000174406,15792
FrodoKEM-976-AES,62,0.0008388699999954952,0.0011498089999975036,0.001105089999981601,15792
FrodoKEM-976-AES,63,0.0007971400000030826,0.0011423990000025697,0.0011176699999850825,15792
FrodoKEM-976-AES,64,0.0007958490000135043,0.0011438800000007632,0.0010926599999834252,15792
FrodoKEM-976-AES,65,0.0008510400000147911,0.0011697899999774108,0.0010895789999949557,15792
FrodoKEM-976-AES,66,0.0009212200000092707,0.0011552899999855981,0.0011075000000175805,15792
FrodoKEM-976-AES,67,0.0008079300000076728,0.0012120890000062445,0.0010817299999814622,15792
FrodoKEM-976-AES,68,0.0008001999999862619,0.0011408089999918047,0.0010835100000008424,15792
FrodoKEM-976-AES,69,0.0008232890000101634,0.0011335289999863107,0.0010817200000019511,15792
FrodoKEM-976-AES,70,0.0007996299999888379,0.001154049999996687,0.00109023899997851,15792
FrodoKEM-976-AES,71,0.0008000499999809563,0.0011332400000014786,0.0010870689999933347,15792
FrodoKEM-976-AES,72,0.0008048199999848293,0.0011423489999913272,0.001086060000005773,15792
FrodoKEM-976-AES,73,0.0008017800000175157,0.0011413089999905424,0.0010945999999876221,15792
FrodoKEM-976-AES,74,0.0008002799999928811,0.0011400589999936983,0.0010798600000043734,15792
FrodoKEM-976-AES,75,0.0008647690000032071,0.0011669300000107796,0.0011148989999867354,15792
FrodoKEM-976-AES,76,0.00080176000000165,0.0011416300000064439,0.0010975490000078025,15792
FrodoKEM-976-AES,77,0.0008021600000063245,0.0011423900000124831,0.0011499490000232981,15792
FrodoKEM-976-AES,78,0.0008041499999933421,0.0011287490000029266,0.0010948700000028566,15792
FrodoKEM-976-AES,79,0.0008010699999942972,0.0011490589999993972,0.0011042100000224764,15792
FrodoKEM-976-AES,80,0.0008171700000048077,0.0011410399999931542,0.00108923000001937,15792
FrodoKEM-976-AES,81,0.0008032490000005055,0.0011496700000179771,0.0010889190000114013,15792
FrodoKEM-976-AES,82,0.0008699290000038218,0.0011529100000018389,0.0011531490000038502,15792
FrodoKEM-976-AES,83,0.0007943800000020929,0.001266209999982948,0.0010966000000109943,15792
FrodoKEM-976-AES,84,0.0007992700000158948,0.0011912090000123499,0.0010988800000006904,15792
FrodoKEM-976-AES,85,0.0008035300000130974,0.0011394990000042071,0.001090749999974605,15792
FrodoKEM-976-AES,86,0.0009456189999923481,0.0019934789999922486,0.0011927899999761848,15792
FrodoKEM-976-AES,87,0.0008269299999881241,0.0011783889999890107,0.0011037499999986267,15792
FrodoKEM-976-AES,88,0.0008191889999977775,0.001211759999989681,0.0010976199999959135,15792
FrodoKEM-976-AES,89,0.0013548689999822727,0.002388029000002234,0.001485680000001821,15792
FrodoKEM-976-AES,90,0.0019195989999900576,0.0011685190000036982,0.0010950599999830501,15792
FrodoKEM-976-AES,91,0.0008044399999960206,0.0017904489999978068,0.0011211599999967348,15792
FrodoKEM-976-AES,92,0.0008354299999950854,0.0011244800000156374,0.001049698999992188,15792
FrodoKEM-976-AES,93,0.0008601099999907547,0.0011984999999867796,0.001059709000003295,15792
FrodoKEM-976-AES,94,0.0008006600000101116,0.001150840000008202,0.0010718599999961498,15792
FrodoKEM-976-AES,95,0.0007975000000044474,0.0011671999999975924,0.0010414090000097076,15792
FrodoKEM-976-AES,96,0.000813319000002366,0.0011613089999968906,0.0010517899999911151,15792
FrodoKEM-976-AES,97,0.000790279999989707,0.001439470000008214,0.0011827390000007654,15792
FrodoKEM-976-AES,98,0.0008350299999904109,0.0011464799999885145,0.001067798999997649,15792
FrodoKEM-976-AES,99,0.0008177200000147877,0.0011121699999989687,0.0010912490000123398,15792
FrodoKEM-1344-AES,0,0.001412369999997054,0.0019524690000025657,0.0018914890000019113,21696
FrodoKEM-1344-AES,1,0.0014605689999882543,0.0019800800000098207,0.0020156690000021626,21696
FrodoKEM-1344-AES,2,0.001392949000006638,0.001942350000007309,0.001891298999993296,21696
FrodoKEM-1344-AES,3,0.0013824389999967934,0.0019444799999916995,0.0018747099999814054,21696
FrodoKEM-1344-AES,4,0.0014884390000133862,0.0030751890000146886,0.001995609000005061,21696
FrodoKEM-1344-AES,5,0.001427248999988251,0.0019798189999846727,0.0018993289999968965,21696
FrodoKEM-1344-AES,6,0.001406239999994341,0.001956659000001082,0.0018864289999953598,21696
FrodoKEM-1344-AES,7,0.0013787400000069283,0.0019555290000141667,0.0018724690000055944,21696
FrodoKEM-1344-AES,8,0.0013717500000041127,0.001946849000006523,0.0018880590000094344,21696
FrodoKEM-1344-AES,9,0.0013963899999964724,0.0019390289999989818,0.001955519000006234,21696
FrodoKEM-1344-AES,10,0.001387809999982892,0.0019489489999955367,0.0018868689999749222,21696
FrodoKEM-1344-AES,11,0.0013604399999849193,0.0019395790000089619,0.001887549000002764,21696
FrodoKEM-1344-AES,12,0.0013716500000100496,0.0019429389999743307,0.0018914590000065346,21696
FrodoKEM-1344-AES,13,0.0013708100000258128,0.0019221189999996113,0.001877868999997645,21696
FrodoKEM-1344-AES,14,0.0013688399999978174,0.0019401189999825874,0.0018738189999965016,21696
FrodoKEM-1344-AES,15,0.001392210000005889,0.0019421089999980268,0.003078838999982736,21696
FrodoKEM-1344-AES,16,0.0021997990000102163,0.0020940189999976155,0.0018940899999790872,21696
FrodoKEM-1344-AES,17,0.0013896090000002914,0.001953948999982913,0.002038618999989694,21696
FrodoKEM-1344-AES,18,0.0013883299999974952,0.0019547390000127507,0.0019381990000226779,21696
FrodoKEM-1344-AES,19,0.0013725899999883495,0.0019509889999937968,0.0018677889999878516,21696
FrodoKEM-1344-AES,20,0.0014335999999843807,0.0019592390000013893,0.0018758089999835192,21696
FrodoKEM-1344-AES,21,0.0013792190000003757,0.0019540600000027553,0.0018809989999795107,21696
FrodoKEM-1344-AES,22,0.0013716599999895607,0.0019515689999991537,0.0019137789999774668,21696
FrodoKEM-1344-AES,23,0.0013737700000149289,0.0019363600000019687,0.0019664890000115065,21696
FrodoKEM-1344-AES,24,0.0013835990000075071,0.0019348689999958424,0.0019382989999883193,21696
FrodoKEM-1344-AES,25,0.001414860000011231,0.0019919089999973494,0.0018715090000114287,21696
FrodoKEM-1344-AES,26,0.0013760600000125578,0.0019649289999961184,0.0019027390000019295,21696
FrodoKEM-1344-AES,27,0.0014132499999846004,0.0019385399999976016,0.0018935589999955482,21696
FrodoKEM-1344-AES,28,0.0013637090000031549,0.0019315899999980957,0.0018725490000122136,21696
FrodoKEM-1344-AES,29,0.0013797089999911805,0.0019806500000072447,0.0018741790000262881,21696
FrodoKEM-1344-AES,30,0.0013756190000151491,0.0019335790000241104,0.0019182089999958407,21696
FrodoKEM-1344-AES,31,0.0014245790000018133,0.001975369999996701,0.0018861389999926814,21696
FrodoKEM-1344-AES,32,0.0013816390000158663,0.0019493190000048344,0.0018864989999940462,21696
FrodoKEM-1344-AES,33,0.0013756189999867274,0.002619049000003315,0.0023522900000045865,21696
FrodoKEM-1344-AES,34,0.0014090100000032635,0.002018479000014395,0.0018864190000158487,21696
FrodoKEM-1344-AES,35,0.0014097300000059931,0.0026922990000173286,0.002287998999975116,21696
FrodoKEM-1344-AES,36,0.0014274499999942236,0.00197710999998435,0.0018843690000096558,21696
FrodoKEM-1344-AES,37,0.0013729199999943376,0.0019455499999878612,0.001877208999985669,21696
FrodoKEM-1344-AES,38,0.0013720490000252994,0.0019504099999778646,0.0019079690000012306,21696
FrodoKEM-1344-AES,39,0.001356369999996332,0.002018500000019685,0.0018314189999841801,21696
FrodoKEM-1344-AES,40,0.0014165390000187017,0.0019212500000094224,0.0019099890000120467,21696
FrodoKEM-1344-AES,41,0.00146249900001294,0.001972760000001017,0.0018743490000190377,21696
FrodoKEM-1344-AES,42,0.0014756089999821143,0.00268338899999776,0.0019140999999933683,21696
FrodoKEM-1344-AES,43,0.0014107100000160244,0.001953899000000092,0.0019504390000122385,21696
FrodoKEM-1344-AES,44,0.0012791100000129063,0.0015805290000230343,0.001546829999995225,21696
FrodoKEM-1344-AES,45,0.0014545690000034028,0.002201648999999861,0.0019891999999970267,21696
FrodoKEM-1344-AES,46,0.0014682089999951131,0.0020884390000048825,0.0017877490000159924,21696
FrodoKEM-1344-AES,47,0.0014522289999945315,0.0019543190000206323,0.0018852500000150485,21696
FrodoKEM-1344-AES,48,0.001458409000008487,0.0020738590000064505,0.0025325590000022657,21696
FrodoKEM-1344-AES,49,0.0014348100000063368,0.0019630790000064735,0.0019198489999894264,21696
FrodoKEM-1344-AES,50,0.0014347500000155833,0.0020155989999750545,0.0018864890000145351,21696
FrodoKEM-1344-AES,51,0.0015495190000081038,0.0022591190000014194,0.002595729000006486,21696
FrodoKEM-1344-AES,52,0.0014387989999988804,0.0019920790000185207,0.002019090000004553,21696
FrodoKEM-1344-AES,53,0.0015253790000144818,0.0019913589999873693,0.00188589999999067,21696
FrodoKEM-1344-AES,54,0.0014637189999859856,0.00235219900000061,0.0021002590000023247,21696
FrodoKEM-1344-AES,55,0.0021986389999995026,0.002000818999988496,0.002085359999995262,21696
FrodoKEM-1344-AES,56,0.0014666390000002139,0.001897108999997954,0.001519600000023047,21696
FrodoKEM-1344-AES,57,0.0010654090000059568,0.0019765699999823028,0.002065259000005426,21696
FrodoKEM-1344-AES,58,0.001493148999998084,0.0020734200000163128,0.002000968999993802,21696
FrodoKEM-1344-AES,59,0.0014045890000033978,0.0019427800000073603,0.0031807889999981853,21696
FrodoKEM-1344-AES,60,0.0014589289999946686,0.0020384590000048775,0.0018944390000115163,21696
FrodoKEM-1344-AES,61,0.0013782999999989443,0.001917398999978559,0.0020781089999957203,21696
FrodoKEM-1344-AES,62,0.0013767000000086682,0.0019226100000082624,0.0018641789999946923,21696
FrodoKEM-1344-AES,63,0.0014460190000136208,0.001975979999997435,0.00187491899998804,21696
FrodoKEM-1344-AES,64,0.0015879590000054122,0.001984749999991209,0.0025365099999987706,21696
FrodoKEM-1344-AES,65,0.0014756589999933567,0.0019750589999887325,0.0018607099999883303,21696
FrodoKEM-1344-AES,66,0.0014262489999907757,0.001547818999995343,0.0013472600000170587,21696
FrodoKEM-1344-AES,67,0.0012146189999953094,0.002118319000004476,0.0020026690000065628,21696
FrodoKEM-1344-AES,68,0.0015743989999918995,0.0020427900000186128,0.001834158999997726,21696
FrodoKEM-1344-AES,69,0.001439298999997618,0.0019878790000120716,0.0018853999999919324,21696
FrodoKEM-1344-AES,70,0.0015800989999945614,0.001963359000001219,0.0018552290000002358,21696
FrodoKEM-1344-AES,71,0.0015442099999916081,0.0021954489999984617,0.0019360590000019329,21696
FrodoKEM-1344-AES,72,0.0014859999999998763,0.001971779000001561,0.0018406989999846246,21696
FrodoKEM-1344-AES,73,0.0014771099999961734,0.0019628989999773694,0.0018888289999949848,21696
FrodoKEM-1344-AES,74,0.0014610300000015286,0.002480758999979571,0.0025038089999895874,21696
FrodoKEM-1344-AES,75,0.001860448999991604,0.0027167089999977634,0.0025434990000121616,21696
FrodoKEM-1344-AES,76,0.0014195489999906385,0.00323547900001131,0.0019152700000120149,21696
FrodoKEM-1344-AES,77,0.0014185390000136522,0.002008199000016475,0.0016219789999922796,21696
FrodoKEM-1344-AES,78,0.0010838500000147633,0.0015583699999979217,0.0020154590000061035,21696
FrodoKEM-1344-AES,79,0.0014910390000011375,0.0028232690000038474,0.002006628999993154,21696
FrodoKEM-1344-AES,80,0.0014058100000227114,0.001979698999974744,0.0020530090000079326,21696
FrodoKEM-1344-AES,81,0.0025815390000047955,0.002136758999995436,0.0019171700000129022,21696
FrodoKEM-1344-AES,82,0.0013892690000147923,0.001972109999996974,0.0018980389999967429,21696
FrodoKEM-1344-AES,83,0.001383728999996947,0.001953469000000041,0.002567489000000478,21696
FrodoKEM-1344-AES,84,0.0022248899999794958,0.002054659000009451,0.0018816390000040428,21696
FrodoKEM-1344-AES,85,0.0013966999999865948,0.0019894399999884627,0.00189585900000111,21696
FrodoKEM-1344-AES,86,0.0013810490000025766,0.0019458790000044246,0.0018786489999911282,21696
FrodoKEM-1344-AES,87,0.002004158999994843,0.0020733190000044033,0.0019068500000116728,21696
FrodoKEM-1344-AES,88,0.001410068999973646,0.0019684899999958816,0.0028388179999865315,21696
FrodoKEM-1344-AES,89,0.0019605200000114564,0.0020277989999897272,0.0018979190000152357,21696
FrodoKEM-1344-AES,90,0.0013743089999991298,0.0019502400000135367,0.002986789000004819,21696
FrodoKEM-1344-AES,91,0.001777008999994223,0.001988068999992265,0.001900479999989102,21696
FrodoKEM-1344-AES,92,0.001396429999999782,0.0019771790000220335,0.001895528999995122,21696
FrodoKEM-1344-AES,93,0.0015395989999831272,0.001965879000010773,0.0018876890000001367,21696
FrodoKEM-1344-AES,94,0.001487510000004022,0.0019461189999958606,0.001967468999993116,21696
FrodoKEM-1344-AES,95,0.001468309000017598,0.0019856689999926402,0.0018847689999859085,21696
FrodoKEM-1344-AES,96,0.0018163390000154322,0.0027692179999974087,0.0019027000000164662,21696
FrodoKEM-1344-AES,97,0.0014977790000045843,0.002629288999997925,0.002920769000013479,21696
FrodoKEM-1344-AES,98,0.0025195089999954234,0.0031432480000148644,0.0026365600000133327,21696
FrodoKEM-1344-AES,99,0.0019062590000089585,0.0025819889999922907,0.002548488999991605,21696
