encryption_time,decryption_time,ciphertext_size,skipped_reason,key_size,message_size,sample_idx,key_gen_time,serialization_time
4.0379999973083613e-05,0.00013762300000053074,128.0,,1024,16,0,0.030115097000020796,0.0003305950000367375
4.3237999989287346e-05,0.00012473899994347448,128.0,,1024,32,0,0.030115097000020796,0.0003305950000367375
,,,message_size=64B exceeds RSA-OAEP/SHA-256 max plaintext (62B) for a 1024-bit key,1024,64,0,0.030115097000020796,0.0003305950000367375
,,,message_size=128B exceeds RSA-OAEP/SHA-256 max plaintext (62B) for a 1024-bit key,1024,128,0,0.030115097000020796,0.0003305950000367375
,,,message_size=256B exceeds RSA-OAEP/SHA-256 max plaintext (62B) for a 1024-bit key,1024,256,0,0.030115097000020796,0.0003305950000367375
,,,message_size=512B exceeds RSA-OAEP/SHA-256 max plaintext (62B) for a 1024-bit key,1024,512,0,0.030115097000020796,0.0003305950000367375
,,,message_size=1024B exceeds RSA-OAEP/SHA-256 max plaintext (62B) for a 1024-bit key,1024,1024,0,0.030115097000020796,0.0003305950000367375
3.491499990104785e-05,0.0001281549999703202,128.0,,1024,16,1,0.015520659999992859,5.155700000614161e-05
2.3538000050393748e-05,0.00012684000000717788,128.0,,1024,32,1,0.015520659999992859,5.155700000614161e-05
,,,message_size=64B exceeds RSA-OAEP/SHA-256 max plaintext (62B) for a 1024-bit key,1024,64,1,0.015520659999992859,5.155700000614161e-05
,,,message_size=128B exceeds RSA-OAEP/SHA-256 max plaintext (62B) for a 1024-bit key,1024,128,1,0.015520659999992859,5.155700000614161e-05
,,,message_size=256B exceeds RSA-OAEP/SHA-256 max plaintext (62B) for a 1024-bit key,1024,256,1,0.015520659999992859,5.155700000614161e-05
,,,message_size=512B exceeds RSA-OAEP/SHA-256 max plaintext (62B) for a 1024-bit key,1024,512,1,0.015520659999992859,5.155700000614161e-05
,,,message_size=1024B exceeds RSA-OAEP/SHA-256 max plaintext (62B) for a 1024-bit key,1024,1024,1,0.015520659999992859,5.155700000614161e-05
4.0526000020690844e-05,0.00014656999996986997,128.0,,1024,16,2,0.01919698000006065,4.785399994489126e-05
2.6132000016332313e-05,0.00012211900002512266,128.0,,1024,32,2,0.01919698000006065,4.785399994489126e-05
,,,message_size=64B exceeds RSA-OAEP/SHA-256 max plaintext (62B) for a 1024-bit key,1024,64,2,0.01919698000006065,4.785399994489126e-05
,,,message_size=128B exceeds RSA-OAEP/SHA-256 max plaintext (62B) for a 1024-bit key,1024,128,2,0.01919698000006065,4.785399994489126e-05
,,,message_size=256B exceeds RSA-OAEP/SHA-256 max plaintext (62B) for a 1024-bit key,1024,256,2,0.01919698000006065,4.785399994489126e-05
,,,message_size=512B exceeds RSA-OAEP/SHA-256 max plaintext (62B) for a 1024-bit key,1024,512,2,0.01919698000006065,4.785399994489126e-05
,,,message_size=1024B exceeds RSA-OAEP/SHA-256 max plaintext (62B) for a 1024-bit key,1024,1024,2,0.01919698000006065,4.785399994489126e-05
2.8292000024521258e-05,0.00013422799997897528,128.0,,1024,16,3,0.007046865999996044,5.2869000001010136e-05
2.3111000018616323e-05,0.00012070399998265202,128.0,,1024,32,3,0.007046865999996044,5.2869000001010136e-05
,,,message_size=64B exceeds RSA-OAEP/SHA-256 max plaintext (62B) for a 1024-bit key,1024,64,3,0.007046865999996044,5.2869000001010136e-05
,,,message_size=128B exceeds RSA-OAEP/SHA-256 max plaintext (62B) for a 1024-bit key,1024,128,3,0.007046865999996044,5.2869000001010136e-05
,,,message_size=256B exceeds RSA-OAEP/SHA-256 max plaintext (62B) for a 1024-bit key,1024,256,3,0.007046865999996044,5.2869000001010136e-05
,,,message_size=512B exceeds RSA-OAEP/SHA-256 max plaintext (62B) for a 1024-bit key,1024,512,3,0.007046865999996044,5.2869000001010136e-05
,,,message_size=1024B exceeds RSA-OAEP/SHA-256 max plaintext (62B) for a 1024-bit key,1024,1024,3,0.007046865999996044,5.2869000001010136e-05
2.9949999998279964e-05,0.00012338900000941067,128.0,,1024,16,4,0.01581103000000894,5.0783000006049406e-05
2.2812999986854265e-05,0.00012731300000723422,128.0,,1024,32,4,0.01581103000000894,5.0783000006049406e-05
,,,message_size=64B exceeds RSA-OAEP/SHA-256 max plaintext (62B) for a 1024-bit key,1024,64,4,0.01581103000000894,5.0783000006049406e-05
,,,message_size=128B exceeds RSA-OAEP/SHA-256 max plaintext (62B) for a 1024-bit key,1024,128,4,0.01581103000000894,5.0783000006049406e-05
,,,message_size=256B exceeds RSA-OAEP/SHA-256 max plaintext (62B) for a 1024-bit key,1024,256,4,0.01581103000000894,5.0783000006049406e-05
,,,message_size=512B exceeds RSA-OAEP/SHA-256 max plaintext (62B) for a 1024-bit key,1024,512,4,0.01581103000000894,5.0783000006049406e-05
,,,message_size=1024B exceeds RSA-OAEP/SHA-256 max plaintext (62B) for a 1024-bit key,1024,1024,4,0.01581103000000894,5.0783000006049406e-05
2.3791999979039247e-05,0.00012170200000127807,128.0,,1024,16,5,0.012149571999998443,4.413600004227192e-05
2.140499998404266e-05,0.00013005000005250622,128.0,,1024,32,5,0.012149571999998443,4.413600004227192e-05
,,,message_size=64B exceeds RSA-OAEP/SHA-256 max plaintext (62B) for a 1024-bit key,1024,64,5,0.012149571999998443,4.413600004227192e-05
,,,message_size=128B exceeds RSA-OAEP/SHA-256 max plaintext (62B) for a 1024-bit key,1024,128,5,0.012149571999998443,4.413600004227192e-05
,,,message_size=256B exceeds RSA-OAEP/SHA-256 max plaintext (62B) for a 1024-bit key,1024,256,5,0.012149571999998443,4.413600004227192e-05
,,,message_size=512B exceeds RSA-OAEP/SHA-256 max plaintext (62B) for a 1024-bit key,1024,512,5,0.012149571999998443,4.413600004227192e-05
,,,message_size=1024B exceeds RSA-OAEP/SHA-256 max plaintext (62B) for a 1024-bit key,1024,1024,5,0.012149571999998443,4.413600004227192e-05
2.499499998975807e-05,0.00012165399994046311,128.0,,1024,16,6,0.007934693999914089,4.38140000369458e-05
2.157599999463855e-05,0.00012703600009444926,128.0,,1024,32,6,0.007934693999914089,4.38140000369458e-05
,,,message_size=64B exceeds RSA-OAEP/SHA-256 max plaintext (62B) for a 1024-bit key,1024,64,6,0.007934693999914089,4.38140000369458e-05
,,,message_size=128B exceeds RSA-OAEP/SHA-256 max plaintext (62B) for a 1024-bit key,1024,128,6,0.007934693999914089,4.38140000369458e-05
,,,message_size=256B exceeds RSA-OAEP/SHA-256 max plaintext (62B) for a 1024-bit key,1024,256,6,0.007934693999914089,4.38140000369458e-05
,,,message_size=512B exceeds RSA-OAEP/SHA-256 max plaintext (62B) for a 1024-bit key,1024,512,6,0.007934693999914089,4.38140000369458e-05
,,,message_size=1024B exceeds RSA-OAEP/SHA-256 max plaintext (62B) for a 1024-bit key,1024,1024,6,0.007934693999914089,4.38140000369458e-05
2.775500001916953e-05,0.0001249819999884494,128.0,,1024,16,7,0.01731954299998506,6.110699996497715e-05
3.867500004162139e-05,0.00012509600003340893,128.0,,1024,32,7,0.01731954299998506,6.110699996497715e-05
,,,message_size=64B exceeds RSA-OAEP/SHA-256 max plaintext (62B) for a 1024-bit key,1024,64,7,0.01731954299998506,6.110699996497715e-05
,,,message_size=128B exceeds RSA-OAEP/SHA-256 max plaintext (62B) for a 1024-bit key,1024,128,7,0.01731954299998506,6.110699996497715e-05
,,,message_size=256B exceeds RSA-OAEP/SHA-256 max plaintext (62B) for a 1024-bit key,1024,256,7,0.01731954299998506,6.110699996497715e-05
,,,message_size=512B exceeds RSA-OAEP/SHA-256 max plaintext (62B) for a 1024-bit key,1024,512,7,0.01731954299998506,6.110699996497715e-05
,,,message_size=1024B exceeds RSA-OAEP/SHA-256 max plaintext (62B) for a 1024-bit key,1024,1024,7,0.01731954299998506,6.110699996497715e-05
2.7781000085269625e-05,0.00013201399997342378,128.0,,1024,16,8,0.007734751999919354,4.577400000016496e-05
2.568100001099083e-05,0.0001237810000702666,128.0,,1024,32,8,0.007734751999919354,4.577400000016496e-05
,,,message_size=64B exceeds RSA-OAEP/SHA-256 max plaintext (62B) for a 1024-bit key,1024,64,8,0.007734751999919354,4.577400000016496e-05
,,,message_size=128B exceeds RSA-OAEP/SHA-256 max plaintext (62B) for a 1024-bit key,1024,128,8,0.007734751999919354,4.577400000016496e-05
,,,message_size=256B exceeds RSA-OAEP/SHA-256 max plaintext (62B) for a 1024-bit key,1024,256,8,0.007734751999919354,4.577400000016496e-05
,,,message_size=512B exceeds RSA-OAEP/SHA-256 max plaintext (62B) for a 1024-bit key,1024,512,8,0.007734751999919354,4.577400000016496e-05
,,,message_size=1024B exceeds RSA-OAEP/SHA-256 max plaintext (62B) for a 1024-bit key,1024,1024,8,0.007734751999919354,4.577400000016496e-05
5.877500007045455e-05,0.00012794400004167983,128.0,,1024,16,9,0.008478458000013234,4.7808000090299174e-05
2.5158999960694928e-05,0.00013057900002877432,128.0,,1024,32,9,0.008478458000013234,4.7808000090299174e-05
,,,message_size=64B exceeds RSA-OAEP/SHA-256 max plaintext (62B) for a 1024-bit key,1024,64,9,0.008478458000013234,4.7808000090299174e-05
,,,message_size=128B exceeds RSA-OAEP/SHA-256 max plaintext (62B) for a 1024-bit key,1024,128,9,0.008478458000013234,4.7808000090299174e-05
,,,message_size=256B exceeds RSA-OAEP/SHA-256 max plaintext (62B) for a 1024-bit key,1024,256,9,0.008478458000013234,4.7808000090299174e-05
,,,message_size=512B exceeds RSA-OAEP/SHA-256 max plaintext (62B) for a 1024-bit key,1024,512,9,0.008478458000013234,4.7808000090299174e-05
,,,message_size=1024B exceeds RSA-OAEP/SHA-256 max plaintext (62B) for a 1024-bit key,1024,1024,9,0.008478458000013234,4.7808000090299174e-05
5.992000001242559e-05,0.00025156399999559653,128.0,,1024,16,10,0.031100621999939904,5.805299997518887e-05
4.7592000100848963e-05,0.00021708199994918687,128.0,,1024,32,10,0.031100621999939904,5.805299997518887e-05
,,,message_size=64B exceeds RSA-OAEP/SHA-256 max plaintext (62B) for a 1024-bit key,1024,64,10,0.031100621999939904,5.805299997518887e-05
,,,message_size=128B exceeds RSA-OAEP/SHA-256 max plaintext (62B) for a 1024-bit key,1024,128,10,0.031100621999939904,5.805299997518887e-05
,,,message_size=256B exceeds RSA-OAEP/SHA-256 max plaintext (62B) for a 1024-bit key,1024,256,10,0.031100621999939904,5.805299997518887e-05
,,,message_size=512B exceeds RSA-OAEP/SHA-256 max plaintext (62B) for a 1024-bit key,1024,512,10,0.031100621999939904,5.805299997518887e-05
,,,message_size=1024B exceeds RSA-OAEP/SHA-256 max plaintext (62B) for a 1024-bit key,1024,1024,10,0.031100621999939904,5.805299997518887e-05
2.438199999232893e-05,0.00012197399996694003,128.0,,1024,16,11,0.0182545409999193,5.378599996674893e-05
2.140599997346726e-05,0.00012349799999356037,128.0,,1024,32,11,0.0182545409999193,5.378599996674893e-05
,,,message_size=64B exceeds RSA-OAEP/SHA-256 max plaintext (62B) for a 1024-bit key,1024,64,11,0.0182545409999193,5.378599996674893e-05
,,,message_size=128B exceeds RSA-OAEP/SHA-256 max plaintext (62B) for a 1024-bit key,1024,128,11,0.0182545409999193,5.378599996674893e-05
,,,message_size=256B exceeds RSA-OAEP/SHA-256 max plaintext (62B) for a 1024-bit key,1024,256,11,0.0182545409999193,5.378599996674893e-05
,,,message_size=512B exceeds RSA-OAEP/SHA-256 max plaintext (62B) for a 1024-bit key,1024,512,11,0.0182545409999193,5.378599996674893e-05
,,,message_size=1024B exceeds RSA-OAEP/SHA-256 max plaintext (62B) for a 1024-bit key,1024,1024,11,0.0182545409999193,5.378599996674893e-05
2.7635000037662394e-05,0.00012357499997506238,128.0,,1024,16,12,0.009085946000027434,4.437499990217475e-05
2.206700003171136e-05,0.00012081799991392472,128.0,,1024,32,12,0.009085946000027434,4.437499990217475e-05
,,,message_size=64B exceeds RSA-OAEP/SHA-256 max plaintext (62B) for a 1024-bit key,1024,64,12,0.009085946000027434,4.437499990217475e-05
,,,message_size=128B exceeds RSA-OAEP/SHA-256 max plaintext (62B) for a 1024-bit key,1024,128,12,0.009085946000027434,4.437499990217475e-05
,,,message_size=256B exceeds RSA-OAEP/SHA-256 max plaintext (62B) for a 1024-bit key,1024,256,12,0.009085946000027434,4.437499990217475e-05
,,,message_size=512B exceeds RSA-OAEP/SHA-256 max plaintext (62B) for a 1024-bit key,1024,512,12,0.009085946000027434,4.437499990217475e-05
,,,message_size=1024B exceeds RSA-OAEP/SHA-256 max plaintext (62B) for a 1024-bit key,1024,1024,12,0.009085946000027434,4.437499990217475e-05
2.8531999987535528e-05,0.0001266340000256605,128.0,,1024,16,13,0.008534731000054308,4.8505999984627124e-05
2.506300006643869e-05,0.0001224860000093031,128.0,,1024,32,13,0.008534731000054308,4.8505999984627124e-05
,,,message_size=64B exceeds RSA-OAEP/SHA-256 max plaintext (62B) for a 1024-bit key,1024,64,13,0.008534731000054308,4.8505999984627124e-05
,,,message_size=128B exceeds RSA-OAEP/SHA-256 max plaintext (62B) for a 1024-bit key,1024,128,13,0.008534731000054308,4.8505999984627124e-05
,,,message_size=256B exceeds RSA-OAEP/SHA-256 max plaintext (62B) for a 1024-bit key,1024,256,13,0.008534731000054308,4.8505999984627124e-05
,,,message_size=512B exceeds RSA-OAEP/SHA-256 max plaintext (62B) for a 1024-bit key,1024,512,13,0.008534731000054308,4.8505999984627124e-05
,,,message_size=1024B exceeds RSA-OAEP/SHA-256 max plaintext (62B) for a 1024-bit key,1024,1024,13,0.008534731000054308,4.8505999984627124e-05
3.070800005389174e-05,0.00013502600006631837,128.0,,1024,16,14,0.015063616000020374,4.801900001893955e-05
2.316499990229204e-05,0.0001206659999297699,128.0,,1024,32,14,0.015063616000020374,4.801900001893955e-05
,,,message_size=64B exceeds RSA-OAEP/SHA-256 max plaintext (62B) for a 1024-bit key,1024,64,14,0.015063616000020374,4.801900001893955e-05
,,,message_size=128B exceeds RSA-OAEP/SHA-256 max plaintext (62B) for a 1024-bit key,1024,128,14,0.015063616000020374,4.801900001893955e-05
,,,message_size=256B exceeds RSA-OAEP/SHA-256 max plaintext (62B) for a 1024-bit key,1024,256,14,0.015063616000020374,4.801900001893955e-05
,,,message_size=512B exceeds RSA-OAEP/SHA-256 max plaintext (62B) for a 1024-bit key,1024,512,14,0.015063616000020374,4.801900001893955e-05
,,,message_size=1024B exceeds RSA-OAEP/SHA-256 max plaintext (62B) for a 1024-bit key,1024,1024,14,0.015063616000020374,4.801900001893955e-05
2.441300000555202e-05,0.0001243159999830823,128.0,,1024,16,15,0.009142474999976002,4.3850000110978726e-05
2.2622999949817313e-05,0.00014731400005985051,128.0,,1024,32,15,0.009142474999976002,4.3850000110978726e-05
,,,message_size=64B exceeds RSA-OAEP/SHA-256 max plaintext (62B) for a 1024-bit key,1024,64,15,0.009142474999976002,4.3850000110978726e-05
,,,message_size=128B exceeds RSA-OAEP/SHA-256 max plaintext (62B) for a 1024-bit key,1024,128,15,0.009142474999976002,4.3850000110978726e-05
,,,message_size=256B exceeds RSA-OAEP/SHA-256 max plaintext (62B) for a 1024-bit key,1024,256,15,0.009142474999976002,4.3850000110978726e-05
,,,message_size=512B exceeds RSA-OAEP/SHA-256 max plaintext (62B) for a 1024-bit key,1024,512,15,0.009142474999976002,4.3850000110978726e-05
,,,message_size=1024B exceeds RSA-OAEP/SHA-256 max plaintext (62B) for a 1024-bit key,1024,1024,15,0.009142474999976002,4.3850000110978726e-05
2.5641000092946342e-05,0.00012243799994848814,128.0,,1024,16,16,0.010936787000105141,4.539999997632549e-05
2.1665999952347192e-05,0.0001260280000678904,128.0,,1024,32,16,0.010936787000105141,4.539999997632549e-05
,,,message_size=64B exceeds RSA-OAEP/SHA-256 max plaintext (62B) for a 1024-bit key,1024,64,16,0.010936787000105141,4.539999997632549e-05
,,,message_size=128B exceeds RSA-OAEP/SHA-256 max plaintext (62B) for a 1024-bit key,1024,128,16,0.010936787000105141,4.539999997632549e-05
,,,message_size=256B exceeds RSA-OAEP/SHA-256 max plaintext (62B) for a 1024-bit key,1024,256,16,0.010936787000105141,4.539999997632549e-05
,,,message_size=512B exceeds RSA-OAEP/SHA-256 max plaintext (62B) for a 1024-bit key,1024,512,16,0.010936787000105141,4.539999997632549e-05
,,,message_size=1024B exceeds RSA-OAEP/SHA-256 max plaintext (62B) for a 1024-bit key,1024,1024,16,0.010936787000105141,4.539999997632549e-05
2.5442000037401158e-05,0.00012202400000660418,128.0,,1024,16,17,0.012217587000009189,4.2221000057907077e-05
2.217999997355946e-05,0.00012055900003815623,128.0,,1024,32,17,0.012217587000009189,4.2221000057907077e-05
,,,message_size=64B exceeds RSA-OAEP/SHA-256 max plaintext (62B) for a 1024-bit key,1024,64,17,0.012217587000009189,4.2221000057907077e-05
,,,message_size=128B exceeds RSA-OAEP/SHA-256 max plaintext (62B) for a 1024-bit key,1024,128,17,0.012217587000009189,4.2221000057907077e-05
,,,message_size=256B exceeds RSA-OAEP/SHA-256 max plaintext (62B) for a 1024-bit key,1024,256,17,0.012217587000009189,4.2221000057907077e-05
,,,message_size=512B exceeds RSA-OAEP/SHA-256 max plaintext (62B) for a 1024-bit key,1024,512,17,0.012217587000009189,4.2221000057907077e-05
,,,message_size=1024B exceeds RSA-OAEP/SHA-256 max plaintext (62B) for a 1024-bit key,1024,1024,17,0.012217587000009189,4.2221000057907077e-05
2.5202000074386888e-05,0.00013562300000558025,128.0,,1024,16,18,0.015387025999984871,5.044400006681826e-05
2.4226999926213466e-05,0.00012109500005408336,128.0,,1024,32,18,0.015387025999984871,5.044400006681826e-05
,,,message_size=64B exceeds RSA-OAEP/SHA-256 max plaintext (62B) for a 1024-bit key,1024,64,18,0.015387025999984871,5.044400006681826e-05
,,,message_size=128B exceeds RSA-OAEP/SHA-256 max plaintext (62B) for a 1024-bit key,1024,128,18,0.015387025999984871,5.044400006681826e-05
,,,message_size=256B exceeds RSA-OAEP/SHA-256 max plaintext (62B) for a 1024-bit key,1024,256,18,0.015387025999984871,5.044400006681826e-05
,,,message_size=512B exceeds RSA-OAEP/SHA-256 max plaintext (62B) for a 1024-bit key,1024,512,18,0.015387025999984871,5.044400006681826e-05
,,,message_size=1024B exceeds RSA-OAEP/SHA-256 max plaintext (62B) for a 1024-bit key,1024,1024,18,0.015387025999984871,5.044400006681826e-05
3.194700002495665e-05,0.00012363799999093317,128.0,,1024,16,19,0.015069029000073897,5.2457000037975376e-05
2.4488999997629435e-05,0.00012089799997738737,128.0,,1024,32,19,0.015069029000073897,5.2457000037975376e-05
,,,message_size=64B exceeds RSA-OAEP/SHA-256 max plaintext (62B) for a 1024-bit key,1024,64,19,0.015069029000073897,5.2457000037975376e-05
,,,message_size=128B exceeds RSA-OAEP/SHA-256 max plaintext (62B) for a 1024-bit key,1024,128,19,0.015069029000073897,5.2457000037975376e-05
,,,message_size=256B exceeds RSA-OAEP/SHA-256 max plaintext (62B) for a 1024-bit key,1024,256,19,0.015069029000073897,5.2457000037975376e-05
,,,message_size=512B exceeds RSA-OAEP/SHA-256 max plaintext (62B) for a 1024-bit key,1024,512,19,0.015069029000073897,5.2457000037975376e-05
,,,message_size=1024B exceeds RSA-OAEP/SHA-256 max plaintext (62B) for a 1024-bit key,1024,1024,19,0.015069029000073897,5.2457000037975376e-05
2.4315000018759747e-05,0.00012886200011053006,128.0,,1024,16,20,0.011635125999987395,4.216199999973469e-05
2.2562000026482565e-05,0.00012064099996678124,128.0,,1024,32,20,0.011635125999987395,4.216199999973469e-05
,,,message_size=64B exceeds RSA-OAEP/SHA-256 max plaintext (62B) for a 1024-bit key,1024,64,20,0.011635125999987395,4.216199999973469e-05
,,,message_size=128B exceeds RSA-OAEP/SHA-256 max plaintext (62B) for a 1024-bit key,1024,128,20,0.011635125999987395,4.216199999973469e-05
,,,message_size=256B exceeds RSA-OAEP/SHA-256 max plaintext (62B) for a 1024-bit key,1024,256,20,0.011635125999987395,4.216199999973469e-05
,,,message_size=512B exceeds RSA-OAEP/SHA-256 max plaintext (62B) for a 1024-bit key,1024,512,20,0.011635125999987395,4.216199999973469e-05
,,,message_size=1024B exceeds RSA-OAEP/SHA-256 max plaintext (62B) for a 1024-bit key,1024,1024,20,0.011635125999987395,4.216199999973469e-05
2.4203000066336244e-05,0.00013174299999718642,128.0,,1024,16,21,0.008155854000051477,3.8394999933188956e-05
2.2936999926059798e-05,0.00012091899998267763,128.0,,1024,32,21,0.008155854000051477,3.8394999933188956e-05
,,,message_size=64B exceeds RSA-OAEP/SHA-256 max plaintext (62B) for a 1024-bit key,1024,64,21,0.008155854000051477,3.8394999933188956e-05
,,,message_size=128B exceeds RSA-OAEP/SHA-256 max plaintext (62B) for a 1024-bit key,1024,128,21,0.008155854000051477,3.8394999933188956e-05
,,,message_size=256B exceeds RSA-OAEP/SHA-256 max plaintext (62B) for a 1024-bit key,1024,256,21,0.008155854000051477,3.8394999933188956e-05
,,,message_size=512B exceeds RSA-OAEP/SHA-256 max plaintext (62B) for a 1024-bit key,1024,512,21,0.008155854000051477,3.8394999933188956e-05
,,,message_size=1024B exceeds RSA-OAEP/SHA-256 max plaintext (62B) for a 1024-bit key,1024,1024,21,0.008155854000051477,3.8394999933188956e-05
2.429900007427932e-05,0.00012136899999859452,128.0,,1024,16,22,0.007325959000013427,3.9237000009961776e-05
2.1784999944429728e-05,0.0001206599999932223,128.0,,1024,32,22,0.007325959000013427,3.9237000009961776e-05
,,,message_size=64B exceeds RSA-OAEP/SHA-256 max plaintext (62B) for a 1024-bit key,1024,64,22,0.007325959000013427,3.9237000009961776e-05
,,,message_size=128B exceeds RSA-OAEP/SHA-256 max plaintext (62B) for a 1024-bit key,1024,128,22,0.007325959000013427,3.9237000009961776e-05
,,,message_size=256B exceeds RSA-OAEP/SHA-256 max plaintext (62B) for a 1024-bit key,1024,256,22,0.007325959000013427,3.9237000009961776e-05
,,,message_size=512B exceeds RSA-OAEP/SHA-256 max plaintext (62B) for a 1024-bit key,1024,512,22,0.007325959000013427,3.9237000009961776e-05
,,,message_size=1024B exceeds RSA-OAEP/SHA-256 max plaintext (62B) for a 1024-bit key,1024,1024,22,0.007325959000013427,3.9237000009961776e-05
3.4690999996200844e-05,0.00020596499996372586,128.0,,1024,16,23,0.012938817999952335,4.973800002971984e-05
3.652899999906367e-05,0.00013002399998640612,128.0,,1024,32,23,0.012938817999952335,4.973800002971984e-05
,,,message_size=64B exceeds RSA-OAEP/SHA-256 max plaintext (62B) for a 1024-bit key,1024,64,23,0.012938817999952335,4.973800002971984e-05
,,,message_size=128B exceeds RSA-OAEP/SHA-256 max plaintext (62B) for a 1024-bit key,1024,128,23,0.012938817999952335,4.973800002971984e-05
,,,message_size=256B exceeds RSA-OAEP/SHA-256 max plaintext (62B) for a 1024-bit key,1024,256,23,0.012938817999952335,4.973800002971984e-05
,,,message_size=512B exceeds RSA-OAEP/SHA-256 max plaintext (62B) for a 1024-bit key,1024,512,23,0.012938817999952335,4.973800002971984e-05
,,,message_size=1024B exceeds RSA-OAEP/SHA-256 max plaintext (62B) for a 1024-bit key,1024,1024,23,0.012938817999952335,4.973800002971984e-05
6.808600005570042e-05,0.0002156859999331573,128.0,,1024,16,24,0.012165240999934213,5.663699994329363e-05
4.1628000076343596e-05,0.00019138299990117957,128.0,,1024,32,24,0.012165240999934213,5.663699994329363e-05
,,,message_size=64B exceeds RSA-OAEP/SHA-256 max plaintext (62B) for a 1024-bit key,1024,64,24,0.012165240999934213,5.663699994329363e-05
,,,message_size=128B exceeds RSA-OAEP/SHA-256 max plaintext (62B) for a 1024-bit key,1024,128,24,0.012165240999934213,5.663699994329363e-05
,,,message_size=256B exceeds RSA-OAEP/SHA-256 max plaintext (62B) for a 1024-bit key,1024,256,24,0.012165240999934213,5.663699994329363e-05
,,,message_size=512B exceeds RSA-OAEP/SHA-256 max plaintext (62B) for a 1024-bit key,1024,512,24,0.012165240999934213,5.663699994329363e-05
,,,message_size=1024B exceeds RSA-OAEP/SHA-256 max plaintext (62B) for a 1024-bit key,1024,1024,24,0.012165240999934213,5.663699994329363e-05
2.4852000024111476e-05,0.00012552099997265032,128.0,,1024,16,25,0.008463645999995606,4.464899996037275e-05
2.214899996033637e-05,0.00012039800003549317,128.0,,1024,32,25,0.008463645999995606,4.464899996037275e-05
,,,message_size=64B exceeds RSA-OAEP/SHA-256 max plaintext (62B) for a 1024-bit key,1024,64,25,0.008463645999995606,4.464899996037275e-05
,,,message_size=128B exceeds RSA-OAEP/SHA-256 max plaintext (62B) for a 1024-bit key,1024,128,25,0.008463645999995606,4.464899996037275e-05
,,,message_size=256B exceeds RSA-OAEP/SHA-256 max plaintext (62B) for a 1024-bit key,1024,256,25,0.008463645999995606,4.464899996037275e-05
,,,message_size=512B exceeds RSA-OAEP/SHA-256 max plaintext (62B) for a 1024-bit key,1024,512,25,0.008463645999995606,4.464899996037275e-05
,,,message_size=1024B exceeds RSA-OAEP/SHA-256 max plaintext (62B) for a 1024-bit key,1024,1024,25,0.008463645999995606,4.464899996037275e-05
2.5163000032080163e-05,0.0001243850000491875,128.0,,1024,16,26,0.011500843000021632,4.4698000010612304e-05
2.2263000005295908e-05,0.0001207990000011705,128.0,,1024,32,26,0.011500843000021632,4.4698000010612304e-05
,,,message_size=64B exceeds RSA-OAEP/SHA-256 max plaintext (62B) for a 1024-bit key,1024,64,26,0.011500843000021632,4.4698000010612304e-05
,,,message_size=128B exceeds RSA-OAEP/SHA-256 max plaintext (62B) for a 1024-bit key,1024,128,26,0.011500843000021632,4.4698000010612304e-05
,,,message_size=256B exceeds RSA-OAEP/SHA-256 max plaintext (62B) for a 1024-bit key,1024,256,26,0.011500843000021632,4.4698000010612304e-05
,,,message_size=512B exceeds RSA-OAEP/SHA-256 max plaintext (62B) for a 1024-bit key,1024,512,26,0.011500843000021632,4.4698000010612304e-05
,,,message_size=1024B exceeds RSA-OAEP/SHA-256 max plaintext (62B) for a 1024-bit key,1024,1024,26,0.011500843000021632,4.4698000010612304e-05
2.9194000035204226e-05,0.00012216900006478681,128.0,,1024,16,27,0.009449026000083904,3.968800001530326e-05
2.1320999962881615e-05,0.0001206540000566747,128.0,,1024,32,27,0.009449026000083904,3.968800001530326e-05
,,,message_size=64B exceeds RSA-OAEP/SHA-256 max plaintext (62B) for a 1024-bit key,1024,64,27,0.009449026000083904,3.968800001530326e-05
,,,message_size=128B exceeds RSA-OAEP/SHA-256 max plaintext (62B) for a 1024-bit key,1024,128,27,0.009449026000083904,3.968800001530326e-05
,,,message_size=256B exceeds RSA-OAEP/SHA-256 max plaintext (62B) for a 1024-bit key,1024,256,27,0.009449026000083904,3.968800001530326e-05
,,,message_size=512B exceeds RSA-OAEP/SHA-256 max plaintext (62B) for a 1024-bit key,1024,512,27,0.009449026000083904,3.968800001530326e-05
,,,message_size=1024B exceeds RSA-OAEP/SHA-256 max plaintext (62B) for a 1024-bit key,1024,1024,27,0.009449026000083904,3.968800001530326e-05
2.4897000002965797e-05,0.000139330000024529,128.0,,1024,16,28,0.008360510999978032,4.0000000012696546e-05
2.3291000047720445e-05,0.00012200499998016312,128.0,,1024,32,28,0.008360510999978032,4.0000000012696546e-05
,,,message_size=64B exceeds RSA-OAEP/SHA-256 max plaintext (62B) for a 1024-bit key,1024,64,28,0.008360510999978032,4.0000000012696546e-05
,,,message_size=128B exceeds RSA-OAEP/SHA-256 max plaintext (62B) for a 1024-bit key,1024,128,28,0.008360510999978032,4.0000000012696546e-05
,,,message_size=256B exceeds RSA-OAEP/SHA-256 max plaintext (62B) for a 1024-bit key,1024,256,28,0.008360510999978032,4.0000000012696546e-05
,,,message_size=512B exceeds RSA-OAEP/SHA-256 max plaintext (62B) for a 1024-bit key,1024,512,28,0.008360510999978032,4.0000000012696546e-05
,,,message_size=1024B exceeds RSA-OAEP/SHA-256 max plaintext (62B) for a 1024-bit key,1024,1024,28,0.008360510999978032,4.0000000012696546e-05
2.4328999984390975e-05,0.0001280829999359412,128.0,,1024,16,29,0.009414151999976639,4.5118999992155295e-05
2.2207999904821918e-05,0.00012035299994295201,128.0,,1024,32,29,0.009414151999976639,4.5118999992155295e-05
,,,message_size=64B exceeds RSA-OAEP/SHA-256 max plaintext (62B) for a 1024-bit key,1024,64,29,0.009414151999976639,4.5118999992155295e-05
,,,message_size=128B exceeds RSA-OAEP/SHA-256 max plaintext (62B) for a 1024-bit key,1024,128,29,0.009414151999976639,4.5118999992155295e-05
,,,message_size=256B exceeds RSA-OAEP/SHA-256 max plaintext (62B) for a 1024-bit key,1024,256,29,0.009414151999976639,4.5118999992155295e-05
,,,message_size=512B exceeds RSA-OAEP/SHA-256 max plaintext (62B) for a 1024-bit key,1024,512,29,0.009414151999976639,4.5118999992155295e-05
,,,message_size=1024B exceeds RSA-OAEP/SHA-256 max plaintext (62B) for a 1024-bit key,1024,1024,29,0.009414151999976639,4.5118999992155295e-05
2.7177999982086476e-05,0.00012332999995123828,128.0,,1024,16,30,0.01206459000002269,5.6585000038467115e-05
2.158999996026978e-05,0.00014185299994551315,128.0,,1024,32,30,0.01206459000002269,5.6585000038467115e-05
,,,message_size=64B exceeds RSA-OAEP/SHA-256 max plaintext (62B) for a 1024-bit key,1024,64,30,0.01206459000002269,5.6585000038467115e-05
,,,message_size=128B exceeds RSA-OAEP/SHA-256 max plaintext (62B) for a 1024-bit key,1024,128,30,0.01206459000002269,5.6585000038467115e-05
,,,message_size=256B exceeds RSA-OAEP/SHA-256 max plaintext (62B) for a 1024-bit key,1024,256,30,0.01206459000002269,5.6585000038467115e-05
,,,message_size=512B exceeds RSA-OAEP/SHA-256 max plaintext (62B) for a 1024-bit key,1024,512,30,0.01206459000002269,5.6585000038467115e-05
,,,message_size=1024B exceeds RSA-OAEP/SHA-256 max plaintext (62B) for a 1024-bit key,1024,1024,30,0.01206459000002269,5.6585000038467115e-05
2.545100005590939e-05,0.00012933000004977657,128.0,,1024,16,31,0.006642361999979585,4.365899997083034e-05
2.2490000105790386e-05,0.0001193870000406605,128.0,,1024,32,31,0.006642361999979585,4.365899997083034e-05
,,,message_size=64B exceeds RSA-OAEP/SHA-256 max plaintext (62B) for a 1024-bit key,1024,64,31,0.006642361999979585,4.365899997083034e-05
,,,message_size=128B exceeds RSA-OAEP/SHA-256 max plaintext (62B) for a 1024-bit key,1024,128,31,0.006642361999979585,4.365899997083034e-05
,,,message_size=256B exceeds RSA-OAEP/SHA-256 max plaintext (62B) for a 1024-bit key,1024,256,31,0.006642361999979585,4.365899997083034e-05
,,,message_size=512B exceeds RSA-OAEP/SHA-256 max plaintext (62B) for a 1024-bit key,1024,512,31,0.006642361999979585,4.365899997083034e-05
,,,message_size=1024B exceeds RSA-OAEP/SHA-256 max plaintext (62B) for a 1024-bit key,1024,1024,31,0.006642361999979585,4.365899997083034e-05
3.35780000568775e-05,0.00012303999994855985,128.0,,1024,16,32,0.010886302000017167,4.980000005616603e-05
2.222300008725142e-05,0.00012119500001972483,128.0,,1024,32,32,0.010886302000017167,4.980000005616603e-05
,,,message_size=64B exceeds RSA-OAEP/SHA-256 max plaintext (62B) for a 1024-bit key,1024,64,32,0.010886302000017167,4.980000005616603e-05
,,,message_size=128B exceeds RSA-OAEP/SHA-256 max plaintext (62B) for a 1024-bit key,1024,128,32,0.010886302000017167,4.980000005616603e-05
,,,message_size=256B exceeds RSA-OAEP/SHA-256 max plaintext (62B) for a 1024-bit key,1024,256,32,0.010886302000017167,4.980000005616603e-05
,,,message_size=512B exceeds RSA-OAEP/SHA-256 max plaintext (62B) for a 1024-bit key,1024,512,32,0.010886302000017167,4.980000005616603e-05
,,,message_size=1024B exceeds RSA-OAEP/SHA-256 max plaintext (62B) for a 1024-bit key,1024,1024,32,0.010886302000017167,4.980000005616603e-05
2.5094999955399544e-05,0.00012135400004353869,128.0,,1024,16,33,0.01749186400002145,5.365200001961057e-05
2.154000003429246e-05,0.00012009299996407208,128.0,,1024,32,33,0.01749186400002145,5.365200001961057e-05
,,,message_size=64B exceeds RSA-OAEP/SHA-256 max plaintext (62B) for a 1024-bit key,1024,64,33,0.01749186400002145,5.365200001961057e-05
,,,message_size=128B exceeds RSA-OAEP/SHA-256 max plaintext (62B) for a 1024-bit key,1024,128,33,0.01749186400002145,5.365200001961057e-05
,,,message_size=256B exceeds RSA-OAEP/SHA-256 max plaintext (62B) for a 1024-bit key,1024,256,33,0.01749186400002145,5.365200001961057e-05
,,,message_size=512B exceeds RSA-OAEP/SHA-256 max plaintext (62B) for a 1024-bit key,1024,512,33,0.01749186400002145,5.365200001961057e-05
,,,message_size=1024B exceeds RSA-OAEP/SHA-256 max plaintext (62B) for a 1024-bit key,1024,1024,33,0.01749186400002145,5.365200001961057e-05
2.5032000053215597e-05,0.00012169699994046823,128.0,,1024,16,34,0.008277877999944394,4.1166999949382443e-05
2.2247999936553242e-05,0.00012761100003899628,128.0,,1024,32,34,0.008277877999944394,4.1166999949382443e-05
,,,message_size=64B exceeds RSA-OAEP/SHA-256 max plaintext (62B) for a 1024-bit key,1024,64,34,0.008277877999944394,4.1166999949382443e-05
,,,message_size=128B exceeds RSA-OAEP/SHA-256 max plaintext (62B) for a 1024-bit key,1024,128,34,0.008277877999944394,4.1166999949382443e-05
,,,message_size=256B exceeds RSA-OAEP/SHA-256 max plaintext (62B) for a 1024-bit key,1024,256,34,0.008277877999944394,4.1166999949382443e-05
,,,message_size=512B exceeds RSA-OAEP/SHA-256 max plaintext (62B) for a 1024-bit key,1024,512,34,0.008277877999944394,4.1166999949382443e-05
,,,message_size=1024B exceeds RSA-OAEP/SHA-256 max plaintext (62B) for a 1024-bit key,1024,1024,34,0.008277877999944394,4.1166999949382443e-05
2.7171999931852042e-05,0.00012254099999609025,128.0,,1024,16,35,0.011419632999945861,5.3689000083068095e-05
2.2095999952398415e-05,0.0001284339999756412,128.0,,1024,32,35,0.011419632999945861,5.3689000083068095e-05
,,,message_size=64B exceeds RSA-OAEP/SHA-256 max plaintext (62B) for a 1024-bit key,1024,64,35,0.011419632999945861,5.3689000083068095e-05
,,,message_size=128B exceeds RSA-OAEP/SHA-256 max plaintext (62B) for a 1024-bit key,1024,128,35,0.011419632999945861,5.3689000083068095e-05
,,,message_size=256B exceeds RSA-OAEP/SHA-256 max plaintext (62B) for a 1024-bit key,1024,256,35,0.011419632999945861,5.3689000083068095e-05
,,,message_size=512B exceeds RSA-OAEP/SHA-256 max plaintext (62B) for a 1024-bit key,1024,512,35,0.011419632999945861,5.3689000083068095e-05
,,,message_size=1024B exceeds RSA-OAEP/SHA-256 max plaintext (62B) for a 1024-bit key,1024,1024,35,0.011419632999945861,5.3689000083068095e-05
2.4544000098103425e-05,0.00013378400001329283,128.0,,1024,16,36,0.010263062000035461,4.733299999770679e-05
2.3110000029191724e-05,0.00012057599997206125,128.0,,1024,32,36,0.010263062000035461,4.733299999770679e-05
,,,message_size=64B exceeds RSA-OAEP/SHA-256 max plaintext (62B) for a 1024-bit key,1024,64,36,0.010263062000035461,4.733299999770679e-05
,,,message_size=128B exceeds RSA-OAEP/SHA-256 max plaintext (62B) for a 1024-bit key,1024,128,36,0.010263062000035461,4.733299999770679e-05
,,,message_size=256B exceeds RSA-OAEP/SHA-256 max plaintext (62B) for a 1024-bit key,1024,256,36,0.010263062000035461,4.733299999770679e-05
,,,message_size=512B exceeds RSA-OAEP/SHA-256 max plaintext (62B) for a 1024-bit key,1024,512,36,0.010263062000035461,4.733299999770679e-05
,,,message_size=1024B exceeds RSA-OAEP/SHA-256 max plaintext (62B) for a 1024-bit key,1024,1024,36,0.010263062000035461,4.733299999770679e-05
2.5640000103521743e-05,0.0001277950000257988,128.0,,1024,16,37,0.01461205099997187,4.800800002158212e-05
2.5961000005736423e-05,0.00013137400003415678,128.0,,1024,32,37,0.01461205099997187,4.800800002158212e-05
,,,message_size=64B exceeds RSA-OAEP/SHA-256 max plaintext (62B) for a 1024-bit key,1024,64,37,0.01461205099997187,4.800800002158212e-05
,,,message_size=128B exceeds RSA-OAEP/SHA-256 max plaintext (62B) for a 1024-bit key,1024,128,37,0.01461205099997187,4.800800002158212e-05
,,,message_size=256B exceeds RSA-OAEP/SHA-256 max plaintext (62B) for a 1024-bit key,1024,256,37,0.01461205099997187,4.800800002158212e-05
,,,message_size=512B exceeds RSA-OAEP/SHA-256 max plaintext (62B) for a 1024-bit key,1024,512,37,0.01461205099997187,4.800800002158212e-05
,,,message_size=1024B exceeds RSA-OAEP/SHA-256 max plaintext (62B) for a 1024-bit key,1024,1024,37,0.01461205099997187,4.800800002158212e-05
2.4499000005562266e-05,0.00012053099999320693,128.0,,1024,16,38,0.014470767000034357,4.6863999955348845e-05
2.156499999728112e-05,0.00012563999996473285,128.0,,1024,32,38,0.014470767000034357,4.6863999955348845e-05
,,,message_size=64B exceeds RSA-OAEP/SHA-256 max plaintext (62B) for a 1024-bit key,1024,64,38,0.014470767000034357,4.6863999955348845e-05
,,,message_size=128B exceeds RSA-OAEP/SHA-256 max plaintext (62B) for a 1024-bit key,1024,128,38,0.014470767000034357,4.6863999955348845e-05
,,,message_size=256B exceeds RSA-OAEP/SHA-256 max plaintext (62B) for a 1024-bit key,1024,256,38,0.014470767000034357,4.6863999955348845e-05
,,,message_size=512B exceeds RSA-OAEP/SHA-256 max plaintext (62B) for a 1024-bit key,1024,512,38,0.014470767000034357,4.6863999955348845e-05
,,,message_size=1024B exceeds RSA-OAEP/SHA-256 max plaintext (62B) for a 1024-bit key,1024,1024,38,0.014470767000034357,4.6863999955348845e-05
2.4638000013510464e-05,0.00012235799999871233,128.0,,1024,16,39,0.008965267999997195,4.049899996516615e-05
2.1322999941730814e-05,0.00012088699998002994,128.0,,1024,32,39,0.008965267999997195,4.049899996516615e-05
,,,message_size=64B exceeds RSA-OAEP/SHA-256 max plaintext (62B) for a 1024-bit key,1024,64,39,0.008965267999997195,4.049899996516615e-05
,,,message_size=128B exceeds RSA-OAEP/SHA-256 max plaintext (62B) for a 1024-bit key,1024,128,39,0.008965267999997195,4.049899996516615e-05
,,,message_size=256B exceeds RSA-OAEP/SHA-256 max plaintext (62B) for a 1024-bit key,1024,256,39,0.008965267999997195,4.049899996516615e-05
,,,message_size=512B exceeds RSA-OAEP/SHA-256 max plaintext (62B) for a 1024-bit key,1024,512,39,0.008965267999997195,4.049899996516615e-05
,,,message_size=1024B exceeds RSA-OAEP/SHA-256 max plaintext (62B) for a 1024-bit key,1024,1024,39,0.008965267999997195,4.049899996516615e-05
3.4645000027921924e-05,0.00012345200002528145,128.0,,1024,16,40,0.015109472000062851,4.908600010367081e-05
2.2118999936537875e-05,0.00012087300001439871,128.0,,1024,32,40,0.015109472000062851,4.908600010367081e-05
,,,message_size=64B exceeds RSA-OAEP/SHA-256 max plaintext (62B) for a 1024-bit key,1024,64,40,0.015109472000062851,4.908600010367081e-05
,,,message_size=128B exceeds RSA-OAEP/SHA-256 max plaintext (62B) for a 1024-bit key,1024,128,40,0.015109472000062851,4.908600010367081e-05
,,,message_size=256B exceeds RSA-OAEP/SHA-256 max plaintext (62B) for a 1024-bit key,1024,256,40,0.015109472000062851,4.908600010367081e-05
,,,message_size=512B exceeds RSA-OAEP/SHA-256 max plaintext (62B) for a 1024-bit key,1024,512,40,0.015109472000062851,4.908600010367081e-05
,,,message_size=1024B exceeds RSA-OAEP/SHA-256 max plaintext (62B) for a 1024-bit key,1024,1024,40,0.015109472000062851,4.908600010367081e-05
3.555099999630329e-05,0.00012207999998281593,128.0,,1024,16,41,0.01254237299997385,4.397300006075966e-05
2.17689999999493e-05,0.00012008999999579828,128.0,,1024,32,41,0.01254237299997385,4.397300006075966e-05
,,,message_size=64B exceeds RSA-OAEP/SHA-256 max plaintext (62B) for a 1024-bit key,1024,64,41,0.01254237299997385,4.397300006075966e-05
,,,message_size=128B exceeds RSA-OAEP/SHA-256 max plaintext (62B) for a 1024-bit key,1024,128,41,0.01254237299997385,4.397300006075966e-05
,,,message_size=256B exceeds RSA-OAEP/SHA-256 max plaintext (62B) for a 1024-bit key,1024,256,41,0.01254237299997385,4.397300006075966e-05
,,,message_size=512B exceeds RSA-OAEP/SHA-256 max plaintext (62B) for a 1024-bit key,1024,512,41,0.01254237299997385,4.397300006075966e-05
,,,message_size=1024B exceeds RSA-OAEP/SHA-256 max plaintext (62B) for a 1024-bit key,1024,1024,41,0.01254237299997385,4.397300006075966e-05
2.508500006115355e-05,0.00012156200000390527,128.0,,1024,16,42,0.018039212999951815,5.083200005628896e-05
2.2274999992077937e-05,0.00012024700004076294,128.0,,1024,32,42,0.018039212999951815,5.083200005628896e-05
,,,message_size=64B exceeds RSA-OAEP/SHA-256 max plaintext (62B) for a 1024-bit key,1024,64,42,0.018039212999951815,5.083200005628896e-05
,,,message_size=128B exceeds RSA-OAEP/SHA-256 max plaintext (62B) for a 1024-bit key,1024,128,42,0.018039212999951815,5.083200005628896e-05
,,,message_size=256B exceeds RSA-OAEP/SHA-256 max plaintext (62B) for a 1024-bit key,1024,256,42,0.018039212999951815,5.083200005628896e-05
,,,message_size=512B exceeds RSA-OAEP/SHA-256 max plaintext (62B) for a 1024-bit key,1024,512,42,0.018039212999951815,5.083200005628896e-05
,,,message_size=1024B exceeds RSA-OAEP/SHA-256 max plaintext (62B) for a 1024-bit key,1024,1024,42,0.018039212999951815,5.083200005628896e-05
3.495800001473981e-05,0.00012190300003567245,128.0,,1024,16,43,0.009052453999970567,4.867000006925082e-05
2.1846999970875913e-05,0.00012069100000644539,128.0,,1024,32,43,0.009052453999970567,4.867000006925082e-05
,,,message_size=64B exceeds RSA-OAEP/SHA-256 max plaintext (62B) for a 1024-bit key,1024,64,43,0.009052453999970567,4.867000006925082e-05
,,,message_size=128B exceeds RSA-OAEP/SHA-256 max plaintext (62B) for a 1024-bit key,1024,128,43,0.009052453999970567,4.867000006925082e-05
,,,message_size=256B exceeds RSA-OAEP/SHA-256 max plaintext (62B) for a 1024-bit key,1024,256,43,0.009052453999970567,4.867000006925082e-05
,,,message_size=512B exceeds RSA-OAEP/SHA-256 max plaintext (62B) for a 1024-bit key,1024,512,43,0.009052453999970567,4.867000006925082e-05
,,,message_size=1024B exceeds RSA-OAEP/SHA-256 max plaintext (62B) for a 1024-bit key,1024,1024,43,0.009052453999970567,4.867000006925082e-05
2.504900010080746e-05,0.0001250210000307561,128.0,,1024,16,44,0.012758404999999584,4.8730999992585566e-05
2.1786000047541165e-05,0.00013588499996330938,128.0,,1024,32,44,0.012758404999999584,4.8730999992585566e-05
,,,message_size=64B exceeds RSA-OAEP/SHA-256 max plaintext (62B) for a 1024-bit key,1024,64,44,0.012758404999999584,4.8730999992585566e-05
,,,message_size=128B exceeds RSA-OAEP/SHA-256 max plaintext (62B) for a 1024-bit key,1024,128,44,0.012758404999999584,4.8730999992585566e-05
,,,message_size=256B exceeds RSA-OAEP/SHA-256 max plaintext (62B) for a 1024-bit key,1024,256,44,0.012758404999999584,4.8730999992585566e-05
,,,message_size=512B exceeds RSA-OAEP/SHA-256 max plaintext (62B) for a 1024-bit key,1024,512,44,0.012758404999999584,4.8730999992585566e-05
,,,message_size=1024B exceeds RSA-OAEP/SHA-256 max plaintext (62B) for a 1024-bit key,1024,1024,44,0.012758404999999584,4.8730999992585566e-05
2.6509000008445582e-05,0.00012263799999345792,128.0,,1024,16,45,0.009483746999990217,4.526299994722649e-05
2.836800001659867e-05,0.00012379600002532243,128.0,,1024,32,45,0.009483746999990217,4.526299994722649e-05
,,,message_size=64B exceeds RSA-OAEP/SHA-256 max plaintext (62B) for a 1024-bit key,1024,64,45,0.009483746999990217,4.526299994722649e-05
,,,message_size=128B exceeds RSA-OAEP/SHA-256 max plaintext (62B) for a 1024-bit key,1024,128,45,0.009483746999990217,4.526299994722649e-05
,,,message_size=256B exceeds RSA-OAEP/SHA-256 max plaintext (62B) for a 1024-bit key,1024,256,45,0.009483746999990217,4.526299994722649e-05
,,,message_size=512B exceeds RSA-OAEP/SHA-256 max plaintext (62B) for a 1024-bit key,1024,512,45,0.009483746999990217,4.526299994722649e-05
,,,message_size=1024B exceeds RSA-OAEP/SHA-256 max plaintext (62B) for a 1024-bit key,1024,1024,45,0.009483746999990217,4.526299994722649e-05
2.3632999955225387e-05,0.00012162300004092685,128.0,,1024,16,46,0.00984635800000433,4.1492000036669197e-05
2.1675999960280024e-05,0.00012077200005933264,128.0,,1024,32,46,0.00984635800000433,4.1492000036669197e-05
,,,message_size=64B exceeds RSA-OAEP/SHA-256 max plaintext (62B) for a 1024-bit key,1024,64,46,0.00984635800000433,4.1492000036669197e-05
,,,message_size=128B exceeds RSA-OAEP/SHA-256 max plaintext (62B) for a 1024-bit key,1024,128,46,0.00984635800000433,4.1492000036669197e-05
,,,message_size=256B exceeds RSA-OAEP/SHA-256 max plaintext (62B) for a 1024-bit key,1024,256,46,0.00984635800000433,4.1492000036669197e-05
,,,message_size=512B exceeds RSA-OAEP/SHA-256 max plaintext (62B) for a 1024-bit key,1024,512,46,0.00984635800000433,4.1492000036669197e-05
,,,message_size=1024B exceeds RSA-OAEP/SHA-256 max plaintext (62B) for a 1024-bit key,1024,1024,46,0.00984635800000433,4.1492000036669197e-05
2.4109000037242367e-05,0.00012886499996511702,128.0,,1024,16,47,0.012929513000017323,4.5950000071570685e-05
2.2127000079308345e-05,0.00013037600001553074,128.0,,1024,32,47,0.012929513000017323,4.5950000071570685e-05
,,,message_size=64B exceeds RSA-OAEP/SHA-256 max plaintext (62B) for a 1024-bit key,1024,64,47,0.012929513000017323,4.5950000071570685e-05
,,,message_size=128B exceeds RSA-OAEP/SHA-256 max plaintext (62B) for a 1024-bit key,1024,128,47,0.012929513000017323,4.5950000071570685e-05
,,,message_size=256B exceeds RSA-OAEP/SHA-256 max plaintext (62B) for a 1024-bit key,1024,256,47,0.012929513000017323,4.5950000071570685e-05
,,,message_size=512B exceeds RSA-OAEP/SHA-256 max plaintext (62B) for a 1024-bit key,1024,512,47,0.012929513000017323,4.5950000071570685e-05
,,,message_size=1024B exceeds RSA-OAEP/SHA-256 max plaintext (62B) for a 1024-bit key,1024,1024,47,0.012929513000017323,4.5950000071570685e-05
2.4860000053195108e-05,0.00013679900007446122,128.0,,1024,16,48,0.013724395999929584,4.775700006121042e-05
2.3463999923478696e-05,0.00011919600001419894,128.0,,1024,32,48,0.013724395999929584,4.775700006121042e-05
,,,message_size=64B exceeds RSA-OAEP/SHA-256 max plaintext (62B) for a 1024-bit key,1024,64,48,0.013724395999929584,4.775700006121042e-05
,,,message_size=128B exceeds RSA-OAEP/SHA-256 max plaintext (62B) for a 1024-bit key,1024,128,48,0.013724395999929584,4.775700006121042e-05
,,,message_size=256B exceeds RSA-OAEP/SHA-256 max plaintext (62B) for a 1024-bit key,1024,256,48,0.013724395999929584,4.775700006121042e-05
,,,message_size=512B exceeds RSA-OAEP/SHA-256 max plaintext (62B) for a 1024-bit key,1024,512,48,0.013724395999929584,4.775700006121042e-05
,,,message_size=1024B exceeds RSA-OAEP/SHA-256 max plaintext (62B) for a 1024-bit key,1024,1024,48,0.013724395999929584,4.775700006121042e-05
3.0229999993025558e-05,0.00012368699992748589,128.0,,1024,16,49,0.01987957199992252,4.851200003486156e-05
2.194299997881899e-05,0.00012923499991757126,128.0,,1024,32,49,0.01987957199992252,4.851200003486156e-05
,,,message_size=64B exceeds RSA-OAEP/SHA-256 max plaintext (62B) for a 1024-bit key,1024,64,49,0.01987957199992252,4.851200003486156e-05
,,,message_size=128B exceeds RSA-OAEP/SHA-256 max plaintext (62B) for a 1024-bit key,1024,128,49,0.01987957199992252,4.851200003486156e-05
,,,message_size=256B exceeds RSA-OAEP/SHA-256 max plaintext (62B) for a 1024-bit key,1024,256,49,0.01987957199992252,4.851200003486156e-05
,,,message_size=512B exceeds RSA-OAEP/SHA-256 max plaintext (62B) for a 1024-bit key,1024,512,49,0.01987957199992252,4.851200003486156e-05
,,,message_size=1024B exceeds RSA-OAEP/SHA-256 max plaintext (62B) for a 1024-bit key,1024,1024,49,0.01987957199992252,4.851200003486156e-05
2.5962999984585622e-05,0.0001292439999360795,128.0,,1024,16,50,0.014397373000065272,5.039199993461807e-05
2.385699997375923e-05,0.00012482499994348473,128.0,,1024,32,50,0.014397373000065272,5.039199993461807e-05
,,,message_size=64B exceeds RSA-OAEP/SHA-256 max plaintext (62B) for a 1024-bit key,1024,64,50,0.014397373000065272,5.039199993461807e-05
,,,message_size=128B exceeds RSA-OAEP/SHA-256 max plaintext (62B) for a 1024-bit key,1024,128,50,0.014397373000065272,5.039199993461807e-05
,,,message_size=256B exceeds RSA-OAEP/SHA-256 max plaintext (62B) for a 1024-bit key,1024,256,50,0.014397373000065272,5.039199993461807e-05
,,,message_size=512B exceeds RSA-OAEP/SHA-256 max plaintext (62B) for a 1024-bit key,1024,512,50,0.014397373000065272,5.039199993461807e-05
,,,message_size=1024B exceeds RSA-OAEP/SHA-256 max plaintext (62B) for a 1024-bit key,1024,1024,50,0.014397373000065272,5.039199993461807e-05
2.460700000028737e-05,0.00012292500002786255,128.0,,1024,16,51,0.012035069000035037,4.798200006916886e-05
3.9806000017961196e-05,0.00015359999997599516,128.0,,1024,32,51,0.012035069000035037,4.798200006916886e-05
,,,message_size=64B exceeds RSA-OAEP/SHA-256 max plaintext (62B) for a 1024-bit key,1024,64,51,0.012035069000035037,4.798200006916886e-05
,,,message_size=128B exceeds RSA-OAEP/SHA-256 max plaintext (62B) for a 1024-bit key,1024,128,51,0.012035069000035037,4.798200006916886e-05
,,,message_size=256B exceeds RSA-OAEP/SHA-256 max plaintext (62B) for a 1024-bit key,1024,256,51,0.012035069000035037,4.798200006916886e-05
,,,message_size=512B exceeds RSA-OAEP/SHA-256 max plaintext (62B) for a 1024-bit key,1024,512,51,0.012035069000035037,4.798200006916886e-05
,,,message_size=1024B exceeds RSA-OAEP/SHA-256 max plaintext (62B) for a 1024-bit key,1024,1024,51,0.012035069000035037,4.798200006916886e-05
2.52810000347381e-05,0.00013844599993717566,128.0,,1024,16,52,0.009661557000072207,4.3990999984089285e-05
2.260100006878929e-05,0.0001284290000285182,128.0,,1024,32,52,0.009661557000072207,4.3990999984089285e-05
,,,message_size=64B exceeds RSA-OAEP/SHA-256 max plaintext (62B) for a 1024-bit key,1024,64,52,0.009661557000072207,4.3990999984089285e-05
,,,message_size=128B exceeds RSA-OAEP/SHA-256 max plaintext (62B) for a 1024-bit key,1024,128,52,0.009661557000072207,4.3990999984089285e-05
,,,message_size=256B exceeds RSA-OAEP/SHA-256 max plaintext (62B) for a 1024-bit key,1024,256,52,0.009661557000072207,4.3990999984089285e-05
,,,message_size=512B exceeds RSA-OAEP/SHA-256 max plaintext (62B) for a 1024-bit key,1024,512,52,0.009661557000072207,4.3990999984089285e-05
,,,message_size=1024B exceeds RSA-OAEP/SHA-256 max plaintext (62B) for a 1024-bit key,1024,1024,52,0.009661557000072207,4.3990999984089285e-05
2.594299996871996e-05,0.00012938999998368672,128.0,,1024,16,53,0.016741617999969094,5.0725000050988456e-05
2.5854000000435917e-05,0.00012363799999093317,128.0,,1024,32,53,0.016741617999969094,5.0725000050988456e-05
,,,message_size=64B exceeds RSA-OAEP/SHA-256 max plaintext (62B) for a 1024-bit key,1024,64,53,0.016741617999969094,5.0725000050988456e-05
,,,message_size=128B exceeds RSA-OAEP/SHA-256 max plaintext (62B) for a 1024-bit key,1024,128,53,0.016741617999969094,5.0725000050988456e-05
,,,message_size=256B exceeds RSA-OAEP/SHA-256 max plaintext (62B) for a 1024-bit key,1024,256,53,0.016741617999969094,5.0725000050988456e-05
,,,message_size=512B exceeds RSA-OAEP/SHA-256 max plaintext (62B) for a 1024-bit key,1024,512,53,0.016741617999969094,5.0725000050988456e-05
,,,message_size=1024B exceeds RSA-OAEP/SHA-256 max plaintext (62B) for a 1024-bit key,1024,1024,53,0.016741617999969094,5.0725000050988456e-05
2.40979999261981e-05,0.00012007600003016705,128.0,,1024,16,54,0.01756784700000935,4.905700006929692e-05
2.1401000026344263e-05,0.00012945500009209354,128.0,,1024,32,54,0.01756784700000935,4.905700006929692e-05
,,,message_size=64B exceeds RSA-OAEP/SHA-256 max plaintext (62B) for a 1024-bit key,1024,64,54,0.01756784700000935,4.905700006929692e-05
,,,message_size=128B exceeds RSA-OAEP/SHA-256 max plaintext (62B) for a 1024-bit key,1024,128,54,0.01756784700000935,4.905700006929692e-05
,,,message_size=256B exceeds RSA-OAEP/SHA-256 max plaintext (62B) for a 1024-bit key,1024,256,54,0.01756784700000935,4.905700006929692e-05
,,,message_size=512B exceeds RSA-OAEP/SHA-256 max plaintext (62B) for a 1024-bit key,1024,512,54,0.01756784700000935,4.905700006929692e-05
,,,message_size=1024B exceeds RSA-OAEP/SHA-256 max plaintext (62B) for a 1024-bit key,1024,1024,54,0.01756784700000935,4.905700006929692e-05
2.4611000071672606e-05,0.00012207999998281593,128.0,,1024,16,55,0.01089364500001011,4.318799994962319e-05
2.2105999960331246e-05,0.00012692000007064053,128.0,,1024,32,55,0.01089364500001011,4.318799994962319e-05
,,,message_size=64B exceeds RSA-OAEP/SHA-256 max plaintext (62B) for a 1024-bit key,1024,64,55,0.01089364500001011,4.318799994962319e-05
,,,message_size=128B exceeds RSA-OAEP/SHA-256 max plaintext (62B) for a 1024-bit key,1024,128,55,0.01089364500001011,4.318799994962319e-05
,,,message_size=256B exceeds RSA-OAEP/SHA-256 max plaintext (62B) for a 1024-bit key,1024,256,55,0.01089364500001011,4.318799994962319e-05
,,,message_size=512B exceeds RSA-OAEP/SHA-256 max plaintext (62B) for a 1024-bit key,1024,512,55,0.01089364500001011,4.318799994962319e-05
,,,message_size=1024B exceeds RSA-OAEP/SHA-256 max plaintext (62B) for a 1024-bit key,1024,1024,55,0.01089364500001011,4.318799994962319e-05
7.857400009925186e-05,0.00021196900001996255,128.0,,1024,16,56,0.016181486999926165,5.96109999833061e-05
4.101299998637842e-05,0.0002294059999030651,128.0,,1024,32,56,0.016181486999926165,5.96109999833061e-05
,,,message_size=64B exceeds RSA-OAEP/SHA-256 max plaintext (62B) for a 1024-bit key,1024,64,56,0.016181486999926165,5.96109999833061e-05
,,,message_size=128B exceeds RSA-OAEP/SHA-256 max plaintext (62B) for a 1024-bit key,1024,128,56,0.016181486999926165,5.96109999833061e-05
,,,message_size=256B exceeds RSA-OAEP/SHA-256 max plaintext (62B) for a 1024-bit key,1024,256,56,0.016181486999926165,5.96109999833061e-05
,,,message_size=512B exceeds RSA-OAEP/SHA-256 max plaintext (62B) for a 1024-bit key,1024,512,56,0.016181486999926165,5.96109999833061e-05
,,,message_size=1024B exceeds RSA-OAEP/SHA-256 max plaintext (62B) for a 1024-bit key,1024,1024,56,0.016181486999926165,5.96109999833061e-05
6.509799993636989e-05,0.00022484199996597454,128.0,,1024,16,57,0.012489705000007234,6.20729999809555e-05
4.8721999974077335e-05,0.0002084029999878112,128.0,,1024,32,57,0.012489705000007234,6.20729999809555e-05
,,,message_size=64B exceeds RSA-OAEP/SHA-256 max plaintext (62B) for a 1024-bit key,1024,64,57,0.012489705000007234,6.20729999809555e-05
,,,message_size=128B exceeds RSA-OAEP/SHA-256 max plaintext (62B) for a 1024-bit key,1024,128,57,0.012489705000007234,6.20729999809555e-05
,,,message_size=256B exceeds RSA-OAEP/SHA-256 max plaintext (62B) for a 1024-bit key,1024,256,57,0.012489705000007234,6.20729999809555e-05
,,,message_size=512B exceeds RSA-OAEP/SHA-256 max plaintext (62B) for a 1024-bit key,1024,512,57,0.012489705000007234,6.20729999809555e-05
,,,message_size=1024B exceeds RSA-OAEP/SHA-256 max plaintext (62B) for a 1024-bit key,1024,1024,57,0.012489705000007234,6.20729999809555e-05
6.9843000005676e-05,0.0001308570000446707,128.0,,1024,16,58,0.008670217000030789,4.788300009295199e-05
2.4559000053159252e-05,0.0001230410000516713,128.0,,1024,32,58,0.008670217000030789,4.788300009295199e-05
,,,message_size=64B exceeds RSA-OAEP/SHA-256 max plaintext (62B) for a 1024-bit key,1024,64,58,0.008670217000030789,4.788300009295199e-05
,,,message_size=128B exceeds RSA-OAEP/SHA-256 max plaintext (62B) for a 1024-bit key,1024,128,58,0.008670217000030789,4.788300009295199e-05
,,,message_size=256B exceeds RSA-OAEP/SHA-256 max plaintext (62B) for a 1024-bit key,1024,256,58,0.008670217000030789,4.788300009295199e-05
,,,message_size=512B exceeds RSA-OAEP/SHA-256 max plaintext (62B) for a 1024-bit key,1024,512,58,0.008670217000030789,4.788300009295199e-05
,,,message_size=1024B exceeds RSA-OAEP/SHA-256 max plaintext (62B) for a 1024-bit key,1024,1024,58,0.008670217000030789,4.788300009295199e-05
2.488200004790997e-05,0.00012219000007007708,128.0,,1024,16,59,0.012506938000001355,4.764699997394928e-05
2.1418000073936128e-05,0.00012029999993501406,128.0,,1024,32,59,0.012506938000001355,4.764699997394928e-05
,,,message_size=64B exceeds RSA-OAEP/SHA-256 max plaintext (62B) for a 1024-bit key,1024,64,59,0.012506938000001355,4.764699997394928e-05
,,,message_size=128B exceeds RSA-OAEP/SHA-256 max plaintext (62B) for a 1024-bit key,1024,128,59,0.012506938000001355,4.764699997394928e-05
,,,message_size=256B exceeds RSA-OAEP/SHA-256 max plaintext (62B) for a 1024-bit key,1024,256,59,0.012506938000001355,4.764699997394928e-05
,,,message_size=512B exceeds RSA-OAEP/SHA-256 max plaintext (62B) for a 1024-bit key,1024,512,59,0.012506938000001355,4.764699997394928e-05
,,,message_size=1024B exceeds RSA-OAEP/SHA-256 max plaintext (62B) for a 1024-bit key,1024,1024,59,0.012506938000001355,4.764699997394928e-05
2.516500001092936e-05,0.00012187000004360016,128.0,,1024,16,60,0.007914721000020108,4.2233000044689106e-05
2.220299995769892e-05,0.00012040299998261617,128.0,,1024,32,60,0.007914721000020108,4.2233000044689106e-05
,,,message_size=64B exceeds RSA-OAEP/SHA-256 max plaintext (62B) for a 1024-bit key,1024,64,60,0.007914721000020108,4.2233000044689106e-05
,,,message_size=128B exceeds RSA-OAEP/SHA-256 max plaintext (62B) for a 1024-bit key,1024,128,60,0.007914721000020108,4.2233000044689106e-05
,,,message_size=256B exceeds RSA-OAEP/SHA-256 max plaintext (62B) for a 1024-bit key,1024,256,60,0.007914721000020108,4.2233000044689106e-05
,,,message_size=512B exceeds RSA-OAEP/SHA-256 max plaintext (62B) for a 1024-bit key,1024,512,60,0.007914721000020108,4.2233000044689106e-05
,,,message_size=1024B exceeds RSA-OAEP/SHA-256 max plaintext (62B) for a 1024-bit key,1024,1024,60,0.007914721000020108,4.2233000044689106e-05
2.447499991831137e-05,0.0001310659999944619,128.0,,1024,16,61,0.013507632000028025,5.55990000066231e-05
2.2964999971009092e-05,0.00011890899997979432,128.0,,1024,32,61,0.013507632000028025,5.55990000066231e-05
,,,message_size=64B exceeds RSA-OAEP/SHA-256 max plaintext (62B) for a 1024-bit key,1024,64,61,0.013507632000028025,5.55990000066231e-05
,,,message_size=128B exceeds RSA-OAEP/SHA-256 max plaintext (62B) for a 1024-bit key,1024,128,61,0.013507632000028025,5.55990000066231e-05
,,,message_size=256B exceeds RSA-OAEP/SHA-256 max plaintext (62B) for a 1024-bit key,1024,256,61,0.013507632000028025,5.55990000066231e-05
,,,message_size=512B exceeds RSA-OAEP/SHA-256 max plaintext (62B) for a 1024-bit key,1024,512,61,0.013507632000028025,5.55990000066231e-05
,,,message_size=1024B exceeds RSA-OAEP/SHA-256 max plaintext (62B) for a 1024-bit key,1024,1024,61,0.013507632000028025,5.55990000066231e-05
2.8047000000697153e-05,0.00012253299996700662,128.0,,1024,16,62,0.01711312900010853,4.93759999926624e-05
2.2060999981476925e-05,0.0001205180000170003,128.0,,1024,32,62,0.01711312900010853,4.93759999926624e-05
,,,message_size=64B exceeds RSA-OAEP/SHA-256 max plaintext (62B) for a 1024-bit key,1024,64,62,0.01711312900010853,4.93759999926624e-05
,,,message_size=128B exceeds RSA-OAEP/SHA-256 max plaintext (62B) for a 1024-bit key,1024,128,62,0.01711312900010853,4.93759999926624e-05
,,,message_size=256B exceeds RSA-OAEP/SHA-256 max plaintext (62B) for a 1024-bit key,1024,256,62,0.01711312900010853,4.93759999926624e-05
,,,message_size=512B exceeds RSA-OAEP/SHA-256 max plaintext (62B) for a 1024-bit key,1024,512,62,0.01711312900010853,4.93759999926624e-05
,,,message_size=1024B exceeds RSA-OAEP/SHA-256 max plaintext (62B) for a 1024-bit key,1024,1024,62,0.01711312900010853,4.93759999926624e-05
2.4006000103327096e-05,0.00012869499994394573,128.0,,1024,16,63,0.013433196999926622,4.470500005027134e-05
2.2302999923340394e-05,0.00012027900004341063,128.0,,1024,32,63,0.013433196999926622,4.470500005027134e-05
,,,message_size=64B exceeds RSA-OAEP/SHA-256 max plaintext (62B) for a 1024-bit key,1024,64,63,0.013433196999926622,4.470500005027134e-05
,,,message_size=128B exceeds RSA-OAEP/SHA-256 max plaintext (62B) for a 1024-bit key,1024,128,63,0.013433196999926622,4.470500005027134e-05
,,,message_size=256B exceeds RSA-OAEP/SHA-256 max plaintext (62B) for a 1024-bit key,1024,256,63,0.013433196999926622,4.470500005027134e-05
,,,message_size=512B exceeds RSA-OAEP/SHA-256 max plaintext (62B) for a 1024-bit key,1024,512,63,0.013433196999926622,4.470500005027134e-05
,,,message_size=1024B exceeds RSA-OAEP/SHA-256 max plaintext (62B) for a 1024-bit key,1024,1024,63,0.013433196999926622,4.470500005027134e-05
3.075500001159526e-05,0.0001316990000077567,128.0,,1024,16,64,0.015613074000043525,4.5049000050312316e-05
2.2220000005290785e-05,0.00012061500001436798,128.0,,1024,32,64,0.015613074000043525,4.5049000050312316e-05
,,,message_size=64B exceeds RSA-OAEP/SHA-256 max plaintext (62B) for a 1024-bit key,1024,64,64,0.015613074000043525,4.5049000050312316e-05
,,,message_size=128B exceeds RSA-OAEP/SHA-256 max plaintext (62B) for a 1024-bit key,1024,128,64,0.015613074000043525,4.5049000050312316e-05
,,,message_size=256B exceeds RSA-OAEP/SHA-256 max plaintext (62B) for a 1024-bit key,1024,256,64,0.015613074000043525,4.5049000050312316e-05
,,,message_size=512B exceeds RSA-OAEP/SHA-256 max plaintext (62B) for a 1024-bit key,1024,512,64,0.015613074000043525,4.5049000050312316e-05
,,,message_size=1024B exceeds RSA-OAEP/SHA-256 max plaintext (62B) for a 1024-bit key,1024,1024,64,0.015613074000043525,4.5049000050312316e-05
7.961500000419619e-05,0.00018401500005893467,128.0,,1024,16,65,0.009504248999974152,4.9952000040320854e-05
4.2531999952188926e-05,0.00019033000000945322,128.0,,1024,32,65,0.009504248999974152,4.9952000040320854e-05
,,,message_size=64B exceeds RSA-OAEP/SHA-256 max plaintext (62B) for a 1024-bit key,1024,64,65,0.009504248999974152,4.9952000040320854e-05
,,,message_size=128B exceeds RSA-OAEP/SHA-256 max plaintext (62B) for a 1024-bit key,1024,128,65,0.009504248999974152,4.9952000040320854e-05
,,,message_size=256B exceeds RSA-OAEP/SHA-256 max plaintext (62B) for a 1024-bit key,1024,256,65,0.009504248999974152,4.9952000040320854e-05
,,,message_size=512B exceeds RSA-OAEP/SHA-256 max plaintext (62B) for a 1024-bit key,1024,512,65,0.009504248999974152,4.9952000040320854e-05
,,,message_size=1024B exceeds RSA-OAEP/SHA-256 max plaintext (62B) for a 1024-bit key,1024,1024,65,0.009504248999974152,4.9952000040320854e-05
2.4660000008225325e-05,0.00012047199993503455,128.0,,1024,16,66,0.009917986999994355,3.8121999978102394e-05
2.1945000071355025e-05,0.00011939499995605729,128.0,,1024,32,66,0.009917986999994355,3.8121999978102394e-05
,,,message_size=64B exceeds RSA-OAEP/SHA-256 max plaintext (62B) for a 1024-bit key,1024,64,66,0.009917986999994355,3.8121999978102394e-05
,,,message_size=128B exceeds RSA-OAEP/SHA-256 max plaintext (62B) for a 1024-bit key,1024,128,66,0.009917986999994355,3.8121999978102394e-05
,,,message_size=256B exceeds RSA-OAEP/SHA-256 max plaintext (62B) for a 1024-bit key,1024,256,66,0.009917986999994355,3.8121999978102394e-05
,,,message_size=512B exceeds RSA-OAEP/SHA-256 max plaintext (62B) for a 1024-bit key,1024,512,66,0.009917986999994355,3.8121999978102394e-05
,,,message_size=1024B exceeds RSA-OAEP/SHA-256 max plaintext (62B) for a 1024-bit key,1024,1024,66,0.009917986999994355,3.8121999978102394e-05
4.4594999963010196e-05,0.00017764899996564054,128.0,,1024,16,67,0.014440616000001683,4.4912000021213316e-05
3.933599998617865e-05,0.0001828950000799523,128.0,,1024,32,67,0.014440616000001683,4.4912000021213316e-05
,,,message_size=64B exceeds RSA-OAEP/SHA-256 max plaintext (62B) for a 1024-bit key,1024,64,67,0.014440616000001683,4.4912000021213316e-05
,,,message_size=128B exceeds RSA-OAEP/SHA-256 max plaintext (62B) for a 1024-bit key,1024,128,67,0.014440616000001683,4.4912000021213316e-05
,,,message_size=256B exceeds RSA-OAEP/SHA-256 max plaintext (62B) for a 1024-bit key,1024,256,67,0.014440616000001683,4.4912000021213316e-05
,,,message_size=512B exceeds RSA-OAEP/SHA-256 max plaintext (62B) for a 1024-bit key,1024,512,67,0.014440616000001683,4.4912000021213316e-05
,,,message_size=1024B exceeds RSA-OAEP/SHA-256 max plaintext (62B) for a 1024-bit key,1024,1024,67,0.014440616000001683,4.4912000021213316e-05
2.8480999958446773e-05,0.0001230870000199502,128.0,,1024,16,68,0.016643079000004946,4.8377999974036356e-05
2.220299995769892e-05,0.00012061400002494338,128.0,,1024,32,68,0.016643079000004946,4.8377999974036356e-05
,,,message_size=64B exceeds RSA-OAEP/SHA-256 max plaintext (62B) for a 1024-bit key,1024,64,68,0.016643079000004946,4.8377999974036356e-05
,,,message_size=128B exceeds RSA-OAEP/SHA-256 max plaintext (62B) for a 1024-bit key,1024,128,68,0.016643079000004946,4.8377999974036356e-05
,,,message_size=256B exceeds RSA-OAEP/SHA-256 max plaintext (62B) for a 1024-bit key,1024,256,68,0.016643079000004946,4.8377999974036356e-05
,,,message_size=512B exceeds RSA-OAEP/SHA-256 max plaintext (62B) for a 1024-bit key,1024,512,68,0.016643079000004946,4.8377999974036356e-05
,,,message_size=1024B exceeds RSA-OAEP/SHA-256 max plaintext (62B) for a 1024-bit key,1024,1024,68,0.016643079000004946,4.8377999974036356e-05
2.492800001618889e-05,0.0001245920000201295,128.0,,1024,16,69,0.008727537000027041,4.4126000034339086e-05
3.443599996444391e-05,0.00012160799997218419,128.0,,1024,32,69,0.008727537000027041,4.4126000034339086e-05
,,,message_size=64B exceeds RSA-OAEP/SHA-256 max plaintext (62B) for a 1024-bit key,1024,64,69,0.008727537000027041,4.4126000034339086e-05
,,,message_size=128B exceeds RSA-OAEP/SHA-256 max plaintext (62B) for a 1024-bit key,1024,128,69,0.008727537000027041,4.4126000034339086e-05
,,,message_size=256B exceeds RSA-OAEP/SHA-256 max plaintext (62B) for a 1024-bit key,1024,256,69,0.008727537000027041,4.4126000034339086e-05
,,,message_size=512B exceeds RSA-OAEP/SHA-256 max plaintext (62B) for a 1024-bit key,1024,512,69,0.008727537000027041,4.4126000034339086e-05
,,,message_size=1024B exceeds RSA-OAEP/SHA-256 max plaintext (62B) for a 1024-bit key,1024,1024,69,0.008727537000027041,4.4126000034339086e-05
2.515799997127033e-05,0.00012176199993518821,128.0,,1024,16,70,0.0075764160000062475,4.161499998645013e-05
2.1699999933844083e-05,0.0001313410000420845,128.0,,1024,32,70,0.0075764160000062475,4.161499998645013e-05
,,,message_size=64B exceeds RSA-OAEP/SHA-256 max plaintext (62B) for a 1024-bit key,1024,64,70,0.0075764160000062475,4.161499998645013e-05
,,,message_size=128B exceeds RSA-OAEP/SHA-256 max plaintext (62B) for a 1024-bit key,1024,128,70,0.0075764160000062475,4.161499998645013e-05
,,,message_size=256B exceeds RSA-OAEP/SHA-256 max plaintext (62B) for a 1024-bit key,1024,256,70,0.0075764160000062475,4.161499998645013e-05
,,,message_size=512B exceeds RSA-OAEP/SHA-256 max plaintext (62B) for a 1024-bit key,1024,512,70,0.0075764160000062475,4.161499998645013e-05
,,,message_size=1024B exceeds RSA-OAEP/SHA-256 max plaintext (62B) for a 1024-bit key,1024,1024,70,0.0075764160000062475,4.161499998645013e-05
2.5023000034707366e-05,0.00012489499999901454,128.0,,1024,16,71,0.007558425999945939,3.999600005499815e-05
2.244399991013779e-05,0.00012034500002755522,128.0,,1024,32,71,0.007558425999945939,3.999600005499815e-05
,,,message_size=64B exceeds RSA-OAEP/SHA-256 max plaintext (62B) for a 1024-bit key,1024,64,71,0.007558425999945939,3.999600005499815e-05
,,,message_size=128B exceeds RSA-OAEP/SHA-256 max plaintext (62B) for a 1024-bit key,1024,128,71,0.007558425999945939,3.999600005499815e-05
,,,message_size=256B exceeds RSA-OAEP/SHA-256 max plaintext (62B) for a 1024-bit key,1024,256,71,0.007558425999945939,3.999600005499815e-05
,,,message_size=512B exceeds RSA-OAEP/SHA-256 max plaintext (62B) for a 1024-bit key,1024,512,71,0.007558425999945939,3.999600005499815e-05
,,,message_size=1024B exceeds RSA-OAEP/SHA-256 max plaintext (62B) for a 1024-bit key,1024,1024,71,0.007558425999945939,3.999600005499815e-05
2.5311000058536592e-05,0.00012203500000396161,128.0,,1024,16,72,0.008481865000021571,4.4194999986757466e-05
2.2676999947179866e-05,0.00012058599997999409,128.0,,1024,32,72,0.008481865000021571,4.4194999986757466e-05
,,,message_size=64B exceeds RSA-OAEP/SHA-256 max plaintext (62B) for a 1024-bit key,1024,64,72,0.008481865000021571,4.4194999986757466e-05
,,,message_size=128B exceeds RSA-OAEP/SHA-256 max plaintext (62B) for a 1024-bit key,1024,128,72,0.008481865000021571,4.4194999986757466e-05
,,,message_size=256B exceeds RSA-OAEP/SHA-256 max plaintext (62B) for a 1024-bit key,1024,256,72,0.008481865000021571,4.4194999986757466e-05
,,,message_size=512B exceeds RSA-OAEP/SHA-256 max plaintext (62B) for a 1024-bit key,1024,512,72,0.008481865000021571,4.4194999986757466e-05
,,,message_size=1024B exceeds RSA-OAEP/SHA-256 max plaintext (62B) for a 1024-bit key,1024,1024,72,0.008481865000021571,4.4194999986757466e-05
2.4875999997675535e-05,0.0001220689999854585,128.0,,1024,16,73,0.011704981999969277,4.498400005559233e-05
2.195100000790262e-05,0.00012041800005135883,128.0,,1024,32,73,0.011704981999969277,4.498400005559233e-05
,,,message_size=64B exceeds RSA-OAEP/SHA-256 max plaintext (62B) for a 1024-bit key,1024,64,73,0.011704981999969277,4.498400005559233e-05
,,,message_size=128B exceeds RSA-OAEP/SHA-256 max plaintext (62B) for a 1024-bit key,1024,128,73,0.011704981999969277,4.498400005559233e-05
,,,message_size=256B exceeds RSA-OAEP/SHA-256 max plaintext (62B) for a 1024-bit key,1024,256,73,0.011704981999969277,4.498400005559233e-05
,,,message_size=512B exceeds RSA-OAEP/SHA-256 max plaintext (62B) for a 1024-bit key,1024,512,73,0.011704981999969277,4.498400005559233e-05
,,,message_size=1024B exceeds RSA-OAEP/SHA-256 max plaintext (62B) for a 1024-bit key,1024,1024,73,0.011704981999969277,4.498400005559233e-05
2.8144999987489427e-05,0.00012238800002251082,128.0,,1024,16,74,0.008945792999952573,4.690100001880637e-05
2.318400004241994e-05,0.00012063900010161888,128.0,,1024,32,74,0.008945792999952573,4.690100001880637e-05
,,,message_size=64B exceeds RSA-OAEP/SHA-256 max plaintext (62B) for a 1024-bit key,1024,64,74,0.008945792999952573,4.690100001880637e-05
,,,message_size=128B exceeds RSA-OAEP/SHA-256 max plaintext (62B) for a 1024-bit key,1024,128,74,0.008945792999952573,4.690100001880637e-05
,,,message_size=256B exceeds RSA-OAEP/SHA-256 max plaintext (62B) for a 1024-bit key,1024,256,74,0.008945792999952573,4.690100001880637e-05
,,,message_size=512B exceeds RSA-OAEP/SHA-256 max plaintext (62B) for a 1024-bit key,1024,512,74,0.008945792999952573,4.690100001880637e-05
,,,message_size=1024B exceeds RSA-OAEP/SHA-256 max plaintext (62B) for a 1024-bit key,1024,1024,74,0.008945792999952573,4.690100001880637e-05
2.5397000058546837e-05,0.00012205200005155348,128.0,,1024,16,75,0.01045264699996551,4.478000005292415e-05
2.224899992597784e-05,0.00012423400005445728,128.0,,1024,32,75,0.01045264699996551,4.478000005292415e-05
,,,message_size=64B exceeds RSA-OAEP/SHA-256 max plaintext (62B) for a 1024-bit key,1024,64,75,0.01045264699996551,4.478000005292415e-05
,,,message_size=128B exceeds RSA-OAEP/SHA-256 max plaintext (62B) for a 1024-bit key,1024,128,75,0.01045264699996551,4.478000005292415e-05
,,,message_size=256B exceeds RSA-OAEP/SHA-256 max plaintext (62B) for a 1024-bit key,1024,256,75,0.01045264699996551,4.478000005292415e-05
,,,message_size=512B exceeds RSA-OAEP/SHA-256 max plaintext (62B) for a 1024-bit key,1024,512,75,0.01045264699996551,4.478000005292415e-05
,,,message_size=1024B exceeds RSA-OAEP/SHA-256 max plaintext (62B) for a 1024-bit key,1024,1024,75,0.01045264699996551,4.478000005292415e-05
6.431600002088089e-05,0.00036896400001751317,128.0,,1024,16,76,0.014336423000031573,5.290800004331686e-05
8.362699998087919e-05,0.00022785800001656753,128.0,,1024,32,76,0.014336423000031573,5.290800004331686e-05
,,,message_size=64B exceeds RSA-OAEP/SHA-256 max plaintext (62B) for a 1024-bit key,1024,64,76,0.014336423000031573,5.290800004331686e-05
,,,message_size=128B exceeds RSA-OAEP/SHA-256 max plaintext (62B) for a 1024-bit key,1024,128,76,0.014336423000031573,5.290800004331686e-05
,,,message_size=256B exceeds RSA-OAEP/SHA-256 max plaintext (62B) for a 1024-bit key,1024,256,76,0.014336423000031573,5.290800004331686e-05
,,,message_size=512B exceeds RSA-OAEP/SHA-256 max plaintext (62B) for a 1024-bit key,1024,512,76,0.014336423000031573,5.290800004331686e-05
,,,message_size=1024B exceeds RSA-OAEP/SHA-256 max plaintext (62B) for a 1024-bit key,1024,1024,76,0.014336423000031573,5.290800004331686e-05
3.33039999986795e-05,0.00012601899993569532,128.0,,1024,16,77,0.007308049000016581,4.833000002690824e-05
2.604200005862367e-05,0.0001241469999513356,128.0,,1024,32,77,0.007308049000016581,4.833000002690824e-05
,,,message_size=64B exceeds RSA-OAEP/SHA-256 max plaintext (62B) for a 1024-bit key,1024,64,77,0.007308049000016581,4.833000002690824e-05
,,,message_size=128B exceeds RSA-OAEP/SHA-256 max plaintext (62B) for a 1024-bit key,1024,128,77,0.007308049000016581,4.833000002690824e-05
,,,message_size=256B exceeds RSA-OAEP/SHA-256 max plaintext (62B) for a 1024-bit key,1024,256,77,0.007308049000016581,4.833000002690824e-05
,,,message_size=512B exceeds RSA-OAEP/SHA-256 max plaintext (62B) for a 1024-bit key,1024,512,77,0.007308049000016581,4.833000002690824e-05
,,,message_size=1024B exceeds RSA-OAEP/SHA-256 max plaintext (62B) for a 1024-bit key,1024,1024,77,0.007308049000016581,4.833000002690824e-05
4.0024999975685205e-05,0.0001259670000308688,128.0,,1024,16,78,0.009155819999932646,4.912399992917926e-05
2.5198000003001653e-05,0.00012476400002014998,128.0,,1024,32,78,0.009155819999932646,4.912399992917926e-05
,,,message_size=64B exceeds RSA-OAEP/SHA-256 max plaintext (62B) for a 1024-bit key,1024,64,78,0.009155819999932646,4.912399992917926e-05
,,,message_size=128B exceeds RSA-OAEP/SHA-256 max plaintext (62B) for a 1024-bit key,1024,128,78,0.009155819999932646,4.912399992917926e-05
,,,message_size=256B exceeds RSA-OAEP/SHA-256 max plaintext (62B) for a 1024-bit key,1024,256,78,0.009155819999932646,4.912399992917926e-05
,,,message_size=512B exceeds RSA-OAEP/SHA-256 max plaintext (62B) for a 1024-bit key,1024,512,78,0.009155819999932646,4.912399992917926e-05
,,,message_size=1024B exceeds RSA-OAEP/SHA-256 max plaintext (62B) for a 1024-bit key,1024,1024,78,0.009155819999932646,4.912399992917926e-05
2.984900004321389e-05,0.00012543299999379087,128.0,,1024,16,79,0.008649330000025657,4.599399994731357e-05
2.5744000026861613e-05,0.00012367099998300546,128.0,,1024,32,79,0.008649330000025657,4.599399994731357e-05
,,,message_size=64B exceeds RSA-OAEP/SHA-256 max plaintext (62B) for a 1024-bit key,1024,64,79,0.008649330000025657,4.599399994731357e-05
,,,message_size=128B exceeds RSA-OAEP/SHA-256 max plaintext (62B) for a 1024-bit key,1024,128,79,0.008649330000025657,4.599399994731357e-05
,,,message_size=256B exceeds RSA-OAEP/SHA-256 max plaintext (62B) for a 1024-bit key,1024,256,79,0.008649330000025657,4.599399994731357e-05
,,,message_size=512B exceeds RSA-OAEP/SHA-256 max plaintext (62B) for a 1024-bit key,1024,512,79,0.008649330000025657,4.599399994731357e-05
,,,message_size=1024B exceeds RSA-OAEP/SHA-256 max plaintext (62B) for a 1024-bit key,1024,1024,79,0.008649330000025657,4.599399994731357e-05
3.244800006996229e-05,0.0001300929999388245,128.0,,1024,16,80,0.009855426000058287,4.571700003452861e-05
3.413900003579329e-05,0.00012444200001482386,128.0,,1024,32,80,0.009855426000058287,4.571700003452861e-05
,,,message_size=64B exceeds RSA-OAEP/SHA-256 max plaintext (62B) for a 1024-bit key,1024,64,80,0.009855426000058287,4.571700003452861e-05
,,,message_size=128B exceeds RSA-OAEP/SHA-256 max plaintext (62B) for a 1024-bit key,1024,128,80,0.009855426000058287,4.571700003452861e-05
,,,message_size=256B exceeds RSA-OAEP/SHA-256 max plaintext (62B) for a 1024-bit key,1024,256,80,0.009855426000058287,4.571700003452861e-05
,,,message_size=512B exceeds RSA-OAEP/SHA-256 max plaintext (62B) for a 1024-bit key,1024,512,80,0.009855426000058287,4.571700003452861e-05
,,,message_size=1024B exceeds RSA-OAEP/SHA-256 max plaintext (62B) for a 1024-bit key,1024,1024,80,0.009855426000058287,4.571700003452861e-05
3.103599999576545e-05,0.00012592299992775224,128.0,,1024,16,81,0.01590438499999891,4.5768999939355126e-05
2.5161000053230964e-05,0.00012761599998611928,128.0,,1024,32,81,0.01590438499999891,4.5768999939355126e-05
,,,message_size=64B exceeds RSA-OAEP/SHA-256 max plaintext (62B) for a 1024-bit key,1024,64,81,0.01590438499999891,4.5768999939355126e-05
,,,message_size=128B exceeds RSA-OAEP/SHA-256 max plaintext (62B) for a 1024-bit key,1024,128,81,0.01590438499999891,4.5768999939355126e-05
,,,message_size=256B exceeds RSA-OAEP/SHA-256 max plaintext (62B) for a 1024-bit key,1024,256,81,0.01590438499999891,4.5768999939355126e-05
,,,message_size=512B exceeds RSA-OAEP/SHA-256 max plaintext (62B) for a 1024-bit key,1024,512,81,0.01590438499999891,4.5768999939355126e-05
,,,message_size=1024B exceeds RSA-OAEP/SHA-256 max plaintext (62B) for a 1024-bit key,1024,1024,81,0.01590438499999891,4.5768999939355126e-05
3.9398000012624834e-05,0.00012522499991973746,128.0,,1024,16,82,0.009924084999965999,4.469100008464011e-05
2.5207000021509884e-05,0.00012382900001739472,128.0,,1024,32,82,0.009924084999965999,4.469100008464011e-05
,,,message_size=64B exceeds RSA-OAEP/SHA-256 max plaintext (62B) for a 1024-bit key,1024,64,82,0.009924084999965999,4.469100008464011e-05
,,,message_size=128B exceeds RSA-OAEP/SHA-256 max plaintext (62B) for a 1024-bit key,1024,128,82,0.009924084999965999,4.469100008464011e-05
,,,message_size=256B exceeds RSA-OAEP/SHA-256 max plaintext (62B) for a 1024-bit key,1024,256,82,0.009924084999965999,4.469100008464011e-05
,,,message_size=512B exceeds RSA-OAEP/SHA-256 max plaintext (62B) for a 1024-bit key,1024,512,82,0.009924084999965999,4.469100008464011e-05
,,,message_size=1024B exceeds RSA-OAEP/SHA-256 max plaintext (62B) for a 1024-bit key,1024,1024,82,0.009924084999965999,4.469100008464011e-05
2.7122999995299324e-05,0.00012553700003081758,128.0,,1024,16,83,0.012774236000041128,4.642600003990083e-05
2.531600000565959e-05,0.00012412000000949774,128.0,,1024,32,83,0.012774236000041128,4.642600003990083e-05
,,,message_size=64B exceeds RSA-OAEP/SHA-256 max plaintext (62B) for a 1024-bit key,1024,64,83,0.012774236000041128,4.642600003990083e-05
,,,message_size=128B exceeds RSA-OAEP/SHA-256 max plaintext (62B) for a 1024-bit key,1024,128,83,0.012774236000041128,4.642600003990083e-05
,,,message_size=256B exceeds RSA-OAEP/SHA-256 max plaintext (62B) for a 1024-bit key,1024,256,83,0.012774236000041128,4.642600003990083e-05
,,,message_size=512B exceeds RSA-OAEP/SHA-256 max plaintext (62B) for a 1024-bit key,1024,512,83,0.012774236000041128,4.642600003990083e-05
,,,message_size=1024B exceeds RSA-OAEP/SHA-256 max plaintext (62B) for a 1024-bit key,1024,1024,83,0.012774236000041128,4.642600003990083e-05
3.470900003321731e-05,0.00012562200004140323,128.0,,1024,16,84,0.008872289999999339,4.61409999843454e-05
2.5481999955445644e-05,0.00013500299996849208,128.0,,1024,32,84,0.008872289999999339,4.61409999843454e-05
,,,message_size=64B exceeds RSA-OAEP/SHA-256 max plaintext (62B) for a 1024-bit key,1024,64,84,0.008872289999999339,4.61409999843454e-05
,,,message_size=128B exceeds RSA-OAEP/SHA-256 max plaintext (62B) for a 1024-bit key,1024,128,84,0.008872289999999339,4.61409999843454e-05
,,,message_size=256B exceeds RSA-OAEP/SHA-256 max plaintext (62B) for a 1024-bit key,1024,256,84,0.008872289999999339,4.61409999843454e-05
,,,message_size=512B exceeds RSA-OAEP/SHA-256 max plaintext (62B) for a 1024-bit key,1024,512,84,0.008872289999999339,4.61409999843454e-05
,,,message_size=1024B exceeds RSA-OAEP/SHA-256 max plaintext (62B) for a 1024-bit key,1024,1024,84,0.008872289999999339,4.61409999843454e-05
2.8034000024490524e-05,0.00012493400004132127,128.0,,1024,16,85,0.015077544000064336,7.362999997440056e-05
2.5972999992518453e-05,0.0001234700000622979,128.0,,1024,32,85,0.015077544000064336,7.362999997440056e-05
,,,message_size=64B exceeds RSA-OAEP/SHA-256 max plaintext (62B) for a 1024-bit key,1024,64,85,0.015077544000064336,7.362999997440056e-05
,,,message_size=128B exceeds RSA-OAEP/SHA-256 max plaintext (62B) for a 1024-bit key,1024,128,85,0.015077544000064336,7.362999997440056e-05
,,,message_size=256B exceeds RSA-OAEP/SHA-256 max plaintext (62B) for a 1024-bit key,1024,256,85,0.015077544000064336,7.362999997440056e-05
,,,message_size=512B exceeds RSA-OAEP/SHA-256 max plaintext (62B) for a 1024-bit key,1024,512,85,0.015077544000064336,7.362999997440056e-05
,,,message_size=1024B exceeds RSA-OAEP/SHA-256 max plaintext (62B) for a 1024-bit key,1024,1024,85,0.015077544000064336,7.362999997440056e-05
2.8251000003365334e-05,0.0001245369999196555,128.0,,1024,16,86,0.00933339400000932,4.415600005813758e-05
2.517899997656059e-05,0.00014682399989851547,128.0,,1024,32,86,0.00933339400000932,4.415600005813758e-05
,,,message_size=64B exceeds RSA-OAEP/SHA-256 max plaintext (62B) for a 1024-bit key,1024,64,86,0.00933339400000932,4.415600005813758e-05
,,,message_size=128B exceeds RSA-OAEP/SHA-256 max plaintext (62B) for a 1024-bit key,1024,128,86,0.00933339400000932,4.415600005813758e-05
,,,message_size=256B exceeds RSA-OAEP/SHA-256 max plaintext (62B) for a 1024-bit key,1024,256,86,0.00933339400000932,4.415600005813758e-05
,,,message_size=512B exceeds RSA-OAEP/SHA-256 max plaintext (62B) for a 1024-bit key,1024,512,86,0.00933339400000932,4.415600005813758e-05
,,,message_size=1024B exceeds RSA-OAEP/SHA-256 max plaintext (62B) for a 1024-bit key,1024,1024,86,0.00933339400000932,4.415600005813758e-05
3.864299992528686e-05,0.00012830799994389963,128.0,,1024,16,87,0.008060382999929061,4.2077999978573644e-05
2.5216000040018116e-05,0.00012369000000944652,128.0,,1024,32,87,0.008060382999929061,4.2077999978573644e-05
,,,message_size=64B exceeds RSA-OAEP/SHA-256 max plaintext (62B) for a 1024-bit key,1024,64,87,0.008060382999929061,4.2077999978573644e-05
,,,message_size=128B exceeds RSA-OAEP/SHA-256 max plaintext (62B) for a 1024-bit key,1024,128,87,0.008060382999929061,4.2077999978573644e-05
,,,message_size=256B exceeds RSA-OAEP/SHA-256 max plaintext (62B) for a 1024-bit key,1024,256,87,0.008060382999929061,4.2077999978573644e-05
,,,message_size=512B exceeds RSA-OAEP/SHA-256 max plaintext (62B) for a 1024-bit key,1024,512,87,0.008060382999929061,4.2077999978573644e-05
,,,message_size=1024B exceeds RSA-OAEP/SHA-256 max plaintext (62B) for a 1024-bit key,1024,1024,87,0.008060382999929061,4.2077999978573644e-05
3.2591000035608886e-05,0.00012565500003347552,128.0,,1024,16,88,0.009283158000016556,4.6875999942130875e-05
3.907000007075112e-05,0.00012618300002031901,128.0,,1024,32,88,0.009283158000016556,4.6875999942130875e-05
,,,message_size=64B exceeds RSA-OAEP/SHA-256 max plaintext (62B) for a 1024-bit key,1024,64,88,0.009283158000016556,4.6875999942130875e-05
,,,message_size=128B exceeds RSA-OAEP/SHA-256 max plaintext (62B) for a 1024-bit key,1024,128,88,0.009283158000016556,4.6875999942130875e-05
,,,message_size=256B exceeds RSA-OAEP/SHA-256 max plaintext (62B) for a 1024-bit key,1024,256,88,0.009283158000016556,4.6875999942130875e-05
,,,message_size=512B exceeds RSA-OAEP/SHA-256 max plaintext (62B) for a 1024-bit key,1024,512,88,0.009283158000016556,4.6875999942130875e-05
,,,message_size=1024B exceeds RSA-OAEP/SHA-256 max plaintext (62B) for a 1024-bit key,1024,1024,88,0.009283158000016556,4.6875999942130875e-05
2.718400003232091e-05,0.00013182099996811303,128.0,,1024,16,89,0.00935500899993258,4.280999996808532e-05
2.5454000024183188e-05,0.00013461599996844598,128.0,,1024,32,89,0.00935500899993258,4.280999996808532e-05
,,,message_size=64B exceeds RSA-OAEP/SHA-256 max plaintext (62B) for a 1024-bit key,1024,64,89,0.00935500899993258,4.280999996808532e-05
,,,message_size=128B exceeds RSA-OAEP/SHA-256 max plaintext (62B) for a 1024-bit key,1024,128,89,0.00935500899993258,4.280999996808532e-05
,,,message_size=256B exceeds RSA-OAEP/SHA-256 max plaintext (62B) for a 1024-bit key,1024,256,89,0.00935500899993258,4.280999996808532e-05
,,,message_size=512B exceeds RSA-OAEP/SHA-256 max plaintext (62B) for a 1024-bit key,1024,512,89,0.00935500899993258,4.280999996808532e-05
,,,message_size=1024B exceeds RSA-OAEP/SHA-256 max plaintext (62B) for a 1024-bit key,1024,1024,89,0.00935500899993258,4.280999996808532e-05
2.5739999955476378e-05,0.00012226000001192006,128.0,,1024,16,90,0.016351054999972803,4.842399994231528e-05
2.2403999992093304e-05,0.00012521999997261446,128.0,,1024,32,90,0.016351054999972803,4.842399994231528e-05
,,,message_size=64B exceeds RSA-OAEP/SHA-256 max plaintext (62B) for a 1024-bit key,1024,64,90,0.016351054999972803,4.842399994231528e-05
,,,message_size=128B exceeds RSA-OAEP/SHA-256 max plaintext (62B) for a 1024-bit key,1024,128,90,0.016351054999972803,4.842399994231528e-05
,,,message_size=256B exceeds RSA-OAEP/SHA-256 max plaintext (62B) for a 1024-bit key,1024,256,90,0.016351054999972803,4.842399994231528e-05
,,,message_size=512B exceeds RSA-OAEP/SHA-256 max plaintext (62B) for a 1024-bit key,1024,512,90,0.016351054999972803,4.842399994231528e-05
,,,message_size=1024B exceeds RSA-OAEP/SHA-256 max plaintext (62B) for a 1024-bit key,1024,1024,90,0.016351054999972803,4.842399994231528e-05
2.6155000000471773e-05,0.00012960300000486313,128.0,,1024,16,91,0.011270016000025862,4.611999997905514e-05
2.2391000015886675e-05,0.00012044499999319669,128.0,,1024,32,91,0.011270016000025862,4.611999997905514e-05
,,,message_size=64B exceeds RSA-OAEP/SHA-256 max plaintext (62B) for a 1024-bit key,1024,64,91,0.011270016000025862,4.611999997905514e-05
,,,message_size=128B exceeds RSA-OAEP/SHA-256 max plaintext (62B) for a 1024-bit key,1024,128,91,0.011270016000025862,4.611999997905514e-05
,,,message_size=256B exceeds RSA-OAEP/SHA-256 max plaintext (62B) for a 1024-bit key,1024,256,91,0.011270016000025862,4.611999997905514e-05
,,,message_size=512B exceeds RSA-OAEP/SHA-256 max plaintext (62B) for a 1024-bit key,1024,512,91,0.011270016000025862,4.611999997905514e-05
,,,message_size=1024B exceeds RSA-OAEP/SHA-256 max plaintext (62B) for a 1024-bit key,1024,1024,91,0.011270016000025862,4.611999997905514e-05
3.174300002228847e-05,0.00012943800004450168,128.0,,1024,16,92,0.010465099999919403,4.1895999970620323e-05
2.2788000023865607e-05,0.00012049199995090021,128.0,,1024,32,92,0.010465099999919403,4.1895999970620323e-05
,,,message_size=64B exceeds RSA-OAEP/SHA-256 max plaintext (62B) for a 1024-bit key,1024,64,92,0.010465099999919403,4.1895999970620323e-05
,,,message_size=128B exceeds RSA-OAEP/SHA-256 max plaintext (62B) for a 1024-bit key,1024,128,92,0.010465099999919403,4.1895999970620323e-05
,,,message_size=256B exceeds RSA-OAEP/SHA-256 max plaintext (62B) for a 1024-bit key,1024,256,92,0.010465099999919403,4.1895999970620323e-05
,,,message_size=512B exceeds RSA-OAEP/SHA-256 max plaintext (62B) for a 1024-bit key,1024,512,92,0.010465099999919403,4.1895999970620323e-05
,,,message_size=1024B exceeds RSA-OAEP/SHA-256 max plaintext (62B) for a 1024-bit key,1024,1024,92,0.010465099999919403,4.1895999970620323e-05
2.5310000069111993e-05,0.00012214500009122276,128.0,,1024,16,93,0.010130005999940295,4.5017999923402385e-05
2.1866999986741575e-05,0.00013076000004730304,128.0,,1024,32,93,0.010130005999940295,4.5017999923402385e-05
,,,message_size=64B exceeds RSA-OAEP/SHA-256 max plaintext (62B) for a 1024-bit key,1024,64,93,0.010130005999940295,4.5017999923402385e-05
,,,message_size=128B exceeds RSA-OAEP/SHA-256 max plaintext (62B) for a 1024-bit key,1024,128,93,0.010130005999940295,4.5017999923402385e-05
,,,message_size=256B exceeds RSA-OAEP/SHA-256 max plaintext (62B) for a 1024-bit key,1024,256,93,0.010130005999940295,4.5017999923402385e-05
,,,message_size=512B exceeds RSA-OAEP/SHA-256 max plaintext (62B) for a 1024-bit key,1024,512,93,0.010130005999940295,4.5017999923402385e-05
,,,message_size=1024B exceeds RSA-OAEP/SHA-256 max plaintext (62B) for a 1024-bit key,1024,1024,93,0.010130005999940295,4.5017999923402385e-05
2.4508000024070498e-05,0.00012037099997996847,128.0,,1024,16,94,0.017051575999971647,4.453400003967545e-05
2.846199993200571e-05,0.00011960299991642387,128.0,,1024,32,94,0.017051575999971647,4.453400003967545e-05
,,,message_size=64B exceeds RSA-OAEP/SHA-256 max plaintext (62B) for a 1024-bit key,1024,64,94,0.017051575999971647,4.453400003967545e-05
,,,message_size=128B exceeds RSA-OAEP/SHA-256 max plaintext (62B) for a 1024-bit key,1024,128,94,0.017051575999971647,4.453400003967545e-05
,,,message_size=256B exceeds RSA-OAEP/SHA-256 max plaintext (62B) for a 1024-bit key,1024,256,94,0.017051575999971647,4.453400003967545e-05
,,,message_size=512B exceeds RSA-OAEP/SHA-256 max plaintext (62B) for a 1024-bit key,1024,512,94,0.017051575999971647,4.453400003967545e-05
,,,message_size=1024B exceeds RSA-OAEP/SHA-256 max plaintext (62B) for a 1024-bit key,1024,1024,94,0.017051575999971647,4.453400003967545e-05
2.3829999918234535e-05,0.00012141799993514724,128.0,,1024,16,95,0.012202621000028557,4.5791000047756825e-05
2.1783000079267367e-05,0.0001314120000870389,128.0,,1024,32,95,0.012202621000028557,4.5791000047756825e-05
,,,message_size=64B exceeds RSA-OAEP/SHA-256 max plaintext (62B) for a 1024-bit key,1024,64,95,0.012202621000028557,4.5791000047756825e-05
,,,message_size=128B exceeds RSA-OAEP/SHA-256 max plaintext (62B) for a 1024-bit key,1024,128,95,0.012202621000028557,4.5791000047756825e-05
,,,message_size=256B exceeds RSA-OAEP/SHA-256 max plaintext (62B) for a 1024-bit key,1024,256,95,0.012202621000028557,4.5791000047756825e-05
,,,message_size=512B exceeds RSA-OAEP/SHA-256 max plaintext (62B) for a 1024-bit key,1024,512,95,0.012202621000028557,4.5791000047756825e-05
,,,message_size=1024B exceeds RSA-OAEP/SHA-256 max plaintext (62B) for a 1024-bit key,1024,1024,95,0.012202621000028557,4.5791000047756825e-05
2.482400009284902e-05,0.00015084999995451653,128.0,,1024,16,96,0.012633975999960967,9.858299995357811e-05
2.6332999937039858e-05,0.00012919400001010217,128.0,,1024,32,96,0.012633975999960967,9.858299995357811e-05
,,,message_size=64B exceeds RSA-OAEP/SHA-256 max plaintext (62B) for a 1024-bit key,1024,64,96,0.012633975999960967,9.858299995357811e-05
,,,message_size=128B exceeds RSA-OAEP/SHA-256 max plaintext (62B) for a 1024-bit key,1024,128,96,0.012633975999960967,9.858299995357811e-05
,,,message_size=256B exceeds RSA-OAEP/SHA-256 max plaintext (62B) for a 1024-bit key,1024,256,96,0.012633975999960967,9.858299995357811e-05
,,,message_size=512B exceeds RSA-OAEP/SHA-256 max plaintext (62B) for a 1024-bit key,1024,512,96,0.012633975999960967,9.858299995357811e-05
,,,message_size=1024B exceeds RSA-OAEP/SHA-256 max plaintext (62B) for a 1024-bit key,1024,1024,96,0.012633975999960967,9.858299995357811e-05
2.4794999944788287e-05,0.00012247399990883423,128.0,,1024,16,97,0.011381880000044475,4.317899993111496e-05
2.19080000078975e-05,0.00012727800003631273,128.0,,1024,32,97,0.011381880000044475,4.317899993111496e-05
,,,message_size=64B exceeds RSA-OAEP/SHA-256 max plaintext (62B) for a 1024-bit key,1024,64,97,0.011381880000044475,4.317899993111496e-05
,,,message_size=128B exceeds RSA-OAEP/SHA-256 max plaintext (62B) for a 1024-bit key,1024,128,97,0.011381880000044475,4.317899993111496e-05
,,,message_size=256B exceeds RSA-OAEP/SHA-256 max plaintext (62B) for a 1024-bit key,1024,256,97,0.011381880000044475,4.317899993111496e-05
,,,message_size=512B exceeds RSA-OAEP/SHA-256 max plaintext (62B) for a 1024-bit key,1024,512,97,0.011381880000044475,4.317899993111496e-05
,,,message_size=1024B exceeds RSA-OAEP/SHA-256 max plaintext (62B) for a 1024-bit key,1024,1024,97,0.011381880000044475,4.317899993111496e-05
2.4321999944731942e-05,0.00012208499992993893,128.0,,1024,16,98,0.007395280999958231,4.219499999180698e-05
3.202099992449803e-05,0.00012156299999332987,128.0,,1024,32,98,0.007395280999958231,4.219499999180698e-05
,,,message_size=64B exceeds RSA-OAEP/SHA-256 max plaintext (62B) for a 1024-bit key,1024,64,98,0.007395280999958231,4.219499999180698e-05
,,,message_size=128B exceeds RSA-OAEP/SHA-256 max plaintext (62B) for a 1024-bit key,1024,128,98,0.007395280999958231,4.219499999180698e-05
,,,message_size=256B exceeds RSA-OAEP/SHA-256 max plaintext (62B) for a 1024-bit key,1024,256,98,0.007395280999958231,4.219499999180698e-05
,,,message_size=512B exceeds RSA-OAEP/SHA-256 max plaintext (62B) for a 1024-bit key,1024,512,98,0.007395280999958231,4.219499999180698e-05
,,,message_size=1024B exceeds RSA-OAEP/SHA-256 max plaintext (62B) for a 1024-bit key,1024,1024,98,0.007395280999958231,4.219499999180698e-05
2.4053999936768378e-05,0.00013170400006856653,128.0,,1024,16,99,0.00971328400009952,4.422799997882976e-05
2.2800000010647636e-05,0.00012052900001435773,128.0,,1024,32,99,0.00971328400009952,4.422799997882976e-05
,,,message_size=64B exceeds RSA-OAEP/SHA-256 max plaintext (62B) for a 1024-bit key,1024,64,99,0.00971328400009952,4.422799997882976e-05
,,,message_size=128B exceeds RSA-OAEP/SHA-256 max plaintext (62B) for a 1024-bit key,1024,128,99,0.00971328400009952,4.422799997882976e-05
,,,message_size=256B exceeds RSA-OAEP/SHA-256 max plaintext (62B) for a 1024-bit key,1024,256,99,0.00971328400009952,4.422799997882976e-05
,,,message_size=512B exceeds RSA-OAEP/SHA-256 max plaintext (62B) for a 1024-bit key,1024,512,99,0.00971328400009952,4.422799997882976e-05
,,,message_size=1024B exceeds RSA-OAEP/SHA-256 max plaintext (62B) for a 1024-bit key,1024,1024,99,0.00971328400009952,4.422799997882976e-05
2.4166999992303317e-05,0.00012079099997208687,128.0,,1024,16,100,0.014211435999982314,4.6739999902456475e-05
2.1833999994669284e-05,0.00011926299998776813,128.0,,1024,32,100,0.014211435999982314,4.6739999902456475e-05
,,,message_size=64B exceeds RSA-OAEP/SHA-256 max plaintext (62B) for a 1024-bit key,1024,64,100,0.014211435999982314,4.6739999902456475e-05
,,,message_size=128B exceeds RSA-OAEP/SHA-256 max plaintext (62B) for a 1024-bit key,1024,128,100,0.014211435999982314,4.6739999902456475e-05
,,,message_size=256B exceeds RSA-OAEP/SHA-256 max plaintext (62B) for a 1024-bit key,1024,256,100,0.014211435999982314,4.6739999902456475e-05
,,,message_size=512B exceeds RSA-OAEP/SHA-256 max plaintext (62B) for a 1024-bit key,1024,512,100,0.014211435999982314,4.6739999902456475e-05
,,,message_size=1024B exceeds RSA-OAEP/SHA-256 max plaintext (62B) for a 1024-bit key,1024,1024,100,0.014211435999982314,4.6739999902456475e-05
2.3928000018713647e-05,0.00013288100001318526,128.0,,1024,16,101,0.007142961999988984,4.021200004444836e-05
2.2768999997424544e-05,0.00012049500003286084,128.0,,1024,32,101,0.007142961999988984,4.021200004444836e-05
,,,message_size=64B exceeds RSA-OAEP/SHA-256 max plaintext (62B) for a 1024-bit key,1024,64,101,0.007142961999988984,4.021200004444836e-05
,,,message_size=128B exceeds RSA-OAEP/SHA-256 max plaintext (62B) for a 1024-bit key,1024,128,101,0.007142961999988984,4.021200004444836e-05
,,,message_size=256B exceeds RSA-OAEP/SHA-256 max plaintext (62B) for a 1024-bit key,1024,256,101,0.007142961999988984,4.021200004444836e-05
,,,message_size=512B exceeds RSA-OAEP/SHA-256 max plaintext (62B) for a 1024-bit key,1024,512,101,0.007142961999988984,4.021200004444836e-05
,,,message_size=1024B exceeds RSA-OAEP/SHA-256 max plaintext (62B) for a 1024-bit key,1024,1024,101,0.007142961999988984,4.021200004444836e-05
2.7643000066746026e-05,0.0001298620001080053,128.0,,1024,16,102,0.007027957999980572,3.711499994096812e-05
2.201299992066197e-05,0.00012095199997474992,128.0,,1024,32,102,0.007027957999980572,3.711499994096812e-05
,,,message_size=64B exceeds RSA-OAEP/SHA-256 max plaintext (62B) for a 1024-bit key,1024,64,102,0.007027957999980572,3.711499994096812e-05
,,,message_size=128B exceeds RSA-OAEP/SHA-256 max plaintext (62B) for a 1024-bit key,1024,128,102,0.007027957999980572,3.711499994096812e-05
,,,message_size=256B exceeds RSA-OAEP/SHA-256 max plaintext (62B) for a 1024-bit key,1024,256,102,0.007027957999980572,3.711499994096812e-05
,,,message_size=512B exceeds RSA-OAEP/SHA-256 max plaintext (62B) for a 1024-bit key,1024,512,102,0.007027957999980572,3.711499994096812e-05
,,,message_size=1024B exceeds RSA-OAEP/SHA-256 max plaintext (62B) for a 1024-bit key,1024,1024,102,0.007027957999980572,3.711499994096812e-05
2.4512999971193494e-05,0.00012186700007532636,128.0,,1024,16,103,0.008946521999973811,3.870400007599528e-05
2.1293000031619158e-05,0.00012012000001959677,128.0,,1024,32,103,0.008946521999973811,3.870400007599528e-05
,,,message_size=64B exceeds RSA-OAEP/SHA-256 max plaintext (62B) for a 1024-bit key,1024,64,103,0.008946521999973811,3.870400007599528e-05
,,,message_size=128B exceeds RSA-OAEP/SHA-256 max plaintext (62B) for a 1024-bit key,1024,128,103,0.008946521999973811,3.870400007599528e-05
,,,message_size=256B exceeds RSA-OAEP/SHA-256 max plaintext (62B) for a 1024-bit key,1024,256,103,0.008946521999973811,3.870400007599528e-05
,,,message_size=512B exceeds RSA-OAEP/SHA-256 max plaintext (62B) for a 1024-bit key,1024,512,103,0.008946521999973811,3.870400007599528e-05
,,,message_size=1024B exceeds RSA-OAEP/SHA-256 max plaintext (62B) for a 1024-bit key,1024,1024,103,0.008946521999973811,3.870400007599528e-05
2.7183999918634072e-05,0.00013018599997849378,128.0,,1024,16,104,0.009543963000055555,4.402800004754681e-05
2.336500006094866e-05,0.00012121600002501509,128.0,,1024,32,104,0.009543963000055555,4.402800004754681e-05
,,,message_size=64B exceeds RSA-OAEP/SHA-256 max plaintext (62B) for a 1024-bit key,1024,64,104,0.009543963000055555,4.402800004754681e-05
,,,message_size=128B exceeds RSA-OAEP/SHA-256 max plaintext (62B) for a 1024-bit key,1024,128,104,0.009543963000055555,4.402800004754681e-05
,,,message_size=256B exceeds RSA-OAEP/SHA-256 max plaintext (62B) for a 1024-bit key,1024,256,104,0.009543963000055555,4.402800004754681e-05
,,,message_size=512B exceeds RSA-OAEP/SHA-256 max plaintext (62B) for a 1024-bit key,1024,512,104,0.009543963000055555,4.402800004754681e-05
,,,message_size=1024B exceeds RSA-OAEP/SHA-256 max plaintext (62B) for a 1024-bit key,1024,1024,104,0.009543963000055555,4.402800004754681e-05
2.5421000032110896e-05,0.00012219000007007708,128.0,,1024,16,105,0.009715652999943813,4.25160000077085e-05
2.1859999947082542e-05,0.00012024099999052851,128.0,,1024,32,105,0.009715652999943813,4.25160000077085e-05
,,,message_size=64B exceeds RSA-OAEP/SHA-256 max plaintext (62B) for a 1024-bit key,1024,64,105,0.009715652999943813,4.25160000077085e-05
,,,message_size=128B exceeds RSA-OAEP/SHA-256 max plaintext (62B) for a 1024-bit key,1024,128,105,0.009715652999943813,4.25160000077085e-05
,,,message_size=256B exceeds RSA-OAEP/SHA-256 max plaintext (62B) for a 1024-bit key,1024,256,105,0.009715652999943813,4.25160000077085e-05
,,,message_size=512B exceeds RSA-OAEP/SHA-256 max plaintext (62B) for a 1024-bit key,1024,512,105,0.009715652999943813,4.25160000077085e-05
,,,message_size=1024B exceeds RSA-OAEP/SHA-256 max plaintext (62B) for a 1024-bit key,1024,1024,105,0.009715652999943813,4.25160000077085e-05
2.460700000028737e-05,0.00013285399995766056,128.0,,1024,16,106,0.0071127239999668745,4.448700008197193e-05
2.3243999976330088e-05,0.00012134600001445506,128.0,,1024,32,106,0.0071127239999668745,4.448700008197193e-05
,,,message_size=64B exceeds RSA-OAEP/SHA-256 max plaintext (62B) for a 1024-bit key,1024,64,106,0.0071127239999668745,4.448700008197193e-05
,,,message_size=128B exceeds RSA-OAEP/SHA-256 max plaintext (62B) for a 1024-bit key,1024,128,106,0.0071127239999668745,4.448700008197193e-05
,,,message_size=256B exceeds RSA-OAEP/SHA-256 max plaintext (62B) for a 1024-bit key,1024,256,106,0.0071127239999668745,4.448700008197193e-05
,,,message_size=512B exceeds RSA-OAEP/SHA-256 max plaintext (62B) for a 1024-bit key,1024,512,106,0.0071127239999668745,4.448700008197193e-05
,,,message_size=1024B exceeds RSA-OAEP/SHA-256 max plaintext (62B) for a 1024-bit key,1024,1024,106,0.0071127239999668745,4.448700008197193e-05
2.5516000050629373e-05,0.00012205899997752567,128.0,,1024,16,107,0.007730649999984962,3.99199999492339e-05
2.2206000039659557e-05,0.0001202720000037516,128.0,,1024,32,107,0.007730649999984962,3.99199999492339e-05
,,,message_size=64B exceeds RSA-OAEP/SHA-256 max plaintext (62B) for a 1024-bit key,1024,64,107,0.007730649999984962,3.99199999492339e-05
,,,message_size=128B exceeds RSA-OAEP/SHA-256 max plaintext (62B) for a 1024-bit key,1024,128,107,0.007730649999984962,3.99199999492339e-05
,,,message_size=256B exceeds RSA-OAEP/SHA-256 max plaintext (62B) for a 1024-bit key,1024,256,107,0.007730649999984962,3.99199999492339e-05
,,,message_size=512B exceeds RSA-OAEP/SHA-256 max plaintext (62B) for a 1024-bit key,1024,512,107,0.007730649999984962,3.99199999492339e-05
,,,message_size=1024B exceeds RSA-OAEP/SHA-256 max plaintext (62B) for a 1024-bit key,1024,1024,107,0.007730649999984962,3.99199999492339e-05
2.481399997122935e-05,0.00012257100001988874,128.0,,1024,16,108,0.008282621000034851,4.2487999962759204e-05
2.1831999902133248e-05,0.00013334300001588417,128.0,,1024,32,108,0.008282621000034851,4.2487999962759204e-05
,,,message_size=64B exceeds RSA-OAEP/SHA-256 max plaintext (62B) for a 1024-bit key,1024,64,108,0.008282621000034851,4.2487999962759204e-05
,,,message_size=128B exceeds RSA-OAEP/SHA-256 max plaintext (62B) for a 1024-bit key,1024,128,108,0.008282621000034851,4.2487999962759204e-05
,,,message_size=256B exceeds RSA-OAEP/SHA-256 max plaintext (62B) for a 1024-bit key,1024,256,108,0.008282621000034851,4.2487999962759204e-05
,,,message_size=512B exceeds RSA-OAEP/SHA-256 max plaintext (62B) for a 1024-bit key,1024,512,108,0.008282621000034851,4.2487999962759204e-05
,,,message_size=1024B exceeds RSA-OAEP/SHA-256 max plaintext (62B) for a 1024-bit key,1024,1024,108,0.008282621000034851,4.2487999962759204e-05
2.4875999997675535e-05,0.00012888699995983188,128.0,,1024,16,109,0.008231112999965262,3.8738999933229934e-05
2.2857000089970825e-05,0.00012033699999847158,128.0,,1024,32,109,0.008231112999965262,3.8738999933229934e-05
,,,message_size=64B exceeds RSA-OAEP/SHA-256 max plaintext (62B) for a 1024-bit key,1024,64,109,0.008231112999965262,3.8738999933229934e-05
,,,message_size=128B exceeds RSA-OAEP/SHA-256 max plaintext (62B) for a 1024-bit key,1024,128,109,0.008231112999965262,3.8738999933229934e-05
,,,message_size=256B exceeds RSA-OAEP/SHA-256 max plaintext (62B) for a 1024-bit key,1024,256,109,0.008231112999965262,3.8738999933229934e-05
,,,message_size=512B exceeds RSA-OAEP/SHA-256 max plaintext (62B) for a 1024-bit key,1024,512,109,0.008231112999965262,3.8738999933229934e-05
,,,message_size=1024B exceeds RSA-OAEP/SHA-256 max plaintext (62B) for a 1024-bit key,1024,1024,109,0.008231112999965262,3.8738999933229934e-05
3.141399997730332e-05,0.00012246799997228663,128.0,,1024,16,110,0.009753350999972099,4.438799999206822e-05
2.160199994705181e-05,0.00012100799995096168,128.0,,1024,32,110,0.009753350999972099,4.438799999206822e-05
,,,message_size=64B exceeds RSA-OAEP/SHA-256 max plaintext (62B) for a 1024-bit key,1024,64,110,0.009753350999972099,4.438799999206822e-05
,,,message_size=128B exceeds RSA-OAEP/SHA-256 max plaintext (62B) for a 1024-bit key,1024,128,110,0.009753350999972099,4.438799999206822e-05
,,,message_size=256B exceeds RSA-OAEP/SHA-256 max plaintext (62B) for a 1024-bit key,1024,256,110,0.009753350999972099,4.438799999206822e-05
,,,message_size=512B exceeds RSA-OAEP/SHA-256 max plaintext (62B) for a 1024-bit key,1024,512,110,0.009753350999972099,4.438799999206822e-05
,,,message_size=1024B exceeds RSA-OAEP/SHA-256 max plaintext (62B) for a 1024-bit key,1024,1024,110,0.009753350999972099,4.438799999206822e-05
2.4092999979075103e-05,0.00012046599999848695,128.0,,1024,16,111,0.010100264000016068,3.7711999993916834e-05
2.211399998941488e-05,0.00012968000010005198,128.0,,1024,32,111,0.010100264000016068,3.7711999993916834e-05
,,,message_size=64B exceeds RSA-OAEP/SHA-256 max plaintext (62B) for a 1024-bit key,1024,64,111,0.010100264000016068,3.7711999993916834e-05
,,,message_size=128B exceeds RSA-OAEP/SHA-256 max plaintext (62B) for a 1024-bit key,1024,128,111,0.010100264000016068,3.7711999993916834e-05
,,,message_size=256B exceeds RSA-OAEP/SHA-256 max plaintext (62B) for a 1024-bit key,1024,256,111,0.010100264000016068,3.7711999993916834e-05
,,,message_size=512B exceeds RSA-OAEP/SHA-256 max plaintext (62B) for a 1024-bit key,1024,512,111,0.010100264000016068,3.7711999993916834e-05
,,,message_size=1024B exceeds RSA-OAEP/SHA-256 max plaintext (62B) for a 1024-bit key,1024,1024,111,0.010100264000016068,3.7711999993916834e-05
2.427699996587762e-05,0.00012049800000113464,128.0,,1024,16,112,0.011648659000002226,4.297899999983201e-05
2.1340999978747277e-05,0.0001288170000179889,128.0,,1024,32,112,0.011648659000002226,4.297899999983201e-05
,,,message_size=64B exceeds RSA-OAEP/SHA-256 max plaintext (62B) for a 1024-bit key,1024,64,112,0.011648659000002226,4.297899999983201e-05
,,,message_size=128B exceeds RSA-OAEP/SHA-256 max plaintext (62B) for a 1024-bit key,1024,128,112,0.011648659000002226,4.297899999983201e-05
,,,message_size=256B exceeds RSA-OAEP/SHA-256 max plaintext (62B) for a 1024-bit key,1024,256,112,0.011648659000002226,4.297899999983201e-05
,,,message_size=512B exceeds RSA-OAEP/SHA-256 max plaintext (62B) for a 1024-bit key,1024,512,112,0.011648659000002226,4.297899999983201e-05
,,,message_size=1024B exceeds RSA-OAEP/SHA-256 max plaintext (62B) for a 1024-bit key,1024,1024,112,0.011648659000002226,4.297899999983201e-05
4.2348999954811006e-05,0.00016711900002519542,128.0,,1024,16,113,0.012841501000025346,4.5048000060887716e-05
3.0390999995688617e-05,0.00012986499996259226,128.0,,1024,32,113,0.012841501000025346,4.5048000060887716e-05
,,,message_size=64B exceeds RSA-OAEP/SHA-256 max plaintext (62B) for a 1024-bit key,1024,64,113,0.012841501000025346,4.5048000060887716e-05
,,,message_size=128B exceeds RSA-OAEP/SHA-256 max plaintext (62B) for a 1024-bit key,1024,128,113,0.012841501000025346,4.5048000060887716e-05
,,,message_size=256B exceeds RSA-OAEP/SHA-256 max plaintext (62B) for a 1024-bit key,1024,256,113,0.012841501000025346,4.5048000060887716e-05
,,,message_size=512B exceeds RSA-OAEP/SHA-256 max plaintext (62B) for a 1024-bit key,1024,512,113,0.012841501000025346,4.5048000060887716e-05
,,,message_size=1024B exceeds RSA-OAEP/SHA-256 max plaintext (62B) for a 1024-bit key,1024,1024,113,0.012841501000025346,4.5048000060887716e-05
5.7438999988335127e-05,0.00019877900001574744,128.0,,1024,16,114,0.013960832999941886,4.595500001869368e-05
3.500200000416953e-05,0.00012346500000148808,128.0,,1024,32,114,0.013960832999941886,4.595500001869368e-05
,,,message_size=64B exceeds RSA-OAEP/SHA-256 max plaintext (62B) for a 1024-bit key,1024,64,114,0.013960832999941886,4.595500001869368e-05
,,,message_size=128B exceeds RSA-OAEP/SHA-256 max plaintext (62B) for a 1024-bit key,1024,128,114,0.013960832999941886,4.595500001869368e-05
,,,message_size=256B exceeds RSA-OAEP/SHA-256 max plaintext (62B) for a 1024-bit key,1024,256,114,0.013960832999941886,4.595500001869368e-05
,,,message_size=512B exceeds RSA-OAEP/SHA-256 max plaintext (62B) for a 1024-bit key,1024,512,114,0.013960832999941886,4.595500001869368e-05
,,,message_size=1024B exceeds RSA-OAEP/SHA-256 max plaintext (62B) for a 1024-bit key,1024,1024,114,0.013960832999941886,4.595500001869368e-05
2.573799997662718e-05,0.00013572399996064632,128.0,,1024,16,115,0.012275083999952585,5.280899995341315e-05
2.3221999981615227e-05,0.00012131000005410897,128.0,,1024,32,115,0.012275083999952585,5.280899995341315e-05
,,,message_size=64B exceeds RSA-OAEP/SHA-256 max plaintext (62B) for a 1024-bit key,1024,64,115,0.012275083999952585,5.280899995341315e-05
,,,message_size=128B exceeds RSA-OAEP/SHA-256 max plaintext (62B) for a 1024-bit key,1024,128,115,0.012275083999952585,5.280899995341315e-05
,,,message_size=256B exceeds RSA-OAEP/SHA-256 max plaintext (62B) for a 1024-bit key,1024,256,115,0.012275083999952585,5.280899995341315e-05
,,,message_size=512B exceeds RSA-OAEP/SHA-256 max plaintext (62B) for a 1024-bit key,1024,512,115,0.012275083999952585,5.280899995341315e-05
,,,message_size=1024B exceeds RSA-OAEP/SHA-256 max plaintext (62B) for a 1024-bit key,1024,1024,115,0.012275083999952585,5.280899995341315e-05
2.4611999947410368e-05,0.00012881499992545287,128.0,,1024,16,116,0.014995350999924995,4.803800004538061e-05
2.239500008727191e-05,0.00012620500001503387,128.0,,1024,32,116,0.014995350999924995,4.803800004538061e-05
,,,message_size=64B exceeds RSA-OAEP/SHA-256 max plaintext (62B) for a 1024-bit key,1024,64,116,0.014995350999924995,4.803800004538061e-05
,,,message_size=128B exceeds RSA-OAEP/SHA-256 max plaintext (62B) for a 1024-bit key,1024,128,116,0.014995350999924995,4.803800004538061e-05
,,,message_size=256B exceeds RSA-OAEP/SHA-256 max plaintext (62B) for a 1024-bit key,1024,256,116,0.014995350999924995,4.803800004538061e-05
,,,message_size=512B exceeds RSA-OAEP/SHA-256 max plaintext (62B) for a 1024-bit key,1024,512,116,0.014995350999924995,4.803800004538061e-05
,,,message_size=1024B exceeds RSA-OAEP/SHA-256 max plaintext (62B) for a 1024-bit key,1024,1024,116,0.014995350999924995,4.803800004538061e-05
2.5127000071734074e-05,0.00012213999991672608,128.0,,1024,16,117,0.008861411999987467,4.242299996803922e-05
2.194199998939439e-05,0.00012417900006767013,128.0,,1024,32,117,0.008861411999987467,4.242299996803922e-05
,,,message_size=64B exceeds RSA-OAEP/SHA-256 max plaintext (62B) for a 1024-bit key,1024,64,117,0.008861411999987467,4.242299996803922e-05
,,,message_size=128B exceeds RSA-OAEP/SHA-256 max plaintext (62B) for a 1024-bit key,1024,128,117,0.008861411999987467,4.242299996803922e-05
,,,message_size=256B exceeds RSA-OAEP/SHA-256 max plaintext (62B) for a 1024-bit key,1024,256,117,0.008861411999987467,4.242299996803922e-05
,,,message_size=512B exceeds RSA-OAEP/SHA-256 max plaintext (62B) for a 1024-bit key,1024,512,117,0.008861411999987467,4.242299996803922e-05
,,,message_size=1024B exceeds RSA-OAEP/SHA-256 max plaintext (62B) for a 1024-bit key,1024,1024,117,0.008861411999987467,4.242299996803922e-05
2.8716000088024884e-05,0.0001609910000297532,128.0,,1024,16,118,0.01056142799995996,8.576300001550408e-05
2.9060000088065863e-05,0.00012644200000977435,128.0,,1024,32,118,0.01056142799995996,8.576300001550408e-05
,,,message_size=64B exceeds RSA-OAEP/SHA-256 max plaintext (62B) for a 1024-bit key,1024,64,118,0.01056142799995996,8.576300001550408e-05
,,,message_size=128B exceeds RSA-OAEP/SHA-256 max plaintext (62B) for a 1024-bit key,1024,128,118,0.01056142799995996,8.576300001550408e-05
,,,message_size=256B exceeds RSA-OAEP/SHA-256 max plaintext (62B) for a 1024-bit key,1024,256,118,0.01056142799995996,8.576300001550408e-05
,,,message_size=512B exceeds RSA-OAEP/SHA-256 max plaintext (62B) for a 1024-bit key,1024,512,118,0.01056142799995996,8.576300001550408e-05
,,,message_size=1024B exceeds RSA-OAEP/SHA-256 max plaintext (62B) for a 1024-bit key,1024,1024,118,0.01056142799995996,8.576300001550408e-05
2.473400002145354e-05,0.0001347329999816793,128.0,,1024,16,119,0.011697899000068901,7.191399993189407e-05
2.343599999221624e-05,0.00012868900000739814,128.0,,1024,32,119,0.011697899000068901,7.191399993189407e-05
,,,message_size=64B exceeds RSA-OAEP/SHA-256 max plaintext (62B) for a 1024-bit key,1024,64,119,0.011697899000068901,7.191399993189407e-05
,,,message_size=128B exceeds RSA-OAEP/SHA-256 max plaintext (62B) for a 1024-bit key,1024,128,119,0.011697899000068901,7.191399993189407e-05
,,,message_size=256B exceeds RSA-OAEP/SHA-256 max plaintext (62B) for a 1024-bit key,1024,256,119,0.011697899000068901,7.191399993189407e-05
,,,message_size=512B exceeds RSA-OAEP/SHA-256 max plaintext (62B) for a 1024-bit key,1024,512,119,0.011697899000068901,7.191399993189407e-05
,,,message_size=1024B exceeds RSA-OAEP/SHA-256 max plaintext (62B) for a 1024-bit key,1024,1024,119,0.011697899000068901,7.191399993189407e-05
2.498699996067444e-05,0.00012168900002507144,128.0,,1024,16,120,0.013382351000018389,6.689999997888663e-05
2.319400005035277e-05,0.00012758299999404699,128.0,,1024,32,120,0.013382351000018389,6.689999997888663e-05
,,,message_size=64B exceeds RSA-OAEP/SHA-256 max plaintext (62B) for a 1024-bit key,1024,64,120,0.013382351000018389,6.689999997888663e-05
,,,message_size=128B exceeds RSA-OAEP/SHA-256 max plaintext (62B) for a 1024-bit key,1024,128,120,0.013382351000018389,6.689999997888663e-05
,,,message_size=256B exceeds RSA-OAEP/SHA-256 max plaintext (62B) for a 1024-bit key,1024,256,120,0.013382351000018389,6.689999997888663e-05
,,,message_size=512B exceeds RSA-OAEP/SHA-256 max plaintext (62B) for a 1024-bit key,1024,512,120,0.013382351000018389,6.689999997888663e-05
,,,message_size=1024B exceeds RSA-OAEP/SHA-256 max plaintext (62B) for a 1024-bit key,1024,1024,120,0.013382351000018389,6.689999997888663e-05
2.504499991573539e-05,0.0001224279999405553,128.0,,1024,16,121,0.01632588500001475,6.460500003413472e-05
2.157699998406315e-05,0.00013032000003931898,128.0,,1024,32,121,0.01632588500001475,6.460500003413472e-05
,,,message_size=64B exceeds RSA-OAEP/SHA-256 max plaintext (62B) for a 1024-bit key,1024,64,121,0.01632588500001475,6.460500003413472e-05
,,,message_size=128B exceeds RSA-OAEP/SHA-256 max plaintext (62B) for a 1024-bit key,1024,128,121,0.01632588500001475,6.460500003413472e-05
,,,message_size=256B exceeds RSA-OAEP/SHA-256 max plaintext (62B) for a 1024-bit key,1024,256,121,0.01632588500001475,6.460500003413472e-05
,,,message_size=512B exceeds RSA-OAEP/SHA-256 max plaintext (62B) for a 1024-bit key,1024,512,121,0.01632588500001475,6.460500003413472e-05
,,,message_size=1024B exceeds RSA-OAEP/SHA-256 max plaintext (62B) for a 1024-bit key,1024,1024,121,0.01632588500001475,6.460500003413472e-05
2.456400000028225e-05,0.00012942700004714425,128.0,,1024,16,122,0.015002504999984012,6.42549999838593e-05
2.3510000005444454e-05,0.00012151800001447555,128.0,,1024,32,122,0.015002504999984012,6.42549999838593e-05
,,,message_size=64B exceeds RSA-OAEP/SHA-256 max plaintext (62B) for a 1024-bit key,1024,64,122,0.015002504999984012,6.42549999838593e-05
,,,message_size=128B exceeds RSA-OAEP/SHA-256 max plaintext (62B) for a 1024-bit key,1024,128,122,0.015002504999984012,6.42549999838593e-05
,,,message_size=256B exceeds RSA-OAEP/SHA-256 max plaintext (62B) for a 1024-bit key,1024,256,122,0.015002504999984012,6.42549999838593e-05
,,,message_size=512B exceeds RSA-OAEP/SHA-256 max plaintext (62B) for a 1024-bit key,1024,512,122,0.015002504999984012,6.42549999838593e-05
,,,message_size=1024B exceeds RSA-OAEP/SHA-256 max plaintext (62B) for a 1024-bit key,1024,1024,122,0.015002504999984012,6.42549999838593e-05
2.4851000034686876e-05,0.00012795600002846186,128.0,,1024,16,123,0.013906184999996185,6.238799994662259e-05
2.219399993919069e-05,0.00012079099997208687,128.0,,1024,32,123,0.013906184999996185,6.238799994662259e-05
,,,message_size=64B exceeds RSA-OAEP/SHA-256 max plaintext (62B) for a 1024-bit key,1024,64,123,0.013906184999996185,6.238799994662259e-05
,,,message_size=128B exceeds RSA-OAEP/SHA-256 max plaintext (62B) for a 1024-bit key,1024,128,123,0.013906184999996185,6.238799994662259e-05
,,,message_size=256B exceeds RSA-OAEP/SHA-256 max plaintext (62B) for a 1024-bit key,1024,256,123,0.013906184999996185,6.238799994662259e-05
,,,message_size=512B exceeds RSA-OAEP/SHA-256 max plaintext (62B) for a 1024-bit key,1024,512,123,0.013906184999996185,6.238799994662259e-05
,,,message_size=1024B exceeds RSA-OAEP/SHA-256 max plaintext (62B) for a 1024-bit key,1024,1024,123,0.013906184999996185,6.238799994662259e-05
2.4921999965954456e-05,0.00012194999999337597,128.0,,1024,16,124,0.013080774000059137,6.302100007360423e-05
2.2208000018508756e-05,0.00012032699999053875,128.0,,1024,32,124,0.013080774000059137,6.302100007360423e-05
,,,message_size=64B exceeds RSA-OAEP/SHA-256 max plaintext (62B) for a 1024-bit key,1024,64,124,0.013080774000059137,6.302100007360423e-05
,,,message_size=128B exceeds RSA-OAEP/SHA-256 max plaintext (62B) for a 1024-bit key,1024,128,124,0.013080774000059137,6.302100007360423e-05
,,,message_size=256B exceeds RSA-OAEP/SHA-256 max plaintext (62B) for a 1024-bit key,1024,256,124,0.013080774000059137,6.302100007360423e-05
,,,message_size=512B exceeds RSA-OAEP/SHA-256 max plaintext (62B) for a 1024-bit key,1024,512,124,0.013080774000059137,6.302100007360423e-05
,,,message_size=1024B exceeds RSA-OAEP/SHA-256 max plaintext (62B) for a 1024-bit key,1024,1024,124,0.013080774000059137,6.302100007360423e-05
2.587300002687698e-05,0.00012218599999869184,128.0,,1024,16,125,0.01351403000001028,6.472999996276485e-05
2.2048999994694896e-05,0.00012032600000111415,128.0,,1024,32,125,0.01351403000001028,6.472999996276485e-05
,,,message_size=64B exceeds RSA-OAEP/SHA-256 max plaintext (62B) for a 1024-bit key,1024,64,125,0.01351403000001028,6.472999996276485e-05
,,,message_size=128B exceeds RSA-OAEP/SHA-256 max plaintext (62B) for a 1024-bit key,1024,128,125,0.01351403000001028,6.472999996276485e-05
,,,message_size=256B exceeds RSA-OAEP/SHA-256 max plaintext (62B) for a 1024-bit key,1024,256,125,0.01351403000001028,6.472999996276485e-05
,,,message_size=512B exceeds RSA-OAEP/SHA-256 max plaintext (62B) for a 1024-bit key,1024,512,125,0.01351403000001028,6.472999996276485e-05
,,,message_size=1024B exceeds RSA-OAEP/SHA-256 max plaintext (62B) for a 1024-bit key,1024,1024,125,0.01351403000001028,6.472999996276485e-05
2.403799999228795e-05,0.00012756700004956656,128.0,,1024,16,126,0.008973665000098663,5.977299997539376e-05
2.2825999963060895e-05,0.000589478000051713,128.0,,1024,32,126,0.008973665000098663,5.977299997539376e-05
,,,message_size=64B exceeds RSA-OAEP/SHA-256 max plaintext (62B) for a 1024-bit key,1024,64,126,0.008973665000098663,5.977299997539376e-05
,,,message_size=128B exceeds RSA-OAEP/SHA-256 max plaintext (62B) for a 1024-bit key,1024,128,126,0.008973665000098663,5.977299997539376e-05
,,,message_size=256B exceeds RSA-OAEP/SHA-256 max plaintext (62B) for a 1024-bit key,1024,256,126,0.008973665000098663,5.977299997539376e-05
,,,message_size=512B exceeds RSA-OAEP/SHA-256 max plaintext (62B) for a 1024-bit key,1024,512,126,0.008973665000098663,5.977299997539376e-05
,,,message_size=1024B exceeds RSA-OAEP/SHA-256 max plaintext (62B) for a 1024-bit key,1024,1024,126,0.008973665000098663,5.977299997539376e-05
2.6255999955537845e-05,0.00012140299998009141,128.0,,1024,16,127,0.022262359999899672,6.706099998154968e-05
2.2592000050281058e-05,0.0001410229999692092,128.0,,1024,32,127,0.022262359999899672,6.706099998154968e-05
,,,message_size=64B exceeds RSA-OAEP/SHA-256 max plaintext (62B) for a 1024-bit key,1024,64,127,0.022262359999899672,6.706099998154968e-05
,,,message_size=128B exceeds RSA-OAEP/SHA-256 max plaintext (62B) for a 1024-bit key,1024,128,127,0.022262359999899672,6.706099998154968e-05
,,,message_size=256B exceeds RSA-OAEP/SHA-256 max plaintext (62B) for a 1024-bit key,1024,256,127,0.022262359999899672,6.706099998154968e-05
,,,message_size=512B exceeds RSA-OAEP/SHA-256 max plaintext (62B) for a 1024-bit key,1024,512,127,0.022262359999899672,6.706099998154968e-05
,,,message_size=1024B exceeds RSA-OAEP/SHA-256 max plaintext (62B) for a 1024-bit key,1024,1024,127,0.022262359999899672,6.706099998154968e-05
2.5288000074397132e-05,0.0001361309999765581,128.0,,1024,16,128,0.013307637000025352,6.529899997076427e-05
2.1982000021125714e-05,0.00013041500005783746,128.0,,1024,32,128,0.013307637000025352,6.529899997076427e-05
,,,message_size=64B exceeds RSA-OAEP/SHA-256 max plaintext (62B) for a 1024-bit key,1024,64,128,0.013307637000025352,6.529899997076427e-05
,,,message_size=128B exceeds RSA-OAEP/SHA-256 max plaintext (62B) for a 1024-bit key,1024,128,128,0.013307637000025352,6.529899997076427e-05
,,,message_size=256B exceeds RSA-OAEP/SHA-256 max plaintext (62B) for a 1024-bit key,1024,256,128,0.013307637000025352,6.529899997076427e-05
,,,message_size=512B exceeds RSA-OAEP/SHA-256 max plaintext (62B) for a 1024-bit key,1024,512,128,0.013307637000025352,6.529899997076427e-05
,,,message_size=1024B exceeds RSA-OAEP/SHA-256 max plaintext (62B) for a 1024-bit key,1024,1024,128,0.013307637000025352,6.529899997076427e-05
8.304599998609774e-05,0.0002044240000032005,128.0,,1024,16,129,0.01751442500005851,7.178100008786714e-05
4.09409999519994e-05,0.00019909900004222436,128.0,,1024,32,129,0.01751442500005851,7.178100008786714e-05
,,,message_size=64B exceeds RSA-OAEP/SHA-256 max plaintext (62B) for a 1024-bit key,1024,64,129,0.01751442500005851,7.178100008786714e-05
,,,message_size=128B exceeds RSA-OAEP/SHA-256 max plaintext (62B) for a 1024-bit key,1024,128,129,0.01751442500005851,7.178100008786714e-05
,,,message_size=256B exceeds RSA-OAEP/SHA-256 max plaintext (62B) for a 1024-bit key,1024,256,129,0.01751442500005851,7.178100008786714e-05
,,,message_size=512B exceeds RSA-OAEP/SHA-256 max plaintext (62B) for a 1024-bit key,1024,512,129,0.01751442500005851,7.178100008786714e-05
,,,message_size=1024B exceeds RSA-OAEP/SHA-256 max plaintext (62B) for a 1024-bit key,1024,1024,129,0.01751442500005851,7.178100008786714e-05
7.038800004011136e-05,0.00021168900002521696,128.0,,1024,16,130,0.01688512600003378,7.363299994267436e-05
4.7099000084926956e-05,0.00022076599998399615,128.0,,1024,32,130,0.01688512600003378,7.363299994267436e-05
,,,message_size=64B exceeds RSA-OAEP/SHA-256 max plaintext (62B) for a 1024-bit key,1024,64,130,0.01688512600003378,7.363299994267436e-05
,,,message_size=128B exceeds RSA-OAEP/SHA-256 max plaintext (62B) for a 1024-bit key,1024,128,130,0.01688512600003378,7.363299994267436e-05
,,,message_size=256B exceeds RSA-OAEP/SHA-256 max plaintext (62B) for a 1024-bit key,1024,256,130,0.01688512600003378,7.363299994267436e-05
,,,message_size=512B exceeds RSA-OAEP/SHA-256 max plaintext (62B) for a 1024-bit key,1024,512,130,0.01688512600003378,7.363299994267436e-05
,,,message_size=1024B exceeds RSA-OAEP/SHA-256 max plaintext (62B) for a 1024-bit key,1024,1024,130,0.01688512600003378,7.363299994267436e-05
3.77260000732349e-05,0.00012344900005700765,128.0,,1024,16,131,0.012654649000069185,6.197199991220259e-05
2.193900002112059e-05,0.00012074899996150634,128.0,,1024,32,131,0.012654649000069185,6.197199991220259e-05
,,,message_size=64B exceeds RSA-OAEP/SHA-256 max plaintext (62B) for a 1024-bit key,1024,64,131,0.012654649000069185,6.197199991220259e-05
,,,message_size=128B exceeds RSA-OAEP/SHA-256 max plaintext (62B) for a 1024-bit key,1024,128,131,0.012654649000069185,6.197199991220259e-05
,,,message_size=256B exceeds RSA-OAEP/SHA-256 max plaintext (62B) for a 1024-bit key,1024,256,131,0.012654649000069185,6.197199991220259e-05
,,,message_size=512B exceeds RSA-OAEP/SHA-256 max plaintext (62B) for a 1024-bit key,1024,512,131,0.012654649000069185,6.197199991220259e-05
,,,message_size=1024B exceeds RSA-OAEP/SHA-256 max plaintext (62B) for a 1024-bit key,1024,1024,131,0.012654649000069185,6.197199991220259e-05
2.5046999894584587e-05,0.00012234900009389094,128.0,,1024,16,132,0.011307334999969498,5.481599998802267e-05
2.247899999474612e-05,0.0001202779999402992,128.0,,1024,32,132,0.011307334999969498,5.481599998802267e-05
,,,message_size=64B exceeds RSA-OAEP/SHA-256 max plaintext (62B) for a 1024-bit key,1024,64,132,0.011307334999969498,5.481599998802267e-05
,,,message_size=128B exceeds RSA-OAEP/SHA-256 max plaintext (62B) for a 1024-bit key,1024,128,132,0.011307334999969498,5.481599998802267e-05
,,,message_size=256B exceeds RSA-OAEP/SHA-256 max plaintext (62B) for a 1024-bit key,1024,256,132,0.011307334999969498,5.481599998802267e-05
,,,message_size=512B exceeds RSA-OAEP/SHA-256 max plaintext (62B) for a 1024-bit key,1024,512,132,0.011307334999969498,5.481599998802267e-05
,,,message_size=1024B exceeds RSA-OAEP/SHA-256 max plaintext (62B) for a 1024-bit key,1024,1024,132,0.011307334999969498,5.481599998802267e-05
2.4168999971152516e-05,0.00012214800005949655,128.0,,1024,16,133,0.013639714999953867,5.679699995653209e-05
2.2424999997383566e-05,0.00013101100000767474,128.0,,1024,32,133,0.013639714999953867,5.679699995653209e-05
,,,message_size=64B exceeds RSA-OAEP/SHA-256 max plaintext (62B) for a 1024-bit key,1024,64,133,0.013639714999953867,5.679699995653209e-05
,,,message_size=128B exceeds RSA-OAEP/SHA-256 max plaintext (62B) for a 1024-bit key,1024,128,133,0.013639714999953867,5.679699995653209e-05
,,,message_size=256B exceeds RSA-OAEP/SHA-256 max plaintext (62B) for a 1024-bit key,1024,256,133,0.013639714999953867,5.679699995653209e-05
,,,message_size=512B exceeds RSA-OAEP/SHA-256 max plaintext (62B) for a 1024-bit key,1024,512,133,0.013639714999953867,5.679699995653209e-05
,,,message_size=1024B exceeds RSA-OAEP/SHA-256 max plaintext (62B) for a 1024-bit key,1024,1024,133,0.013639714999953867,5.679699995653209e-05
2.4648000021443295e-05,0.00013243699993381597,128.0,,1024,16,134,0.009239546000003429,5.065499999545864e-05
2.2758000000067113e-05,0.00012112100000649662,128.0,,1024,32,134,0.009239546000003429,5.065499999545864e-05
,,,message_size=64B exceeds RSA-OAEP/SHA-256 max plaintext (62B) for a 1024-bit key,1024,64,134,0.009239546000003429,5.065499999545864e-05
,,,message_size=128B exceeds RSA-OAEP/SHA-256 max plaintext (62B) for a 1024-bit key,1024,128,134,0.009239546000003429,5.065499999545864e-05
,,,message_size=256B exceeds RSA-OAEP/SHA-256 max plaintext (62B) for a 1024-bit key,1024,256,134,0.009239546000003429,5.065499999545864e-05
,,,message_size=512B exceeds RSA-OAEP/SHA-256 max plaintext (62B) for a 1024-bit key,1024,512,134,0.009239546000003429,5.065499999545864e-05
,,,message_size=1024B exceeds RSA-OAEP/SHA-256 max plaintext (62B) for a 1024-bit key,1024,1024,134,0.009239546000003429,5.065499999545864e-05
2.736800001912343e-05,0.00012245700008861604,128.0,,1024,16,135,0.012053544999957921,6.01350000124512e-05
2.288799998950708e-05,0.0001301460000604493,128.0,,1024,32,135,0.012053544999957921,6.01350000124512e-05
,,,message_size=64B exceeds RSA-OAEP/SHA-256 max plaintext (62B) for a 1024-bit key,1024,64,135,0.012053544999957921,6.01350000124512e-05
,,,message_size=128B exceeds RSA-OAEP/SHA-256 max plaintext (62B) for a 1024-bit key,1024,128,135,0.012053544999957921,6.01350000124512e-05
,,,message_size=256B exceeds RSA-OAEP/SHA-256 max plaintext (62B) for a 1024-bit key,1024,256,135,0.012053544999957921,6.01350000124512e-05
,,,message_size=512B exceeds RSA-OAEP/SHA-256 max plaintext (62B) for a 1024-bit key,1024,512,135,0.012053544999957921,6.01350000124512e-05
,,,message_size=1024B exceeds RSA-OAEP/SHA-256 max plaintext (62B) for a 1024-bit key,1024,1024,135,0.012053544999957921,6.01350000124512e-05
3.04770001093857e-05,0.00012264200006484316,128.0,,1024,16,136,0.01128195700005108,5.5718999988130236e-05
2.2756000021217915e-05,0.0001207930000646229,128.0,,1024,32,136,0.01128195700005108,5.5718999988130236e-05
,,,message_size=64B exceeds RSA-OAEP/SHA-256 max plaintext (62B) for a 1024-bit key,1024,64,136,0.01128195700005108,5.5718999988130236e-05
,,,message_size=128B exceeds RSA-OAEP/SHA-256 max plaintext (62B) for a 1024-bit key,1024,128,136,0.01128195700005108,5.5718999988130236e-05
,,,message_size=256B exceeds RSA-OAEP/SHA-256 max plaintext (62B) for a 1024-bit key,1024,256,136,0.01128195700005108,5.5718999988130236e-05
,,,message_size=512B exceeds RSA-OAEP/SHA-256 max plaintext (62B) for a 1024-bit key,1024,512,136,0.01128195700005108,5.5718999988130236e-05
,,,message_size=1024B exceeds RSA-OAEP/SHA-256 max plaintext (62B) for a 1024-bit key,1024,1024,136,0.01128195700005108,5.5718999988130236e-05
2.6894000029642484e-05,0.00012247200004367187,128.0,,1024,16,137,0.012362661999986813,5.586599991147523e-05
2.16349999391241e-05,0.00012095499994302372,128.0,,1024,32,137,0.012362661999986813,5.586599991147523e-05
,,,message_size=64B exceeds RSA-OAEP/SHA-256 max plaintext (62B) for a 1024-bit key,1024,64,137,0.012362661999986813,5.586599991147523e-05
,,,message_size=128B exceeds RSA-OAEP/SHA-256 max plaintext (62B) for a 1024-bit key,1024,128,137,0.012362661999986813,5.586599991147523e-05
,,,message_size=256B exceeds RSA-OAEP/SHA-256 max plaintext (62B) for a 1024-bit key,1024,256,137,0.012362661999986813,5.586599991147523e-05
,,,message_size=512B exceeds RSA-OAEP/SHA-256 max plaintext (62B) for a 1024-bit key,1024,512,137,0.012362661999986813,5.586599991147523e-05
,,,message_size=1024B exceeds RSA-OAEP/SHA-256 max plaintext (62B) for a 1024-bit key,1024,1024,137,0.012362661999986813,5.586599991147523e-05
3.47430000147142e-05,0.00014587600003324042,128.0,,1024,16,138,0.012285915999996178,6.285500001013133e-05
3.072699996664596e-05,0.0001424649999535177,128.0,,1024,32,138,0.012285915999996178,6.285500001013133e-05
,,,message_size=64B exceeds RSA-OAEP/SHA-256 max plaintext (62B) for a 1024-bit key,1024,64,138,0.012285915999996178,6.285500001013133e-05
,,,message_size=128B exceeds RSA-OAEP/SHA-256 max plaintext (62B) for a 1024-bit key,1024,128,138,0.012285915999996178,6.285500001013133e-05
,,,message_size=256B exceeds RSA-OAEP/SHA-256 max plaintext (62B) for a 1024-bit key,1024,256,138,0.012285915999996178,6.285500001013133e-05
,,,message_size=512B exceeds RSA-OAEP/SHA-256 max plaintext (62B) for a 1024-bit key,1024,512,138,0.012285915999996178,6.285500001013133e-05
,,,message_size=1024B exceeds RSA-OAEP/SHA-256 max plaintext (62B) for a 1024-bit key,1024,1024,138,0.012285915999996178,6.285500001013133e-05
5.1887000040551357e-05,0.00018752699998003663,128.0,,1024,16,139,0.012627281000050061,6.202400004440278e-05
4.805599996871024e-05,0.00012557899992771127,128.0,,1024,32,139,0.012627281000050061,6.202400004440278e-05
,,,message_size=64B exceeds RSA-OAEP/SHA-256 max plaintext (62B) for a 1024-bit key,1024,64,139,0.012627281000050061,6.202400004440278e-05
,,,message_size=128B exceeds RSA-OAEP/SHA-256 max plaintext (62B) for a 1024-bit key,1024,128,139,0.012627281000050061,6.202400004440278e-05
,,,message_size=256B exceeds RSA-OAEP/SHA-256 max plaintext (62B) for a 1024-bit key,1024,256,139,0.012627281000050061,6.202400004440278e-05
,,,message_size=512B exceeds RSA-OAEP/SHA-256 max plaintext (62B) for a 1024-bit key,1024,512,139,0.012627281000050061,6.202400004440278e-05
,,,message_size=1024B exceeds RSA-OAEP/SHA-256 max plaintext (62B) for a 1024-bit key,1024,1024,139,0.012627281000050061,6.202400004440278e-05
2.5217000029442715e-05,0.0001259729999674164,128.0,,1024,16,140,0.017206805999990138,7.387400000880007e-05
2.2557000079359568e-05,0.00012077100006990804,128.0,,1024,32,140,0.017206805999990138,7.387400000880007e-05
,,,message_size=64B exceeds RSA-OAEP/SHA-256 max plaintext (62B) for a 1024-bit key,1024,64,140,0.017206805999990138,7.387400000880007e-05
,,,message_size=128B exceeds RSA-OAEP/SHA-256 max plaintext (62B) for a 1024-bit key,1024,128,140,0.017206805999990138,7.387400000880007e-05
,,,message_size=256B exceeds RSA-OAEP/SHA-256 max plaintext (62B) for a 1024-bit key,1024,256,140,0.017206805999990138,7.387400000880007e-05
,,,message_size=512B exceeds RSA-OAEP/SHA-256 max plaintext (62B) for a 1024-bit key,1024,512,140,0.017206805999990138,7.387400000880007e-05
,,,message_size=1024B exceeds RSA-OAEP/SHA-256 max plaintext (62B) for a 1024-bit key,1024,1024,140,0.017206805999990138,7.387400000880007e-05
2.6138999942304508e-05,0.00012257599996701174,128.0,,1024,16,141,0.008717339999975593,6.307599994670454e-05
2.2460999957729655e-05,0.00012098399997739762,128.0,,1024,32,141,0.008717339999975593,6.307599994670454e-05
,,,message_size=64B exceeds RSA-OAEP/SHA-256 max plaintext (62B) for a 1024-bit key,1024,64,141,0.008717339999975593,6.307599994670454e-05
,,,message_size=128B exceeds RSA-OAEP/SHA-256 max plaintext (62B) for a 1024-bit key,1024,128,141,0.008717339999975593,6.307599994670454e-05
,,,message_size=256B exceeds RSA-OAEP/SHA-256 max plaintext (62B) for a 1024-bit key,1024,256,141,0.008717339999975593,6.307599994670454e-05
,,,message_size=512B exceeds RSA-OAEP/SHA-256 max plaintext (62B) for a 1024-bit key,1024,512,141,0.008717339999975593,6.307599994670454e-05
,,,message_size=1024B exceeds RSA-OAEP/SHA-256 max plaintext (62B) for a 1024-bit key,1024,1024,141,0.008717339999975593,6.307599994670454e-05
2.5584000013623154e-05,0.00012209399994844716,128.0,,1024,16,142,0.01109926199990241,5.976800002827076e-05
2.1686999957637454e-05,0.00012072199990598165,128.0,,1024,32,142,0.01109926199990241,5.976800002827076e-05
,,,message_size=64B exceeds RSA-OAEP/SHA-256 max plaintext (62B) for a 1024-bit key,1024,64,142,0.01109926199990241,5.976800002827076e-05
,,,message_size=128B exceeds RSA-OAEP/SHA-256 max plaintext (62B) for a 1024-bit key,1024,128,142,0.01109926199990241,5.976800002827076e-05
,,,message_size=256B exceeds RSA-OAEP/SHA-256 max plaintext (62B) for a 1024-bit key,1024,256,142,0.01109926199990241,5.976800002827076e-05
,,,message_size=512B exceeds RSA-OAEP/SHA-256 max plaintext (62B) for a 1024-bit key,1024,512,142,0.01109926199990241,5.976800002827076e-05
,,,message_size=1024B exceeds RSA-OAEP/SHA-256 max plaintext (62B) for a 1024-bit key,1024,1024,142,0.01109926199990241,5.976800002827076e-05
3.1474000024900306e-05,0.00012310199997500604,128.0,,1024,16,143,0.008187035999981163,5.632099998820195e-05
2.1881999941797403e-05,0.00012084200000117562,128.0,,1024,32,143,0.008187035999981163,5.632099998820195e-05
,,,message_size=64B exceeds RSA-OAEP/SHA-256 max plaintext (62B) for a 1024-bit key,1024,64,143,0.008187035999981163,5.632099998820195e-05
,,,message_size=128B exceeds RSA-OAEP/SHA-256 max plaintext (62B) for a 1024-bit key,1024,128,143,0.008187035999981163,5.632099998820195e-05
,,,message_size=256B exceeds RSA-OAEP/SHA-256 max plaintext (62B) for a 1024-bit key,1024,256,143,0.008187035999981163,5.632099998820195e-05
,,,message_size=512B exceeds RSA-OAEP/SHA-256 max plaintext (62B) for a 1024-bit key,1024,512,143,0.008187035999981163,5.632099998820195e-05
,,,message_size=1024B exceeds RSA-OAEP/SHA-256 max plaintext (62B) for a 1024-bit key,1024,1024,143,0.008187035999981163,5.632099998820195e-05
2.508400007172895e-05,0.00012171799994575849,128.0,,1024,16,144,0.009488344999908804,5.608699996173527e-05
2.21579999788446e-05,0.00012043300000641466,128.0,,1024,32,144,0.009488344999908804,5.608699996173527e-05
,,,message_size=64B exceeds RSA-OAEP/SHA-256 max plaintext (62B) for a 1024-bit key,1024,64,144,0.009488344999908804,5.608699996173527e-05
,,,message_size=128B exceeds RSA-OAEP/SHA-256 max plaintext (62B) for a 1024-bit key,1024,128,144,0.009488344999908804,5.608699996173527e-05
,,,message_size=256B exceeds RSA-OAEP/SHA-256 max plaintext (62B) for a 1024-bit key,1024,256,144,0.009488344999908804,5.608699996173527e-05
,,,message_size=512B exceeds RSA-OAEP/SHA-256 max plaintext (62B) for a 1024-bit key,1024,512,144,0.009488344999908804,5.608699996173527e-05
,,,message_size=1024B exceeds RSA-OAEP/SHA-256 max plaintext (62B) for a 1024-bit key,1024,1024,144,0.009488344999908804,5.608699996173527e-05
2.4478999989696604e-05,0.0001223450000225057,128.0,,1024,16,145,0.01085063400000763,5.872900010217563e-05
2.2185000034369295e-05,0.00012800299998616538,128.0,,1024,32,145,0.01085063400000763,5.872900010217563e-05
,,,message_size=64B exceeds RSA-OAEP/SHA-256 max plaintext (62B) for a 1024-bit key,1024,64,145,0.01085063400000763,5.872900010217563e-05
,,,message_size=128B exceeds RSA-OAEP/SHA-256 max plaintext (62B) for a 1024-bit key,1024,128,145,0.01085063400000763,5.872900010217563e-05
,,,message_size=256B exceeds RSA-OAEP/SHA-256 max plaintext (62B) for a 1024-bit key,1024,256,145,0.01085063400000763,5.872900010217563e-05
,,,message_size=512B exceeds RSA-OAEP/SHA-256 max plaintext (62B) for a 1024-bit key,1024,512,145,0.01085063400000763,5.872900010217563e-05
,,,message_size=1024B exceeds RSA-OAEP/SHA-256 max plaintext (62B) for a 1024-bit key,1024,1024,145,0.01085063400000763,5.872900010217563e-05
2.536099998451391e-05,0.00012174100004358479,128.0,,1024,16,146,0.008318731999906959,5.4829999953653896e-05
2.9056000016680628e-05,0.00012139000000388478,128.0,,1024,32,146,0.008318731999906959,5.4829999953653896e-05
,,,message_size=64B exceeds RSA-OAEP/SHA-256 max plaintext (62B) for a 1024-bit key,1024,64,146,0.008318731999906959,5.4829999953653896e-05
,,,message_size=128B exceeds RSA-OAEP/SHA-256 max plaintext (62B) for a 1024-bit key,1024,128,146,0.008318731999906959,5.4829999953653896e-05
,,,message_size=256B exceeds RSA-OAEP/SHA-256 max plaintext (62B) for a 1024-bit key,1024,256,146,0.008318731999906959,5.4829999953653896e-05
,,,message_size=512B exceeds RSA-OAEP/SHA-256 max plaintext (62B) for a 1024-bit key,1024,512,146,0.008318731999906959,5.4829999953653896e-05
,,,message_size=1024B exceeds RSA-OAEP/SHA-256 max plaintext (62B) for a 1024-bit key,1024,1024,146,0.008318731999906959,5.4829999953653896e-05
3.110599993760843e-05,0.00012338099998032703,128.0,,1024,16,147,0.020281020999959765,6.861400004254392e-05
2.2619999981543515e-05,0.00012140100000124221,128.0,,1024,32,147,0.020281020999959765,6.861400004254392e-05
,,,message_size=64B exceeds RSA-OAEP/SHA-256 max plaintext (62B) for a 1024-bit key,1024,64,147,0.020281020999959765,6.861400004254392e-05
,,,message_size=128B exceeds RSA-OAEP/SHA-256 max plaintext (62B) for a 1024-bit key,1024,128,147,0.020281020999959765,6.861400004254392e-05
,,,message_size=256B exceeds RSA-OAEP/SHA-256 max plaintext (62B) for a 1024-bit key,1024,256,147,0.020281020999959765,6.861400004254392e-05
,,,message_size=512B exceeds RSA-OAEP/SHA-256 max plaintext (62B) for a 1024-bit key,1024,512,147,0.020281020999959765,6.861400004254392e-05
,,,message_size=1024B exceeds RSA-OAEP/SHA-256 max plaintext (62B) for a 1024-bit key,1024,1024,147,0.020281020999959765,6.861400004254392e-05
2.533600002152525e-05,0.00012122999999064632,128.0,,1024,16,148,0.017208291999963876,6.278999990172451e-05
2.142899995760672e-05,0.00011920499991902034,128.0,,1024,32,148,0.017208291999963876,6.278999990172451e-05
,,,message_size=64B exceeds RSA-OAEP/SHA-256 max plaintext (62B) for a 1024-bit key,1024,64,148,0.017208291999963876,6.278999990172451e-05
,,,message_size=128B exceeds RSA-OAEP/SHA-256 max plaintext (62B) for a 1024-bit key,1024,128,148,0.017208291999963876,6.278999990172451e-05
,,,message_size=256B exceeds RSA-OAEP/SHA-256 max plaintext (62B) for a 1024-bit key,1024,256,148,0.017208291999963876,6.278999990172451e-05
,,,message_size=512B exceeds RSA-OAEP/SHA-256 max plaintext (62B) for a 1024-bit key,1024,512,148,0.017208291999963876,6.278999990172451e-05
,,,message_size=1024B exceeds RSA-OAEP/SHA-256 max plaintext (62B) for a 1024-bit key,1024,1024,148,0.017208291999963876,6.278999990172451e-05
2.5033000042640197e-05,0.00013768700000582612,128.0,,1024,16,149,0.010871037000015349,5.656199994064082e-05
2.294300008998107e-05,0.00011990699999842036,128.0,,1024,32,149,0.010871037000015349,5.656199994064082e-05
,,,message_size=64B exceeds RSA-OAEP/SHA-256 max plaintext (62B) for a 1024-bit key,1024,64,149,0.010871037000015349,5.656199994064082e-05
,,,message_size=128B exceeds RSA-OAEP/SHA-256 max plaintext (62B) for a 1024-bit key,1024,128,149,0.010871037000015349,5.656199994064082e-05
,,,message_size=256B exceeds RSA-OAEP/SHA-256 max plaintext (62B) for a 1024-bit key,1024,256,149,0.010871037000015349,5.656199994064082e-05
,,,message_size=512B exceeds RSA-OAEP/SHA-256 max plaintext (62B) for a 1024-bit key,1024,512,149,0.010871037000015349,5.656199994064082e-05
,,,message_size=1024B exceeds RSA-OAEP/SHA-256 max plaintext (62B) for a 1024-bit key,1024,1024,149,0.010871037000015349,5.656199994064082e-05
2.4705999976504245e-05,0.0001203799999984767,128.0,,1024,16,150,0.01371612700006608,6.445799999710289e-05
2.178199997615593e-05,0.00011937300007502927,128.0,,1024,32,150,0.01371612700006608,6.445799999710289e-05
,,,message_size=64B exceeds RSA-OAEP/SHA-256 max plaintext (62B) for a 1024-bit key,1024,64,150,0.01371612700006608,6.445799999710289e-05
,,,message_size=128B exceeds RSA-OAEP/SHA-256 max plaintext (62B) for a 1024-bit key,1024,128,150,0.01371612700006608,6.445799999710289e-05
,,,message_size=256B exceeds RSA-OAEP/SHA-256 max plaintext (62B) for a 1024-bit key,1024,256,150,0.01371612700006608,6.445799999710289e-05
,,,message_size=512B exceeds RSA-OAEP/SHA-256 max plaintext (62B) for a 1024-bit key,1024,512,150,0.01371612700006608,6.445799999710289e-05
,,,message_size=1024B exceeds RSA-OAEP/SHA-256 max plaintext (62B) for a 1024-bit key,1024,1024,150,0.01371612700006608,6.445799999710289e-05
3.438699991420435e-05,0.00012898099998892576,128.0,,1024,16,151,0.0077834989999701065,5.912400001761853e-05
2.254500009257754e-05,0.00016312700006437808,128.0,,1024,32,151,0.0077834989999701065,5.912400001761853e-05
,,,message_size=64B exceeds RSA-OAEP/SHA-256 max plaintext (62B) for a 1024-bit key,1024,64,151,0.0077834989999701065,5.912400001761853e-05
,,,message_size=128B exceeds RSA-OAEP/SHA-256 max plaintext (62B) for a 1024-bit key,1024,128,151,0.0077834989999701065,5.912400001761853e-05
,,,message_size=256B exceeds RSA-OAEP/SHA-256 max plaintext (62B) for a 1024-bit key,1024,256,151,0.0077834989999701065,5.912400001761853e-05
,,,message_size=512B exceeds RSA-OAEP/SHA-256 max plaintext (62B) for a 1024-bit key,1024,512,151,0.0077834989999701065,5.912400001761853e-05
,,,message_size=1024B exceeds RSA-OAEP/SHA-256 max plaintext (62B) for a 1024-bit key,1024,1024,151,0.0077834989999701065,5.912400001761853e-05
2.549600003476371e-05,0.00012176799998542265,128.0,,1024,16,152,0.016409737000003588,5.618199998025375e-05
2.1293000031619158e-05,0.00012058100003287109,128.0,,1024,32,152,0.016409737000003588,5.618199998025375e-05
,,,message_size=64B exceeds RSA-OAEP/SHA-256 max plaintext (62B) for a 1024-bit key,1024,64,152,0.016409737000003588,5.618199998025375e-05
,,,message_size=128B exceeds RSA-OAEP/SHA-256 max plaintext (62B) for a 1024-bit key,1024,128,152,0.016409737000003588,5.618199998025375e-05
,,,message_size=256B exceeds RSA-OAEP/SHA-256 max plaintext (62B) for a 1024-bit key,1024,256,152,0.016409737000003588,5.618199998025375e-05
,,,message_size=512B exceeds RSA-OAEP/SHA-256 max plaintext (62B) for a 1024-bit key,1024,512,152,0.016409737000003588,5.618199998025375e-05
,,,message_size=1024B exceeds RSA-OAEP/SHA-256 max plaintext (62B) for a 1024-bit key,1024,1024,152,0.016409737000003588,5.618199998025375e-05
3.619899996465392e-05,0.00013447800006360922,128.0,,1024,16,153,0.013293198000042139,6.3372999989042e-05
2.38469999658264e-05,0.00013141299996277667,128.0,,1024,32,153,0.013293198000042139,6.3372999989042e-05
,,,message_size=64B exceeds RSA-OAEP/SHA-256 max plaintext (62B) for a 1024-bit key,1024,64,153,0.013293198000042139,6.3372999989042e-05
,,,message_size=128B exceeds RSA-OAEP/SHA-256 max plaintext (62B) for a 1024-bit key,1024,128,153,0.013293198000042139,6.3372999989042e-05
,,,message_size=256B exceeds RSA-OAEP/SHA-256 max plaintext (62B) for a 1024-bit key,1024,256,153,0.013293198000042139,6.3372999989042e-05
,,,message_size=512B exceeds RSA-OAEP/SHA-256 max plaintext (62B) for a 1024-bit key,1024,512,153,0.013293198000042139,6.3372999989042e-05
,,,message_size=1024B exceeds RSA-OAEP/SHA-256 max plaintext (62B) for a 1024-bit key,1024,1024,153,0.013293198000042139,6.3372999989042e-05
2.4793999955363688e-05,0.00012197600005947606,128.0,,1024,16,154,0.008109670000067126,5.8787999932974344e-05
2.22959999973682e-05,0.00012075999995886377,128.0,,1024,32,154,0.008109670000067126,5.8787999932974344e-05
,,,message_size=64B exceeds RSA-OAEP/SHA-256 max plaintext (62B) for a 1024-bit key,1024,64,154,0.008109670000067126,5.8787999932974344e-05
,,,message_size=128B exceeds RSA-OAEP/SHA-256 max plaintext (62B) for a 1024-bit key,1024,128,154,0.008109670000067126,5.8787999932974344e-05
,,,message_size=256B exceeds RSA-OAEP/SHA-256 max plaintext (62B) for a 1024-bit key,1024,256,154,0.008109670000067126,5.8787999932974344e-05
,,,message_size=512B exceeds RSA-OAEP/SHA-256 max plaintext (62B) for a 1024-bit key,1024,512,154,0.008109670000067126,5.8787999932974344e-05
,,,message_size=1024B exceeds RSA-OAEP/SHA-256 max plaintext (62B) for a 1024-bit key,1024,1024,154,0.008109670000067126,5.8787999932974344e-05
2.905400003783143e-05,0.00012288400000670663,128.0,,1024,16,155,0.012926536000009037,5.917900000440568e-05
2.2834999981569126e-05,0.00012060999995355814,128.0,,1024,32,155,0.012926536000009037,5.917900000440568e-05
,,,message_size=64B exceeds RSA-OAEP/SHA-256 max plaintext (62B) for a 1024-bit key,1024,64,155,0.012926536000009037,5.917900000440568e-05
,,,message_size=128B exceeds RSA-OAEP/SHA-256 max plaintext (62B) for a 1024-bit key,1024,128,155,0.012926536000009037,5.917900000440568e-05
,,,message_size=256B exceeds RSA-OAEP/SHA-256 max plaintext (62B) for a 1024-bit key,1024,256,155,0.012926536000009037,5.917900000440568e-05
,,,message_size=512B exceeds RSA-OAEP/SHA-256 max plaintext (62B) for a 1024-bit key,1024,512,155,0.012926536000009037,5.917900000440568e-05
,,,message_size=1024B exceeds RSA-OAEP/SHA-256 max plaintext (62B) for a 1024-bit key,1024,1024,155,0.012926536000009037,5.917900000440568e-05
2.5489999984529277e-05,0.0001209409999773925,128.0,,1024,16,156,0.008062365999990107,4.6884999960639107e-05
2.1527000058085832e-05,0.00011932700010675035,128.0,,1024,32,156,0.008062365999990107,4.6884999960639107e-05
,,,message_size=64B exceeds RSA-OAEP/SHA-256 max plaintext (62B) for a 1024-bit key,1024,64,156,0.008062365999990107,4.6884999960639107e-05
,,,message_size=128B exceeds RSA-OAEP/SHA-256 max plaintext (62B) for a 1024-bit key,1024,128,156,0.008062365999990107,4.6884999960639107e-05
,,,message_size=256B exceeds RSA-OAEP/SHA-256 max plaintext (62B) for a 1024-bit key,1024,256,156,0.008062365999990107,4.6884999960639107e-05
,,,message_size=512B exceeds RSA-OAEP/SHA-256 max plaintext (62B) for a 1024-bit key,1024,512,156,0.008062365999990107,4.6884999960639107e-05
,,,message_size=1024B exceeds RSA-OAEP/SHA-256 max plaintext (62B) for a 1024-bit key,1024,1024,156,0.008062365999990107,4.6884999960639107e-05
2.585000004273752e-05,0.00012249500002781133,128.0,,1024,16,157,0.015414983999903598,6.03869999622475e-05
2.2387000058188278e-05,0.00012066900001173053,128.0,,1024,32,157,0.015414983999903598,6.03869999622475e-05
,,,message_size=64B exceeds RSA-OAEP/SHA-256 max plaintext (62B) for a 1024-bit key,1024,64,157,0.015414983999903598,6.03869999622475e-05
,,,message_size=128B exceeds RSA-OAEP/SHA-256 max plaintext (62B) for a 1024-bit key,1024,128,157,0.015414983999903598,6.03869999622475e-05
,,,message_size=256B exceeds RSA-OAEP/SHA-256 max plaintext (62B) for a 1024-bit key,1024,256,157,0.015414983999903598,6.03869999622475e-05
,,,message_size=512B exceeds RSA-OAEP/SHA-256 max plaintext (62B) for a 1024-bit key,1024,512,157,0.015414983999903598,6.03869999622475e-05
,,,message_size=1024B exceeds RSA-OAEP/SHA-256 max plaintext (62B) for a 1024-bit key,1024,1024,157,0.015414983999903598,6.03869999622475e-05
2.5685999958113825e-05,0.0001371209999661005,128.0,,1024,16,158,0.013031633999958103,6.288699989909219e-05
2.3066000039762002e-05,0.00012113399998270324,128.0,,1024,32,158,0.013031633999958103,6.288699989909219e-05
,,,message_size=64B exceeds RSA-OAEP/SHA-256 max plaintext (62B) for a 1024-bit key,1024,64,158,0.013031633999958103,6.288699989909219e-05
,,,message_size=128B exceeds RSA-OAEP/SHA-256 max plaintext (62B) for a 1024-bit key,1024,128,158,0.013031633999958103,6.288699989909219e-05
,,,message_size=256B exceeds RSA-OAEP/SHA-256 max plaintext (62B) for a 1024-bit key,1024,256,158,0.013031633999958103,6.288699989909219e-05
,,,message_size=512B exceeds RSA-OAEP/SHA-256 max plaintext (62B) for a 1024-bit key,1024,512,158,0.013031633999958103,6.288699989909219e-05
,,,message_size=1024B exceeds RSA-OAEP/SHA-256 max plaintext (62B) for a 1024-bit key,1024,1024,158,0.013031633999958103,6.288699989909219e-05
3.286800006208068e-05,0.00012612000000444823,128.0,,1024,16,159,0.010785947999920609,6.828299990502273e-05
2.2107999939180445e-05,0.00012074699998265714,128.0,,1024,32,159,0.010785947999920609,6.828299990502273e-05
,,,message_size=64B exceeds RSA-OAEP/SHA-256 max plaintext (62B) for a 1024-bit key,1024,64,159,0.010785947999920609,6.828299990502273e-05
,,,message_size=128B exceeds RSA-OAEP/SHA-256 max plaintext (62B) for a 1024-bit key,1024,128,159,0.010785947999920609,6.828299990502273e-05
,,,message_size=256B exceeds RSA-OAEP/SHA-256 max plaintext (62B) for a 1024-bit key,1024,256,159,0.010785947999920609,6.828299990502273e-05
,,,message_size=512B exceeds RSA-OAEP/SHA-256 max plaintext (62B) for a 1024-bit key,1024,512,159,0.010785947999920609,6.828299990502273e-05
,,,message_size=1024B exceeds RSA-OAEP/SHA-256 max plaintext (62B) for a 1024-bit key,1024,1024,159,0.010785947999920609,6.828299990502273e-05
2.5481999955445644e-05,0.00012201399999867135,128.0,,1024,16,160,0.011977002999969955,5.7920000017475104e-05
2.2166999997352832e-05,0.00013173800005006342,128.0,,1024,32,160,0.011977002999969955,5.7920000017475104e-05
,,,message_size=64B exceeds RSA-OAEP/SHA-256 max plaintext (62B) for a 1024-bit key,1024,64,160,0.011977002999969955,5.7920000017475104e-05
,,,message_size=128B exceeds RSA-OAEP/SHA-256 max plaintext (62B) for a 1024-bit key,1024,128,160,0.011977002999969955,5.7920000017475104e-05
,,,message_size=256B exceeds RSA-OAEP/SHA-256 max plaintext (62B) for a 1024-bit key,1024,256,160,0.011977002999969955,5.7920000017475104e-05
,,,message_size=512B exceeds RSA-OAEP/SHA-256 max plaintext (62B) for a 1024-bit key,1024,512,160,0.011977002999969955,5.7920000017475104e-05
,,,message_size=1024B exceeds RSA-OAEP/SHA-256 max plaintext (62B) for a 1024-bit key,1024,1024,160,0.011977002999969955,5.7920000017475104e-05
4.1733999978532665e-05,0.000124638999977833,128.0,,1024,16,161,0.014261474000022645,7.295700004306127e-05
2.449400005843927e-05,0.00014043800001672935,128.0,,1024,32,161,0.014261474000022645,7.295700004306127e-05
,,,message_size=64B exceeds RSA-OAEP/SHA-256 max plaintext (62B) for a 1024-bit key,1024,64,161,0.014261474000022645,7.295700004306127e-05
,,,message_size=128B exceeds RSA-OAEP/SHA-256 max plaintext (62B) for a 1024-bit key,1024,128,161,0.014261474000022645,7.295700004306127e-05
,,,message_size=256B exceeds RSA-OAEP/SHA-256 max plaintext (62B) for a 1024-bit key,1024,256,161,0.014261474000022645,7.295700004306127e-05
,,,message_size=512B exceeds RSA-OAEP/SHA-256 max plaintext (62B) for a 1024-bit key,1024,512,161,0.014261474000022645,7.295700004306127e-05
,,,message_size=1024B exceeds RSA-OAEP/SHA-256 max plaintext (62B) for a 1024-bit key,1024,1024,161,0.014261474000022645,7.295700004306127e-05
6.701899997096916e-05,0.0001658520000091812,128.0,,1024,16,162,0.011259190000032504,6.230799999684677e-05
2.9400000016721606e-05,0.0001693950000571931,128.0,,1024,32,162,0.011259190000032504,6.230799999684677e-05
,,,message_size=64B exceeds RSA-OAEP/SHA-256 max plaintext (62B) for a 1024-bit key,1024,64,162,0.011259190000032504,6.230799999684677e-05
,,,message_size=128B exceeds RSA-OAEP/SHA-256 max plaintext (62B) for a 1024-bit key,1024,128,162,0.011259190000032504,6.230799999684677e-05
,,,message_size=256B exceeds RSA-OAEP/SHA-256 max plaintext (62B) for a 1024-bit key,1024,256,162,0.011259190000032504,6.230799999684677e-05
,,,message_size=512B exceeds RSA-OAEP/SHA-256 max plaintext (62B) for a 1024-bit key,1024,512,162,0.011259190000032504,6.230799999684677e-05
,,,message_size=1024B exceeds RSA-OAEP/SHA-256 max plaintext (62B) for a 1024-bit key,1024,1024,162,0.011259190000032504,6.230799999684677e-05
2.495199998975295e-05,0.00012260999994850863,128.0,,1024,16,163,0.017712251000034485,6.535099998927762e-05
2.2263000005295908e-05,0.00015030499992008117,128.0,,1024,32,163,0.017712251000034485,6.535099998927762e-05
,,,message_size=64B exceeds RSA-OAEP/SHA-256 max plaintext (62B) for a 1024-bit key,1024,64,163,0.017712251000034485,6.535099998927762e-05
,,,message_size=128B exceeds RSA-OAEP/SHA-256 max plaintext (62B) for a 1024-bit key,1024,128,163,0.017712251000034485,6.535099998927762e-05
,,,message_size=256B exceeds RSA-OAEP/SHA-256 max plaintext (62B) for a 1024-bit key,1024,256,163,0.017712251000034485,6.535099998927762e-05
,,,message_size=512B exceeds RSA-OAEP/SHA-256 max plaintext (62B) for a 1024-bit key,1024,512,163,0.017712251000034485,6.535099998927762e-05
,,,message_size=1024B exceeds RSA-OAEP/SHA-256 max plaintext (62B) for a 1024-bit key,1024,1024,163,0.017712251000034485,6.535099998927762e-05
2.437900002405513e-05,0.00012205699999867647,128.0,,1024,16,164,0.008975759999998445,5.8741999964695424e-05
2.2195999918039888e-05,0.00012069600006725523,128.0,,1024,32,164,0.008975759999998445,5.8741999964695424e-05
,,,message_size=64B exceeds RSA-OAEP/SHA-256 max plaintext (62B) for a 1024-bit key,1024,64,164,0.008975759999998445,5.8741999964695424e-05
,,,message_size=128B exceeds RSA-OAEP/SHA-256 max plaintext (62B) for a 1024-bit key,1024,128,164,0.008975759999998445,5.8741999964695424e-05
,,,message_size=256B exceeds RSA-OAEP/SHA-256 max plaintext (62B) for a 1024-bit key,1024,256,164,0.008975759999998445,5.8741999964695424e-05
,,,message_size=512B exceeds RSA-OAEP/SHA-256 max plaintext (62B) for a 1024-bit key,1024,512,164,0.008975759999998445,5.8741999964695424e-05
,,,message_size=1024B exceeds RSA-OAEP/SHA-256 max plaintext (62B) for a 1024-bit key,1024,1024,164,0.008975759999998445,5.8741999964695424e-05
2.586000005067035e-05,0.00012133600000652223,128.0,,1024,16,165,0.010026995999965038,5.649100000937324e-05
2.2540000031767704e-05,0.00011936100008824724,128.0,,1024,32,165,0.010026995999965038,5.649100000937324e-05
,,,message_size=64B exceeds RSA-OAEP/SHA-256 max plaintext (62B) for a 1024-bit key,1024,64,165,0.010026995999965038,5.649100000937324e-05
,,,message_size=128B exceeds RSA-OAEP/SHA-256 max plaintext (62B) for a 1024-bit key,1024,128,165,0.010026995999965038,5.649100000937324e-05
,,,message_size=256B exceeds RSA-OAEP/SHA-256 max plaintext (62B) for a 1024-bit key,1024,256,165,0.010026995999965038,5.649100000937324e-05
,,,message_size=512B exceeds RSA-OAEP/SHA-256 max plaintext (62B) for a 1024-bit key,1024,512,165,0.010026995999965038,5.649100000937324e-05
,,,message_size=1024B exceeds RSA-OAEP/SHA-256 max plaintext (62B) for a 1024-bit key,1024,1024,165,0.010026995999965038,5.649100000937324e-05
5.8761999980561086e-05,0.00020457099992654548,128.0,,1024,16,166,0.019785281000054056,7.154800005082507e-05
3.738899999916612e-05,0.00020848799999839684,128.0,,1024,32,166,0.019785281000054056,7.154800005082507e-05
,,,message_size=64B exceeds RSA-OAEP/SHA-256 max plaintext (62B) for a 1024-bit key,1024,64,166,0.019785281000054056,7.154800005082507e-05
,,,message_size=128B exceeds RSA-OAEP/SHA-256 max plaintext (62B) for a 1024-bit key,1024,128,166,0.019785281000054056,7.154800005082507e-05
,,,message_size=256B exceeds RSA-OAEP/SHA-256 max plaintext (62B) for a 1024-bit key,1024,256,166,0.019785281000054056,7.154800005082507e-05
,,,message_size=512B exceeds RSA-OAEP/SHA-256 max plaintext (62B) for a 1024-bit key,1024,512,166,0.019785281000054056,7.154800005082507e-05
,,,message_size=1024B exceeds RSA-OAEP/SHA-256 max plaintext (62B) for a 1024-bit key,1024,1024,166,0.019785281000054056,7.154800005082507e-05
2.57829999554815e-05,0.00013885199996366282,128.0,,1024,16,167,0.008502845000066372,6.25979999995252e-05
2.348999998957879e-05,0.000128578999920137,128.0,,1024,32,167,0.008502845000066372,6.25979999995252e-05
,,,message_size=64B exceeds RSA-OAEP/SHA-256 max plaintext (62B) for a 1024-bit key,1024,64,167,0.008502845000066372,6.25979999995252e-05
,,,message_size=128B exceeds RSA-OAEP/SHA-256 max plaintext (62B) for a 1024-bit key,1024,128,167,0.008502845000066372,6.25979999995252e-05
,,,message_size=256B exceeds RSA-OAEP/SHA-256 max plaintext (62B) for a 1024-bit key,1024,256,167,0.008502845000066372,6.25979999995252e-05
,,,message_size=512B exceeds RSA-OAEP/SHA-256 max plaintext (62B) for a 1024-bit key,1024,512,167,0.008502845000066372,6.25979999995252e-05
,,,message_size=1024B exceeds RSA-OAEP/SHA-256 max plaintext (62B) for a 1024-bit key,1024,1024,167,0.008502845000066372,6.25979999995252e-05
2.526800005853147e-05,0.00012953300006302015,128.0,,1024,16,168,0.012326459999940198,5.8555999999043706e-05
2.328499999748601e-05,0.00012119300004087563,128.0,,1024,32,168,0.012326459999940198,5.8555999999043706e-05
,,,message_size=64B exceeds RSA-OAEP/SHA-256 max plaintext (62B) for a 1024-bit key,1024,64,168,0.012326459999940198,5.8555999999043706e-05
,,,message_size=128B exceeds RSA-OAEP/SHA-256 max plaintext (62B) for a 1024-bit key,1024,128,168,0.012326459999940198,5.8555999999043706e-05
,,,message_size=256B exceeds RSA-OAEP/SHA-256 max plaintext (62B) for a 1024-bit key,1024,256,168,0.012326459999940198,5.8555999999043706e-05
,,,message_size=512B exceeds RSA-OAEP/SHA-256 max plaintext (62B) for a 1024-bit key,1024,512,168,0.012326459999940198,5.8555999999043706e-05
,,,message_size=1024B exceeds RSA-OAEP/SHA-256 max plaintext (62B) for a 1024-bit key,1024,1024,168,0.012326459999940198,5.8555999999043706e-05
2.5171999936901557e-05,0.00012587499998062412,128.0,,1024,16,169,0.02274781799997072,6.452200000239827e-05
2.2996999973656784e-05,0.00012072599997736688,128.0,,1024,32,169,0.02274781799997072,6.452200000239827e-05
,,,message_size=64B exceeds RSA-OAEP/SHA-256 max plaintext (62B) for a 1024-bit key,1024,64,169,0.02274781799997072,6.452200000239827e-05
,,,message_size=128B exceeds RSA-OAEP/SHA-256 max plaintext (62B) for a 1024-bit key,1024,128,169,0.02274781799997072,6.452200000239827e-05
,,,message_size=256B exceeds RSA-OAEP/SHA-256 max plaintext (62B) for a 1024-bit key,1024,256,169,0.02274781799997072,6.452200000239827e-05
,,,message_size=512B exceeds RSA-OAEP/SHA-256 max plaintext (62B) for a 1024-bit key,1024,512,169,0.02274781799997072,6.452200000239827e-05
,,,message_size=1024B exceeds RSA-OAEP/SHA-256 max plaintext (62B) for a 1024-bit key,1024,1024,169,0.02274781799997072,6.452200000239827e-05
2.977399992687424e-05,0.00021466600003350322,128.0,,1024,16,170,0.011614441000006082,6.430500002352346e-05
8.284099999400496e-05,0.00013352499991015065,128.0,,1024,32,170,0.011614441000006082,6.430500002352346e-05
,,,message_size=64B exceeds RSA-OAEP/SHA-256 max plaintext (62B) for a 1024-bit key,1024,64,170,0.011614441000006082,6.430500002352346e-05
,,,message_size=128B exceeds RSA-OAEP/SHA-256 max plaintext (62B) for a 1024-bit key,1024,128,170,0.011614441000006082,6.430500002352346e-05
,,,message_size=256B exceeds RSA-OAEP/SHA-256 max plaintext (62B) for a 1024-bit key,1024,256,170,0.011614441000006082,6.430500002352346e-05
,,,message_size=512B exceeds RSA-OAEP/SHA-256 max plaintext (62B) for a 1024-bit key,1024,512,170,0.011614441000006082,6.430500002352346e-05
,,,message_size=1024B exceeds RSA-OAEP/SHA-256 max plaintext (62B) for a 1024-bit key,1024,1024,170,0.011614441000006082,6.430500002352346e-05
2.7599000077316305e-05,0.000129762000028677,128.0,,1024,16,171,0.016778979999912735,6.405599992831412e-05
2.3144000010688615e-05,0.00012081700003818696,128.0,,1024,32,171,0.016778979999912735,6.405599992831412e-05
,,,message_size=64B exceeds RSA-OAEP/SHA-256 max plaintext (62B) for a 1024-bit key,1024,64,171,0.016778979999912735,6.405599992831412e-05
,,,message_size=128B exceeds RSA-OAEP/SHA-256 max plaintext (62B) for a 1024-bit key,1024,128,171,0.016778979999912735,6.405599992831412e-05
,,,message_size=256B exceeds RSA-OAEP/SHA-256 max plaintext (62B) for a 1024-bit key,1024,256,171,0.016778979999912735,6.405599992831412e-05
,,,message_size=512B exceeds RSA-OAEP/SHA-256 max plaintext (62B) for a 1024-bit key,1024,512,171,0.016778979999912735,6.405599992831412e-05
,,,message_size=1024B exceeds RSA-OAEP/SHA-256 max plaintext (62B) for a 1024-bit key,1024,1024,171,0.016778979999912735,6.405599992831412e-05
2.4844999984452443e-05,0.0001218470000594607,128.0,,1024,16,172,0.014095360000055734,6.353499998112966e-05
2.253499997095787e-05,0.00013185299997076072,128.0,,1024,32,172,0.014095360000055734,6.353499998112966e-05
,,,message_size=64B exceeds RSA-OAEP/SHA-256 max plaintext (62B) for a 1024-bit key,1024,64,172,0.014095360000055734,6.353499998112966e-05
,,,message_size=128B exceeds RSA-OAEP/SHA-256 max plaintext (62B) for a 1024-bit key,1024,128,172,0.014095360000055734,6.353499998112966e-05
,,,message_size=256B exceeds RSA-OAEP/SHA-256 max plaintext (62B) for a 1024-bit key,1024,256,172,0.014095360000055734,6.353499998112966e-05
,,,message_size=512B exceeds RSA-OAEP/SHA-256 max plaintext (62B) for a 1024-bit key,1024,512,172,0.014095360000055734,6.353499998112966e-05
,,,message_size=1024B exceeds RSA-OAEP/SHA-256 max plaintext (62B) for a 1024-bit key,1024,1024,172,0.014095360000055734,6.353499998112966e-05
3.289699998276774e-05,0.0001222429999643282,128.0,,1024,16,173,0.006661824000048,5.091299999548937e-05
2.32070000265594e-05,0.00012018799998259055,128.0,,1024,32,173,0.006661824000048,5.091299999548937e-05
,,,message_size=64B exceeds RSA-OAEP/SHA-256 max plaintext (62B) for a 1024-bit key,1024,64,173,0.006661824000048,5.091299999548937e-05
,,,message_size=128B exceeds RSA-OAEP/SHA-256 max plaintext (62B) for a 1024-bit key,1024,128,173,0.006661824000048,5.091299999548937e-05
,,,message_size=256B exceeds RSA-OAEP/SHA-256 max plaintext (62B) for a 1024-bit key,1024,256,173,0.006661824000048,5.091299999548937e-05
,,,message_size=512B exceeds RSA-OAEP/SHA-256 max plaintext (62B) for a 1024-bit key,1024,512,173,0.006661824000048,5.091299999548937e-05
,,,message_size=1024B exceeds RSA-OAEP/SHA-256 max plaintext (62B) for a 1024-bit key,1024,1024,173,0.006661824000048,5.091299999548937e-05
2.41190000451752e-05,0.00013184600004478852,128.0,,1024,16,174,0.009086969000009049,5.540500001188775e-05
2.32070000265594e-05,0.00012763400002313574,128.0,,1024,32,174,0.009086969000009049,5.540500001188775e-05
,,,message_size=64B exceeds RSA-OAEP/SHA-256 max plaintext (62B) for a 1024-bit key,1024,64,174,0.009086969000009049,5.540500001188775e-05
,,,message_size=128B exceeds RSA-OAEP/SHA-256 max plaintext (62B) for a 1024-bit key,1024,128,174,0.009086969000009049,5.540500001188775e-05
,,,message_size=256B exceeds RSA-OAEP/SHA-256 max plaintext (62B) for a 1024-bit key,1024,256,174,0.009086969000009049,5.540500001188775e-05
,,,message_size=512B exceeds RSA-OAEP/SHA-256 max plaintext (62B) for a 1024-bit key,1024,512,174,0.009086969000009049,5.540500001188775e-05
,,,message_size=1024B exceeds RSA-OAEP/SHA-256 max plaintext (62B) for a 1024-bit key,1024,1024,174,0.009086969000009049,5.540500001188775e-05
2.4771999960648827e-05,0.00012162300004092685,128.0,,1024,16,175,0.016006039999979293,6.604200007132022e-05
2.2028000103091472e-05,0.00013078099993890646,128.0,,1024,32,175,0.016006039999979293,6.604200007132022e-05
,,,message_size=64B exceeds RSA-OAEP/SHA-256 max plaintext (62B) for a 1024-bit key,1024,64,175,0.016006039999979293,6.604200007132022e-05
,,,message_size=128B exceeds RSA-OAEP/SHA-256 max plaintext (62B) for a 1024-bit key,1024,128,175,0.016006039999979293,6.604200007132022e-05
,,,message_size=256B exceeds RSA-OAEP/SHA-256 max plaintext (62B) for a 1024-bit key,1024,256,175,0.016006039999979293,6.604200007132022e-05
,,,message_size=512B exceeds RSA-OAEP/SHA-256 max plaintext (62B) for a 1024-bit key,1024,512,175,0.016006039999979293,6.604200007132022e-05
,,,message_size=1024B exceeds RSA-OAEP/SHA-256 max plaintext (62B) for a 1024-bit key,1024,1024,175,0.016006039999979293,6.604200007132022e-05
3.432199991948437e-05,0.00012081399995622633,128.0,,1024,16,176,0.009606033999943975,5.171599991626863e-05
2.169000003959809e-05,0.00012542700005724328,128.0,,1024,32,176,0.009606033999943975,5.171599991626863e-05
,,,message_size=64B exceeds RSA-OAEP/SHA-256 max plaintext (62B) for a 1024-bit key,1024,64,176,0.009606033999943975,5.171599991626863e-05
,,,message_size=128B exceeds RSA-OAEP/SHA-256 max plaintext (62B) for a 1024-bit key,1024,128,176,0.009606033999943975,5.171599991626863e-05
,,,message_size=256B exceeds RSA-OAEP/SHA-256 max plaintext (62B) for a 1024-bit key,1024,256,176,0.009606033999943975,5.171599991626863e-05
,,,message_size=512B exceeds RSA-OAEP/SHA-256 max plaintext (62B) for a 1024-bit key,1024,512,176,0.009606033999943975,5.171599991626863e-05
,,,message_size=1024B exceeds RSA-OAEP/SHA-256 max plaintext (62B) for a 1024-bit key,1024,1024,176,0.009606033999943975,5.171599991626863e-05
2.429199992093345e-05,0.00012206200005948631,128.0,,1024,16,177,0.009195869999985007,5.596100004368054e-05
2.228200003173697e-05,0.0001337799999419076,128.0,,1024,32,177,0.009195869999985007,5.596100004368054e-05
,,,message_size=64B exceeds RSA-OAEP/SHA-256 max plaintext (62B) for a 1024-bit key,1024,64,177,0.009195869999985007,5.596100004368054e-05
,,,message_size=128B exceeds RSA-OAEP/SHA-256 max plaintext (62B) for a 1024-bit key,1024,128,177,0.009195869999985007,5.596100004368054e-05
,,,message_size=256B exceeds RSA-OAEP/SHA-256 max plaintext (62B) for a 1024-bit key,1024,256,177,0.009195869999985007,5.596100004368054e-05
,,,message_size=512B exceeds RSA-OAEP/SHA-256 max plaintext (62B) for a 1024-bit key,1024,512,177,0.009195869999985007,5.596100004368054e-05
,,,message_size=1024B exceeds RSA-OAEP/SHA-256 max plaintext (62B) for a 1024-bit key,1024,1024,177,0.009195869999985007,5.596100004368054e-05
0.00012761499999669468,0.00013308600000527804,128.0,,1024,16,178,0.014053828999976758,6.291399995461688e-05
2.376400004777679e-05,0.00012166399994839594,128.0,,1024,32,178,0.014053828999976758,6.291399995461688e-05
,,,message_size=64B exceeds RSA-OAEP/SHA-256 max plaintext (62B) for a 1024-bit key,1024,64,178,0.014053828999976758,6.291399995461688e-05
,,,message_size=128B exceeds RSA-OAEP/SHA-256 max plaintext (62B) for a 1024-bit key,1024,128,178,0.014053828999976758,6.291399995461688e-05
,,,message_size=256B exceeds RSA-OAEP/SHA-256 max plaintext (62B) for a 1024-bit key,1024,256,178,0.014053828999976758,6.291399995461688e-05
,,,message_size=512B exceeds RSA-OAEP/SHA-256 max plaintext (62B) for a 1024-bit key,1024,512,178,0.014053828999976758,6.291399995461688e-05
,,,message_size=1024B exceeds RSA-OAEP/SHA-256 max plaintext (62B) for a 1024-bit key,1024,1024,178,0.014053828999976758,6.291399995461688e-05
2.8641999961109832e-05,0.00012240000000929285,128.0,,1024,16,179,0.030250370999965526,6.577399994966981e-05
2.2422000029109768e-05,0.00012063400004080904,128.0,,1024,32,179,0.030250370999965526,6.577399994966981e-05
,,,message_size=64B exceeds RSA-OAEP/SHA-256 max plaintext (62B) for a 1024-bit key,1024,64,179,0.030250370999965526,6.577399994966981e-05
,,,message_size=128B exceeds RSA-OAEP/SHA-256 max plaintext (62B) for a 1024-bit key,1024,128,179,0.030250370999965526,6.577399994966981e-05
,,,message_size=256B exceeds RSA-OAEP/SHA-256 max plaintext (62B) for a 1024-bit key,1024,256,179,0.030250370999965526,6.577399994966981e-05
,,,message_size=512B exceeds RSA-OAEP/SHA-256 max plaintext (62B) for a 1024-bit key,1024,512,179,0.030250370999965526,6.577399994966981e-05
,,,message_size=1024B exceeds RSA-OAEP/SHA-256 max plaintext (62B) for a 1024-bit key,1024,1024,179,0.030250370999965526,6.577399994966981e-05
2.4384999960602727e-05,0.00013249500000256376,128.0,,1024,16,180,0.008149765999974079,5.123599999024009e-05
2.3019999957796244e-05,0.0001209030000381972,128.0,,1024,32,180,0.008149765999974079,5.123599999024009e-05
,,,message_size=64B exceeds RSA-OAEP/SHA-256 max plaintext (62B) for a 1024-bit key,1024,64,180,0.008149765999974079,5.123599999024009e-05
,,,message_size=128B exceeds RSA-OAEP/SHA-256 max plaintext (62B) for a 1024-bit key,1024,128,180,0.008149765999974079,5.123599999024009e-05
,,,message_size=256B exceeds RSA-OAEP/SHA-256 max plaintext (62B) for a 1024-bit key,1024,256,180,0.008149765999974079,5.123599999024009e-05
,,,message_size=512B exceeds RSA-OAEP/SHA-256 max plaintext (62B) for a 1024-bit key,1024,512,180,0.008149765999974079,5.123599999024009e-05
,,,message_size=1024B exceeds RSA-OAEP/SHA-256 max plaintext (62B) for a 1024-bit key,1024,1024,180,0.008149765999974079,5.123599999024009e-05
2.827799994520319e-05,0.00012330699996709882,128.0,,1024,16,181,0.008704102999899987,5.692299998827366e-05
2.178199997615593e-05,0.00014272199996412382,128.0,,1024,32,181,0.008704102999899987,5.692299998827366e-05
,,,message_size=64B exceeds RSA-OAEP/SHA-256 max plaintext (62B) for a 1024-bit key,1024,64,181,0.008704102999899987,5.692299998827366e-05
,,,message_size=128B exceeds RSA-OAEP/SHA-256 max plaintext (62B) for a 1024-bit key,1024,128,181,0.008704102999899987,5.692299998827366e-05
,,,message_size=256B exceeds RSA-OAEP/SHA-256 max plaintext (62B) for a 1024-bit key,1024,256,181,0.008704102999899987,5.692299998827366e-05
,,,message_size=512B exceeds RSA-OAEP/SHA-256 max plaintext (62B) for a 1024-bit key,1024,512,181,0.008704102999899987,5.692299998827366e-05
,,,message_size=1024B exceeds RSA-OAEP/SHA-256 max plaintext (62B) for a 1024-bit key,1024,1024,181,0.008704102999899987,5.692299998827366e-05
2.4260000031972595e-05,0.0001338499999974374,128.0,,1024,16,182,0.009874220999904537,5.44380000064848e-05
2.3085999941940827e-05,0.00012784199998350232,128.0,,1024,32,182,0.009874220999904537,5.44380000064848e-05
,,,message_size=64B exceeds RSA-OAEP/SHA-256 max plaintext (62B) for a 1024-bit key,1024,64,182,0.009874220999904537,5.44380000064848e-05
,,,message_size=128B exceeds RSA-OAEP/SHA-256 max plaintext (62B) for a 1024-bit key,1024,128,182,0.009874220999904537,5.44380000064848e-05
,,,message_size=256B exceeds RSA-OAEP/SHA-256 max plaintext (62B) for a 1024-bit key,1024,256,182,0.009874220999904537,5.44380000064848e-05
,,,message_size=512B exceeds RSA-OAEP/SHA-256 max plaintext (62B) for a 1024-bit key,1024,512,182,0.009874220999904537,5.44380000064848e-05
,,,message_size=1024B exceeds RSA-OAEP/SHA-256 max plaintext (62B) for a 1024-bit key,1024,1024,182,0.009874220999904537,5.44380000064848e-05
2.407199997378484e-05,0.00012167500005944021,128.0,,1024,16,183,0.009048373999917203,5.9845000009772775e-05
2.1681000021089858e-05,0.00013280999996823084,128.0,,1024,32,183,0.009048373999917203,5.9845000009772775e-05
,,,message_size=64B exceeds RSA-OAEP/SHA-256 max plaintext (62B) for a 1024-bit key,1024,64,183,0.009048373999917203,5.9845000009772775e-05
,,,message_size=128B exceeds RSA-OAEP/SHA-256 max plaintext (62B) for a 1024-bit key,1024,128,183,0.009048373999917203,5.9845000009772775e-05
,,,message_size=256B exceeds RSA-OAEP/SHA-256 max plaintext (62B) for a 1024-bit key,1024,256,183,0.009048373999917203,5.9845000009772775e-05
,,,message_size=512B exceeds RSA-OAEP/SHA-256 max plaintext (62B) for a 1024-bit key,1024,512,183,0.009048373999917203,5.9845000009772775e-05
,,,message_size=1024B exceeds RSA-OAEP/SHA-256 max plaintext (62B) for a 1024-bit key,1024,1024,183,0.009048373999917203,5.9845000009772775e-05
2.5905000029524672e-05,0.00012069299998529459,128.0,,1024,16,184,0.016727229000025545,5.8795999962057977e-05
2.187299992328917e-05,0.00011904799998774251,128.0,,1024,32,184,0.016727229000025545,5.8795999962057977e-05
,,,message_size=64B exceeds RSA-OAEP/SHA-256 max plaintext (62B) for a 1024-bit key,1024,64,184,0.016727229000025545,5.8795999962057977e-05
,,,message_size=128B exceeds RSA-OAEP/SHA-256 max plaintext (62B) for a 1024-bit key,1024,128,184,0.016727229000025545,5.8795999962057977e-05
,,,message_size=256B exceeds RSA-OAEP/SHA-256 max plaintext (62B) for a 1024-bit key,1024,256,184,0.016727229000025545,5.8795999962057977e-05
,,,message_size=512B exceeds RSA-OAEP/SHA-256 max plaintext (62B) for a 1024-bit key,1024,512,184,0.016727229000025545,5.8795999962057977e-05
,,,message_size=1024B exceeds RSA-OAEP/SHA-256 max plaintext (62B) for a 1024-bit key,1024,1024,184,0.016727229000025545,5.8795999962057977e-05
3.5899999943467265e-05,0.0001285719999941648,128.0,,1024,16,185,0.017240506999996796,6.643099993652868e-05
2.279700004237384e-05,0.00011895900001945847,128.0,,1024,32,185,0.017240506999996796,6.643099993652868e-05
,,,message_size=64B exceeds RSA-OAEP/SHA-256 max plaintext (62B) for a 1024-bit key,1024,64,185,0.017240506999996796,6.643099993652868e-05
,,,message_size=128B exceeds RSA-OAEP/SHA-256 max plaintext (62B) for a 1024-bit key,1024,128,185,0.017240506999996796,6.643099993652868e-05
,,,message_size=256B exceeds RSA-OAEP/SHA-256 max plaintext (62B) for a 1024-bit key,1024,256,185,0.017240506999996796,6.643099993652868e-05
,,,message_size=512B exceeds RSA-OAEP/SHA-256 max plaintext (62B) for a 1024-bit key,1024,512,185,0.017240506999996796,6.643099993652868e-05
,,,message_size=1024B exceeds RSA-OAEP/SHA-256 max plaintext (62B) for a 1024-bit key,1024,1024,185,0.017240506999996796,6.643099993652868e-05
2.5904000040100073e-05,0.00012255400008598372,128.0,,1024,16,186,0.01097855399996206,6.169499999941763e-05
3.0162000030031777e-05,0.0001214320000144653,128.0,,1024,32,186,0.01097855399996206,6.169499999941763e-05
,,,message_size=64B exceeds RSA-OAEP/SHA-256 max plaintext (62B) for a 1024-bit key,1024,64,186,0.01097855399996206,6.169499999941763e-05
,,,message_size=128B exceeds RSA-OAEP/SHA-256 max plaintext (62B) for a 1024-bit key,1024,128,186,0.01097855399996206,6.169499999941763e-05
,,,message_size=256B exceeds RSA-OAEP/SHA-256 max plaintext (62B) for a 1024-bit key,1024,256,186,0.01097855399996206,6.169499999941763e-05
,,,message_size=512B exceeds RSA-OAEP/SHA-256 max plaintext (62B) for a 1024-bit key,1024,512,186,0.01097855399996206,6.169499999941763e-05
,,,message_size=1024B exceeds RSA-OAEP/SHA-256 max plaintext (62B) for a 1024-bit key,1024,1024,186,0.01097855399996206,6.169499999941763e-05
3.610900000694528e-05,0.00012359900006231328,128.0,,1024,16,187,0.013336034999952062,5.871199994089693e-05
2.21589999682692e-05,0.00012049899999055924,128.0,,1024,32,187,0.013336034999952062,5.871199994089693e-05
,,,message_size=64B exceeds RSA-OAEP/SHA-256 max plaintext (62B) for a 1024-bit key,1024,64,187,0.013336034999952062,5.871199994089693e-05
,,,message_size=128B exceeds RSA-OAEP/SHA-256 max plaintext (62B) for a 1024-bit key,1024,128,187,0.013336034999952062,5.871199994089693e-05
,,,message_size=256B exceeds RSA-OAEP/SHA-256 max plaintext (62B) for a 1024-bit key,1024,256,187,0.013336034999952062,5.871199994089693e-05
,,,message_size=512B exceeds RSA-OAEP/SHA-256 max plaintext (62B) for a 1024-bit key,1024,512,187,0.013336034999952062,5.871199994089693e-05
,,,message_size=1024B exceeds RSA-OAEP/SHA-256 max plaintext (62B) for a 1024-bit key,1024,1024,187,0.013336034999952062,5.871199994089693e-05
4.94929998922089e-05,0.00012549500002023706,128.0,,1024,16,188,0.008978139999953783,7.243600009587681e-05
2.2707999960402958e-05,0.00012056899993240222,128.0,,1024,32,188,0.008978139999953783,7.243600009587681e-05
,,,message_size=64B exceeds RSA-OAEP/SHA-256 max plaintext (62B) for a 1024-bit key,1024,64,188,0.008978139999953783,7.243600009587681e-05
,,,message_size=128B exceeds RSA-OAEP/SHA-256 max plaintext (62B) for a 1024-bit key,1024,128,188,0.008978139999953783,7.243600009587681e-05
,,,message_size=256B exceeds RSA-OAEP/SHA-256 max plaintext (62B) for a 1024-bit key,1024,256,188,0.008978139999953783,7.243600009587681e-05
,,,message_size=512B exceeds RSA-OAEP/SHA-256 max plaintext (62B) for a 1024-bit key,1024,512,188,0.008978139999953783,7.243600009587681e-05
,,,message_size=1024B exceeds RSA-OAEP/SHA-256 max plaintext (62B) for a 1024-bit key,1024,1024,188,0.008978139999953783,7.243600009587681e-05
3.6753000017597515e-05,0.00012342100001205836,128.0,,1024,16,189,0.013961955000013404,5.615500003841589e-05
2.2059000002627727e-05,0.00012047999996411818,128.0,,1024,32,189,0.013961955000013404,5.615500003841589e-05
,,,message_size=64B exceeds RSA-OAEP/SHA-256 max plaintext (62B) for a 1024-bit key,1024,64,189,0.013961955000013404,5.615500003841589e-05
,,,message_size=128B exceeds RSA-OAEP/SHA-256 max plaintext (62B) for a 1024-bit key,1024,128,189,0.013961955000013404,5.615500003841589e-05
,,,message_size=256B exceeds RSA-OAEP/SHA-256 max plaintext (62B) for a 1024-bit key,1024,256,189,0.013961955000013404,5.615500003841589e-05
,,,message_size=512B exceeds RSA-OAEP/SHA-256 max plaintext (62B) for a 1024-bit key,1024,512,189,0.013961955000013404,5.615500003841589e-05
,,,message_size=1024B exceeds RSA-OAEP/SHA-256 max plaintext (62B) for a 1024-bit key,1024,1024,189,0.013961955000013404,5.615500003841589e-05
2.430000006370392e-05,0.0001215739999906873,128.0,,1024,16,190,0.008559422999951494,6.175900000471302e-05
2.1995999986756942e-05,0.00012025400008042197,128.0,,1024,32,190,0.008559422999951494,6.175900000471302e-05
,,,message_size=64B exceeds RSA-OAEP/SHA-256 max plaintext (62B) for a 1024-bit key,1024,64,190,0.008559422999951494,6.175900000471302e-05
,,,message_size=128B exceeds RSA-OAEP/SHA-256 max plaintext (62B) for a 1024-bit key,1024,128,190,0.008559422999951494,6.175900000471302e-05
,,,message_size=256B exceeds RSA-OAEP/SHA-256 max plaintext (62B) for a 1024-bit key,1024,256,190,0.008559422999951494,6.175900000471302e-05
,,,message_size=512B exceeds RSA-OAEP/SHA-256 max plaintext (62B) for a 1024-bit key,1024,512,190,0.008559422999951494,6.175900000471302e-05
,,,message_size=1024B exceeds RSA-OAEP/SHA-256 max plaintext (62B) for a 1024-bit key,1024,1024,190,0.008559422999951494,6.175900000471302e-05
5.754500000421103e-05,0.00012390200004119833,128.0,,1024,16,191,0.007577807999950892,6.15519999200842e-05
2.3601000066264533e-05,0.00012172300000656833,128.0,,1024,32,191,0.007577807999950892,6.15519999200842e-05
,,,message_size=64B exceeds RSA-OAEP/SHA-256 max plaintext (62B) for a 1024-bit key,1024,64,191,0.007577807999950892,6.15519999200842e-05
,,,message_size=128B exceeds RSA-OAEP/SHA-256 max plaintext (62B) for a 1024-bit key,1024,128,191,0.007577807999950892,6.15519999200842e-05
,,,message_size=256B exceeds RSA-OAEP/SHA-256 max plaintext (62B) for a 1024-bit key,1024,256,191,0.007577807999950892,6.15519999200842e-05
,,,message_size=512B exceeds RSA-OAEP/SHA-256 max plaintext (62B) for a 1024-bit key,1024,512,191,0.007577807999950892,6.15519999200842e-05
,,,message_size=1024B exceeds RSA-OAEP/SHA-256 max plaintext (62B) for a 1024-bit key,1024,1024,191,0.007577807999950892,6.15519999200842e-05
2.547600001889805e-05,0.00012194500004625297,128.0,,1024,16,192,0.014300674999958574,6.138999992799654e-05
2.2689000047648733e-05,0.00012073499999587511,128.0,,1024,32,192,0.014300674999958574,6.138999992799654e-05
,,,message_size=64B exceeds RSA-OAEP/SHA-256 max plaintext (62B) for a 1024-bit key,1024,64,192,0.014300674999958574,6.138999992799654e-05
,,,message_size=128B exceeds RSA-OAEP/SHA-256 max plaintext (62B) for a 1024-bit key,1024,128,192,0.014300674999958574,6.138999992799654e-05
,,,message_size=256B exceeds RSA-OAEP/SHA-256 max plaintext (62B) for a 1024-bit key,1024,256,192,0.014300674999958574,6.138999992799654e-05
,,,message_size=512B exceeds RSA-OAEP/SHA-256 max plaintext (62B) for a 1024-bit key,1024,512,192,0.014300674999958574,6.138999992799654e-05
,,,message_size=1024B exceeds RSA-OAEP/SHA-256 max plaintext (62B) for a 1024-bit key,1024,1024,192,0.014300674999958574,6.138999992799654e-05
3.518599999097205e-05,0.00012423099997249665,128.0,,1024,16,193,0.009035484000037286,6.199199992806825e-05
2.206799990744912e-05,0.00012069100000644539,128.0,,1024,32,193,0.009035484000037286,6.199199992806825e-05
,,,message_size=64B exceeds RSA-OAEP/SHA-256 max plaintext (62B) for a 1024-bit key,1024,64,193,0.009035484000037286,6.199199992806825e-05
,,,message_size=128B exceeds RSA-OAEP/SHA-256 max plaintext (62B) for a 1024-bit key,1024,128,193,0.009035484000037286,6.199199992806825e-05
,,,message_size=256B exceeds RSA-OAEP/SHA-256 max plaintext (62B) for a 1024-bit key,1024,256,193,0.009035484000037286,6.199199992806825e-05
,,,message_size=512B exceeds RSA-OAEP/SHA-256 max plaintext (62B) for a 1024-bit key,1024,512,193,0.009035484000037286,6.199199992806825e-05
,,,message_size=1024B exceeds RSA-OAEP/SHA-256 max plaintext (62B) for a 1024-bit key,1024,1024,193,0.009035484000037286,6.199199992806825e-05
2.4604000032013573e-05,0.0001222149999193789,128.0,,1024,16,194,0.012895770000000084,5.603199997494812e-05
2.278400006616721e-05,0.00013354600002912775,128.0,,1024,32,194,0.012895770000000084,5.603199997494812e-05
,,,message_size=64B exceeds RSA-OAEP/SHA-256 max plaintext (62B) for a 1024-bit key,1024,64,194,0.012895770000000084,5.603199997494812e-05
,,,message_size=128B exceeds RSA-OAEP/SHA-256 max plaintext (62B) for a 1024-bit key,1024,128,194,0.012895770000000084,5.603199997494812e-05
,,,message_size=256B exceeds RSA-OAEP/SHA-256 max plaintext (62B) for a 1024-bit key,1024,256,194,0.012895770000000084,5.603199997494812e-05
,,,message_size=512B exceeds RSA-OAEP/SHA-256 max plaintext (62B) for a 1024-bit key,1024,512,194,0.012895770000000084,5.603199997494812e-05
,,,message_size=1024B exceeds RSA-OAEP/SHA-256 max plaintext (62B) for a 1024-bit key,1024,1024,194,0.012895770000000084,5.603199997494812e-05
2.42339999658725e-05,0.00012173000004622736,128.0,,1024,16,195,0.021607749000054355,5.372399994030275e-05
2.1990999925947108e-05,0.00012133799998537143,128.0,,1024,32,195,0.021607749000054355,5.372399994030275e-05
,,,message_size=64B exceeds RSA-OAEP/SHA-256 max plaintext (62B) for a 1024-bit key,1024,64,195,0.021607749000054355,5.372399994030275e-05
,,,message_size=128B exceeds RSA-OAEP/SHA-256 max plaintext (62B) for a 1024-bit key,1024,128,195,0.021607749000054355,5.372399994030275e-05
,,,message_size=256B exceeds RSA-OAEP/SHA-256 max plaintext (62B) for a 1024-bit key,1024,256,195,0.021607749000054355,5.372399994030275e-05
,,,message_size=512B exceeds RSA-OAEP/SHA-256 max plaintext (62B) for a 1024-bit key,1024,512,195,0.021607749000054355,5.372399994030275e-05
,,,message_size=1024B exceeds RSA-OAEP/SHA-256 max plaintext (62B) for a 1024-bit key,1024,1024,195,0.021607749000054355,5.372399994030275e-05
5.442599990601593e-05,0.0002004949999445671,128.0,,1024,16,196,0.013773783999909028,7.3494000048413e-05
4.0437999928144563e-05,0.00021907600000758976,128.0,,1024,32,196,0.013773783999909028,7.3494000048413e-05
,,,message_size=64B exceeds RSA-OAEP/SHA-256 max plaintext (62B) for a 1024-bit key,1024,64,196,0.013773783999909028,7.3494000048413e-05
,,,message_size=128B exceeds RSA-OAEP/SHA-256 max plaintext (62B) for a 1024-bit key,1024,128,196,0.013773783999909028,7.3494000048413e-05
,,,message_size=256B exceeds RSA-OAEP/SHA-256 max plaintext (62B) for a 1024-bit key,1024,256,196,0.013773783999909028,7.3494000048413e-05
,,,message_size=512B exceeds RSA-OAEP/SHA-256 max plaintext (62B) for a 1024-bit key,1024,512,196,0.013773783999909028,7.3494000048413e-05
,,,message_size=1024B exceeds RSA-OAEP/SHA-256 max plaintext (62B) for a 1024-bit key,1024,1024,196,0.013773783999909028,7.3494000048413e-05
5.8206999938192894e-05,0.000207984999974542,128.0,,1024,16,197,0.015241196000033597,7.090799999787123e-05
4.737300002943812e-05,0.0002148799999304174,128.0,,1024,32,197,0.015241196000033597,7.090799999787123e-05
,,,message_size=64B exceeds RSA-OAEP/SHA-256 max plaintext (62B) for a 1024-bit key,1024,64,197,0.015241196000033597,7.090799999787123e-05
,,,message_size=128B exceeds RSA-OAEP/SHA-256 max plaintext (62B) for a 1024-bit key,1024,128,197,0.015241196000033597,7.090799999787123e-05
,,,message_size=256B exceeds RSA-OAEP/SHA-256 max plaintext (62B) for a 1024-bit key,1024,256,197,0.015241196000033597,7.090799999787123e-05
,,,message_size=512B exceeds RSA-OAEP/SHA-256 max plaintext (62B) for a 1024-bit key,1024,512,197,0.015241196000033597,7.090799999787123e-05
,,,message_size=1024B exceeds RSA-OAEP/SHA-256 max plaintext (62B) for a 1024-bit key,1024,1024,197,0.015241196000033597,7.090799999787123e-05
2.8738999958477507e-05,0.00012939399994138512,128.0,,1024,16,198,0.009600415000022622,5.912900007842836e-05
2.280400008203287e-05,0.00012138799991134874,128.0,,1024,32,198,0.009600415000022622,5.912900007842836e-05
,,,message_size=64B exceeds RSA-OAEP/SHA-256 max plaintext (62B) for a 1024-bit key,1024,64,198,0.009600415000022622,5.912900007842836e-05
,,,message_size=128B exceeds RSA-OAEP/SHA-256 max plaintext (62B) for a 1024-bit key,1024,128,198,0.009600415000022622,5.912900007842836e-05
,,,message_size=256B exceeds RSA-OAEP/SHA-256 max plaintext (62B) for a 1024-bit key,1024,256,198,0.009600415000022622,5.912900007842836e-05
,,,message_size=512B exceeds RSA-OAEP/SHA-256 max plaintext (62B) for a 1024-bit key,1024,512,198,0.009600415000022622,5.912900007842836e-05
,,,message_size=1024B exceeds RSA-OAEP/SHA-256 max plaintext (62B) for a 1024-bit key,1024,1024,198,0.009600415000022622,5.912900007842836e-05
2.4112000005516165e-05,0.00012050999998791667,128.0,,1024,16,199,0.014978327999983776,5.454199992982467e-05
2.1560999925895885e-05,0.00012977500000488362,128.0,,1024,32,199,0.014978327999983776,5.454199992982467e-05
,,,message_size=64B exceeds RSA-OAEP/SHA-256 max plaintext (62B) for a 1024-bit key,1024,64,199,0.014978327999983776,5.454199992982467e-05
,,,message_size=128B exceeds RSA-OAEP/SHA-256 max plaintext (62B) for a 1024-bit key,1024,128,199,0.014978327999983776,5.454199992982467e-05
,,,message_size=256B exceeds RSA-OAEP/SHA-256 max plaintext (62B) for a 1024-bit key,1024,256,199,0.014978327999983776,5.454199992982467e-05
,,,message_size=512B exceeds RSA-OAEP/SHA-256 max plaintext (62B) for a 1024-bit key,1024,512,199,0.014978327999983776,5.454199992982467e-05
,,,message_size=1024B exceeds RSA-OAEP/SHA-256 max plaintext (62B) for a 1024-bit key,1024,1024,199,0.014978327999983776,5.454199992982467e-05
2.441300000555202e-05,0.0001331089999894175,128.0,,1024,16,200,0.011437526999998227,6.0824000001957756e-05
2.2599999965677853e-05,0.0001287090000232638,128.0,,1024,32,200,0.011437526999998227,6.0824000001957756e-05
,,,message_size=64B exceeds RSA-OAEP/SHA-256 max plaintext (62B) for a 1024-bit key,1024,64,200,0.011437526999998227,6.0824000001957756e-05
,,,message_size=128B exceeds RSA-OAEP/SHA-256 max plaintext (62B) for a 1024-bit key,1024,128,200,0.011437526999998227,6.0824000001957756e-05
,,,message_size=256B exceeds RSA-OAEP/SHA-256 max plaintext (62B) for a 1024-bit key,1024,256,200,0.011437526999998227,6.0824000001957756e-05
,,,message_size=512B exceeds RSA-OAEP/SHA-256 max plaintext (62B) for a 1024-bit key,1024,512,200,0.011437526999998227,6.0824000001957756e-05
,,,message_size=1024B exceeds RSA-OAEP/SHA-256 max plaintext (62B) for a 1024-bit key,1024,1024,200,0.011437526999998227,6.0824000001957756e-05
2.486099992893287e-05,0.00012692200004948972,128.0,,1024,16,201,0.011406962000023668,6.255300002067088e-05
2.2537999939231668e-05,0.00012061600000379258,128.0,,1024,32,201,0.011406962000023668,6.255300002067088e-05
,,,message_size=64B exceeds RSA-OAEP/SHA-256 max plaintext (62B) for a 1024-bit key,1024,64,201,0.011406962000023668,6.255300002067088e-05
,,,message_size=128B exceeds RSA-OAEP/SHA-256 max plaintext (62B) for a 1024-bit key,1024,128,201,0.011406962000023668,6.255300002067088e-05
,,,message_size=256B exceeds RSA-OAEP/SHA-256 max plaintext (62B) for a 1024-bit key,1024,256,201,0.011406962000023668,6.255300002067088e-05
,,,message_size=512B exceeds RSA-OAEP/SHA-256 max plaintext (62B) for a 1024-bit key,1024,512,201,0.011406962000023668,6.255300002067088e-05
,,,message_size=1024B exceeds RSA-OAEP/SHA-256 max plaintext (62B) for a 1024-bit key,1024,1024,201,0.011406962000023668,6.255300002067088e-05
2.4092999979075103e-05,0.00013263999994705955,128.0,,1024,16,202,0.009063291000074969,5.47130000541074e-05
2.3096999939298257e-05,0.00012854999999944994,128.0,,1024,32,202,0.009063291000074969,5.47130000541074e-05
,,,message_size=64B exceeds RSA-OAEP/SHA-256 max plaintext (62B) for a 1024-bit key,1024,64,202,0.009063291000074969,5.47130000541074e-05
,,,message_size=128B exceeds RSA-OAEP/SHA-256 max plaintext (62B) for a 1024-bit key,1024,128,202,0.009063291000074969,5.47130000541074e-05
,,,message_size=256B exceeds RSA-OAEP/SHA-256 max plaintext (62B) for a 1024-bit key,1024,256,202,0.009063291000074969,5.47130000541074e-05
,,,message_size=512B exceeds RSA-OAEP/SHA-256 max plaintext (62B) for a 1024-bit key,1024,512,202,0.009063291000074969,5.47130000541074e-05
,,,message_size=1024B exceeds RSA-OAEP/SHA-256 max plaintext (62B) for a 1024-bit key,1024,1024,202,0.009063291000074969,5.47130000541074e-05
2.660300003753946e-05,0.00012222599991673633,128.0,,1024,16,203,0.009048879000033594,5.5159999988063646e-05
2.2548999936589098e-05,0.00012089799997738737,128.0,,1024,32,203,0.009048879000033594,5.5159999988063646e-05
,,,message_size=64B exceeds RSA-OAEP/SHA-256 max plaintext (62B) for a 1024-bit key,1024,64,203,0.009048879000033594,5.5159999988063646e-05
,,,message_size=128B exceeds RSA-OAEP/SHA-256 max plaintext (62B) for a 1024-bit key,1024,128,203,0.009048879000033594,5.5159999988063646e-05
,,,message_size=256B exceeds RSA-OAEP/SHA-256 max plaintext (62B) for a 1024-bit key,1024,256,203,0.009048879000033594,5.5159999988063646e-05
,,,message_size=512B exceeds RSA-OAEP/SHA-256 max plaintext (62B) for a 1024-bit key,1024,512,203,0.009048879000033594,5.5159999988063646e-05
,,,message_size=1024B exceeds RSA-OAEP/SHA-256 max plaintext (62B) for a 1024-bit key,1024,1024,203,0.009048879000033594,5.5159999988063646e-05
2.5011000047925336e-05,0.0001335930001005181,128.0,,1024,16,204,0.010511102999998911,5.479300000388321e-05
2.2930999989512202e-05,0.00012076200005139981,128.0,,1024,32,204,0.010511102999998911,5.479300000388321e-05
,,,message_size=64B exceeds RSA-OAEP/SHA-256 max plaintext (62B) for a 1024-bit key,1024,64,204,0.010511102999998911,5.479300000388321e-05
,,,message_size=128B exceeds RSA-OAEP/SHA-256 max plaintext (62B) for a 1024-bit key,1024,128,204,0.010511102999998911,5.479300000388321e-05
,,,message_size=256B exceeds RSA-OAEP/SHA-256 max plaintext (62B) for a 1024-bit key,1024,256,204,0.010511102999998911,5.479300000388321e-05
,,,message_size=512B exceeds RSA-OAEP/SHA-256 max plaintext (62B) for a 1024-bit key,1024,512,204,0.010511102999998911,5.479300000388321e-05
,,,message_size=1024B exceeds RSA-OAEP/SHA-256 max plaintext (62B) for a 1024-bit key,1024,1024,204,0.010511102999998911,5.479300000388321e-05
2.4785999926280056e-05,0.00012199200000395649,128.0,,1024,16,205,0.015134854999928393,5.956400002560258e-05
2.1606000018437044e-05,0.00012004500001694396,128.0,,1024,32,205,0.015134854999928393,5.956400002560258e-05
,,,message_size=64B exceeds RSA-OAEP/SHA-256 max plaintext (62B) for a 1024-bit key,1024,64,205,0.015134854999928393,5.956400002560258e-05
,,,message_size=128B exceeds RSA-OAEP/SHA-256 max plaintext (62B) for a 1024-bit key,1024,128,205,0.015134854999928393,5.956400002560258e-05
,,,message_size=256B exceeds RSA-OAEP/SHA-256 max plaintext (62B) for a 1024-bit key,1024,256,205,0.015134854999928393,5.956400002560258e-05
,,,message_size=512B exceeds RSA-OAEP/SHA-256 max plaintext (62B) for a 1024-bit key,1024,512,205,0.015134854999928393,5.956400002560258e-05
,,,message_size=1024B exceeds RSA-OAEP/SHA-256 max plaintext (62B) for a 1024-bit key,1024,1024,205,0.015134854999928393,5.956400002560258e-05
2.5262999997721636e-05,0.00012179999998807034,128.0,,1024,16,206,0.010871387999941362,5.1546999998208776e-05
2.1568999954979517e-05,0.00012042500009101786,128.0,,1024,32,206,0.010871387999941362,5.1546999998208776e-05
,,,message_size=64B exceeds RSA-OAEP/SHA-256 max plaintext (62B) for a 1024-bit key,1024,64,206,0.010871387999941362,5.1546999998208776e-05
,,,message_size=128B exceeds RSA-OAEP/SHA-256 max plaintext (62B) for a 1024-bit key,1024,128,206,0.010871387999941362,5.1546999998208776e-05
,,,message_size=256B exceeds RSA-OAEP/SHA-256 max plaintext (62B) for a 1024-bit key,1024,256,206,0.010871387999941362,5.1546999998208776e-05
,,,message_size=512B exceeds RSA-OAEP/SHA-256 max plaintext (62B) for a 1024-bit key,1024,512,206,0.010871387999941362,5.1546999998208776e-05
,,,message_size=1024B exceeds RSA-OAEP/SHA-256 max plaintext (62B) for a 1024-bit key,1024,1024,206,0.010871387999941362,5.1546999998208776e-05
2.4281000037262856e-05,0.0001221839999061558,128.0,,1024,16,207,0.007637457999976505,4.7617999939575384e-05
2.2242999989430245e-05,0.00012094499993509089,128.0,,1024,32,207,0.007637457999976505,4.7617999939575384e-05
,,,message_size=64B exceeds RSA-OAEP/SHA-256 max plaintext (62B) for a 1024-bit key,1024,64,207,0.007637457999976505,4.7617999939575384e-05
,,,message_size=128B exceeds RSA-OAEP/SHA-256 max plaintext (62B) for a 1024-bit key,1024,128,207,0.007637457999976505,4.7617999939575384e-05
,,,message_size=256B exceeds RSA-OAEP/SHA-256 max plaintext (62B) for a 1024-bit key,1024,256,207,0.007637457999976505,4.7617999939575384e-05
,,,message_size=512B exceeds RSA-OAEP/SHA-256 max plaintext (62B) for a 1024-bit key,1024,512,207,0.007637457999976505,4.7617999939575384e-05
,,,message_size=1024B exceeds RSA-OAEP/SHA-256 max plaintext (62B) for a 1024-bit key,1024,1024,207,0.007637457999976505,4.7617999939575384e-05
2.5559000050634495e-05,0.00012046000006193935,128.0,,1024,16,208,0.011215332000006129,5.7017000017367536e-05
2.203100007136527e-05,0.00012334400003055634,128.0,,1024,32,208,0.011215332000006129,5.7017000017367536e-05
,,,message_size=64B exceeds RSA-OAEP/SHA-256 max plaintext (62B) for a 1024-bit key,1024,64,208,0.011215332000006129,5.7017000017367536e-05
,,,message_size=128B exceeds RSA-OAEP/SHA-256 max plaintext (62B) for a 1024-bit key,1024,128,208,0.011215332000006129,5.7017000017367536e-05
,,,message_size=256B exceeds RSA-OAEP/SHA-256 max plaintext (62B) for a 1024-bit key,1024,256,208,0.011215332000006129,5.7017000017367536e-05
,,,message_size=512B exceeds RSA-OAEP/SHA-256 max plaintext (62B) for a 1024-bit key,1024,512,208,0.011215332000006129,5.7017000017367536e-05
,,,message_size=1024B exceeds RSA-OAEP/SHA-256 max plaintext (62B) for a 1024-bit key,1024,1024,208,0.011215332000006129,5.7017000017367536e-05
2.483899993421801e-05,0.0001225639999802297,128.0,,1024,16,209,0.010136127000009765,5.074999990029028e-05
3.215899994302163e-05,0.0001221789999590328,128.0,,1024,32,209,0.010136127000009765,5.074999990029028e-05
,,,message_size=64B exceeds RSA-OAEP/SHA-256 max plaintext (62B) for a 1024-bit key,1024,64,209,0.010136127000009765,5.074999990029028e-05
,,,message_size=128B exceeds RSA-OAEP/SHA-256 max plaintext (62B) for a 1024-bit key,1024,128,209,0.010136127000009765,5.074999990029028e-05
,,,message_size=256B exceeds RSA-OAEP/SHA-256 max plaintext (62B) for a 1024-bit key,1024,256,209,0.010136127000009765,5.074999990029028e-05
,,,message_size=512B exceeds RSA-OAEP/SHA-256 max plaintext (62B) for a 1024-bit key,1024,512,209,0.010136127000009765,5.074999990029028e-05
,,,message_size=1024B exceeds RSA-OAEP/SHA-256 max plaintext (62B) for a 1024-bit key,1024,1024,209,0.010136127000009765,5.074999990029028e-05
2.5744000026861613e-05,0.00012213499996960309,128.0,,1024,16,210,0.011807536999981494,5.9252000028209295e-05
2.252100000532664e-05,0.00012098100000912382,128.0,,1024,32,210,0.011807536999981494,5.9252000028209295e-05
,,,message_size=64B exceeds RSA-OAEP/SHA-256 max plaintext (62B) for a 1024-bit key,1024,64,210,0.011807536999981494,5.9252000028209295e-05
,,,message_size=128B exceeds RSA-OAEP/SHA-256 max plaintext (62B) for a 1024-bit key,1024,128,210,0.011807536999981494,5.9252000028209295e-05
,,,message_size=256B exceeds RSA-OAEP/SHA-256 max plaintext (62B) for a 1024-bit key,1024,256,210,0.011807536999981494,5.9252000028209295e-05
,,,message_size=512B exceeds RSA-OAEP/SHA-256 max plaintext (62B) for a 1024-bit key,1024,512,210,0.011807536999981494,5.9252000028209295e-05
,,,message_size=1024B exceeds RSA-OAEP/SHA-256 max plaintext (62B) for a 1024-bit key,1024,1024,210,0.011807536999981494,5.9252000028209295e-05
2.437800003463053e-05,0.0001630699999850549,128.0,,1024,16,211,0.019472441999937473,8.166300005996163e-05
3.892500001256849e-05,0.0001706640000520565,128.0,,1024,32,211,0.019472441999937473,8.166300005996163e-05
,,,message_size=64B exceeds RSA-OAEP/SHA-256 max plaintext (62B) for a 1024-bit key,1024,64,211,0.019472441999937473,8.166300005996163e-05
,,,message_size=128B exceeds RSA-OAEP/SHA-256 max plaintext (62B) for a 1024-bit key,1024,128,211,0.019472441999937473,8.166300005996163e-05
,,,message_size=256B exceeds RSA-OAEP/SHA-256 max plaintext (62B) for a 1024-bit key,1024,256,211,0.019472441999937473,8.166300005996163e-05
,,,message_size=512B exceeds RSA-OAEP/SHA-256 max plaintext (62B) for a 1024-bit key,1024,512,211,0.019472441999937473,8.166300005996163e-05
,,,message_size=1024B exceeds RSA-OAEP/SHA-256 max plaintext (62B) for a 1024-bit key,1024,1024,211,0.019472441999937473,8.166300005996163e-05
3.0472000048575865e-05,0.00012178200006474071,128.0,,1024,16,212,0.008889130000056866,5.790299996988324e-05
2.9131000019333442e-05,0.00012029099991650583,128.0,,1024,32,212,0.008889130000056866,5.790299996988324e-05
,,,message_size=64B exceeds RSA-OAEP/SHA-256 max plaintext (62B) for a 1024-bit key,1024,64,212,0.008889130000056866,5.790299996988324e-05
,,,message_size=128B exceeds RSA-OAEP/SHA-256 max plaintext (62B) for a 1024-bit key,1024,128,212,0.008889130000056866,5.790299996988324e-05
,,,message_size=256B exceeds RSA-OAEP/SHA-256 max plaintext (62B) for a 1024-bit key,1024,256,212,0.008889130000056866,5.790299996988324e-05
,,,message_size=512B exceeds RSA-OAEP/SHA-256 max plaintext (62B) for a 1024-bit key,1024,512,212,0.008889130000056866,5.790299996988324e-05
,,,message_size=1024B exceeds RSA-OAEP/SHA-256 max plaintext (62B) for a 1024-bit key,1024,1024,212,0.008889130000056866,5.790299996988324e-05
2.5705000098241726e-05,0.00012338099998032703,128.0,,1024,16,213,0.012416610999935074,5.61269999934666e-05
2.2528000044985674e-05,0.00012139000000388478,128.0,,1024,32,213,0.012416610999935074,5.61269999934666e-05
,,,message_size=64B exceeds RSA-OAEP/SHA-256 max plaintext (62B) for a 1024-bit key,1024,64,213,0.012416610999935074,5.61269999934666e-05
,,,message_size=128B exceeds RSA-OAEP/SHA-256 max plaintext (62B) for a 1024-bit key,1024,128,213,0.012416610999935074,5.61269999934666e-05
,,,message_size=256B exceeds RSA-OAEP/SHA-256 max plaintext (62B) for a 1024-bit key,1024,256,213,0.012416610999935074,5.61269999934666e-05
,,,message_size=512B exceeds RSA-OAEP/SHA-256 max plaintext (62B) for a 1024-bit key,1024,512,213,0.012416610999935074,5.61269999934666e-05
,,,message_size=1024B exceeds RSA-OAEP/SHA-256 max plaintext (62B) for a 1024-bit key,1024,1024,213,0.012416610999935074,5.61269999934666e-05
2.454100001614279e-05,0.00012253299996700662,128.0,,1024,16,214,0.010136430000102337,5.4546999990634504e-05
2.2277000084613974e-05,0.00012084900004083465,128.0,,1024,32,214,0.010136430000102337,5.4546999990634504e-05
,,,message_size=64B exceeds RSA-OAEP/SHA-256 max plaintext (62B) for a 1024-bit key,1024,64,214,0.010136430000102337,5.4546999990634504e-05
,,,message_size=128B exceeds RSA-OAEP/SHA-256 max plaintext (62B) for a 1024-bit key,1024,128,214,0.010136430000102337,5.4546999990634504e-05
,,,message_size=256B exceeds RSA-OAEP/SHA-256 max plaintext (62B) for a 1024-bit key,1024,256,214,0.010136430000102337,5.4546999990634504e-05
,,,message_size=512B exceeds RSA-OAEP/SHA-256 max plaintext (62B) for a 1024-bit key,1024,512,214,0.010136430000102337,5.4546999990634504e-05
,,,message_size=1024B exceeds RSA-OAEP/SHA-256 max plaintext (62B) for a 1024-bit key,1024,1024,214,0.010136430000102337,5.4546999990634504e-05
2.4273000008179224e-05,0.00012229100002514315,128.0,,1024,16,215,0.0073425580000048285,5.0179000027128495e-05
2.220499993654812e-05,0.00012028700007249427,128.0,,1024,32,215,0.0073425580000048285,5.0179000027128495e-05
,,,message_size=64B exceeds RSA-OAEP/SHA-256 max plaintext (62B) for a 1024-bit key,1024,64,215,0.0073425580000048285,5.0179000027128495e-05
,,,message_size=128B exceeds RSA-OAEP/SHA-256 max plaintext (62B) for a 1024-bit key,1024,128,215,0.0073425580000048285,5.0179000027128495e-05
,,,message_size=256B exceeds RSA-OAEP/SHA-256 max plaintext (62B) for a 1024-bit key,1024,256,215,0.0073425580000048285,5.0179000027128495e-05
,,,message_size=512B exceeds RSA-OAEP/SHA-256 max plaintext (62B) for a 1024-bit key,1024,512,215,0.0073425580000048285,5.0179000027128495e-05
,,,message_size=1024B exceeds RSA-OAEP/SHA-256 max plaintext (62B) for a 1024-bit key,1024,1024,215,0.0073425580000048285,5.0179000027128495e-05
2.7032000048166083e-05,0.00012230500010446121,128.0,,1024,16,216,0.007146137999939128,4.8687999992580444e-05
2.1571000047515554e-05,0.00012054000001171516,128.0,,1024,32,216,0.007146137999939128,4.8687999992580444e-05
,,,message_size=64B exceeds RSA-OAEP/SHA-256 max plaintext (62B) for a 1024-bit key,1024,64,216,0.007146137999939128,4.8687999992580444e-05
,,,message_size=128B exceeds RSA-OAEP/SHA-256 max plaintext (62B) for a 1024-bit key,1024,128,216,0.007146137999939128,4.8687999992580444e-05
,,,message_size=256B exceeds RSA-OAEP/SHA-256 max plaintext (62B) for a 1024-bit key,1024,256,216,0.007146137999939128,4.8687999992580444e-05
,,,message_size=512B exceeds RSA-OAEP/SHA-256 max plaintext (62B) for a 1024-bit key,1024,512,216,0.007146137999939128,4.8687999992580444e-05
,,,message_size=1024B exceeds RSA-OAEP/SHA-256 max plaintext (62B) for a 1024-bit key,1024,1024,216,0.007146137999939128,4.8687999992580444e-05
2.402799998435512e-05,0.00012037799990594067,128.0,,1024,16,217,0.012718873000039821,6.445199994686845e-05
2.2584000021197426e-05,0.00011921400005121541,128.0,,1024,32,217,0.012718873000039821,6.445199994686845e-05
,,,message_size=64B exceeds RSA-OAEP/SHA-256 max plaintext (62B) for a 1024-bit key,1024,64,217,0.012718873000039821,6.445199994686845e-05
,,,message_size=128B exceeds RSA-OAEP/SHA-256 max plaintext (62B) for a 1024-bit key,1024,128,217,0.012718873000039821,6.445199994686845e-05
,,,message_size=256B exceeds RSA-OAEP/SHA-256 max plaintext (62B) for a 1024-bit key,1024,256,217,0.012718873000039821,6.445199994686845e-05
,,,message_size=512B exceeds RSA-OAEP/SHA-256 max plaintext (62B) for a 1024-bit key,1024,512,217,0.012718873000039821,6.445199994686845e-05
,,,message_size=1024B exceeds RSA-OAEP/SHA-256 max plaintext (62B) for a 1024-bit key,1024,1024,217,0.012718873000039821,6.445199994686845e-05
2.4635000045236666e-05,0.00012045400001170492,128.0,,1024,16,218,0.01261893000003056,6.191800002852688e-05
3.257699995629082e-05,0.00012827000000470434,128.0,,1024,32,218,0.01261893000003056,6.191800002852688e-05
,,,message_size=64B exceeds RSA-OAEP/SHA-256 max plaintext (62B) for a 1024-bit key,1024,64,218,0.01261893000003056,6.191800002852688e-05
,,,message_size=128B exceeds RSA-OAEP/SHA-256 max plaintext (62B) for a 1024-bit key,1024,128,218,0.01261893000003056,6.191800002852688e-05
,,,message_size=256B exceeds RSA-OAEP/SHA-256 max plaintext (62B) for a 1024-bit key,1024,256,218,0.01261893000003056,6.191800002852688e-05
,,,message_size=512B exceeds RSA-OAEP/SHA-256 max plaintext (62B) for a 1024-bit key,1024,512,218,0.01261893000003056,6.191800002852688e-05
,,,message_size=1024B exceeds RSA-OAEP/SHA-256 max plaintext (62B) for a 1024-bit key,1024,1024,218,0.01261893000003056,6.191800002852688e-05
2.4295000002894085e-05,0.00012483000000429456,128.0,,1024,16,219,0.012791025000069567,6.73829999868758e-05
2.2775000047658978e-05,0.00011997800004337478,128.0,,1024,32,219,0.012791025000069567,6.73829999868758e-05
,,,message_size=64B exceeds RSA-OAEP/SHA-256 max plaintext (62B) for a 1024-bit key,1024,64,219,0.012791025000069567,6.73829999868758e-05
,,,message_size=128B exceeds RSA-OAEP/SHA-256 max plaintext (62B) for a 1024-bit key,1024,128,219,0.012791025000069567,6.73829999868758e-05
,,,message_size=256B exceeds RSA-OAEP/SHA-256 max plaintext (62B) for a 1024-bit key,1024,256,219,0.012791025000069567,6.73829999868758e-05
,,,message_size=512B exceeds RSA-OAEP/SHA-256 max plaintext (62B) for a 1024-bit key,1024,512,219,0.012791025000069567,6.73829999868758e-05
,,,message_size=1024B exceeds RSA-OAEP/SHA-256 max plaintext (62B) for a 1024-bit key,1024,1024,219,0.012791025000069567,6.73829999868758e-05
2.4422000024060253e-05,0.00012078899999323767,128.0,,1024,16,220,0.01116385000000264,6.242000006295712e-05
2.2643999955107574e-05,0.0001196059999983845,128.0,,1024,32,220,0.01116385000000264,6.242000006295712e-05
,,,message_size=64B exceeds RSA-OAEP/SHA-256 max plaintext (62B) for a 1024-bit key,1024,64,220,0.01116385000000264,6.242000006295712e-05
,,,message_size=128B exceeds RSA-OAEP/SHA-256 max plaintext (62B) for a 1024-bit key,1024,128,220,0.01116385000000264,6.242000006295712e-05
,,,message_size=256B exceeds RSA-OAEP/SHA-256 max plaintext (62B) for a 1024-bit key,1024,256,220,0.01116385000000264,6.242000006295712e-05
,,,message_size=512B exceeds RSA-OAEP/SHA-256 max plaintext (62B) for a 1024-bit key,1024,512,220,0.01116385000000264,6.242000006295712e-05
,,,message_size=1024B exceeds RSA-OAEP/SHA-256 max plaintext (62B) for a 1024-bit key,1024,1024,220,0.01116385000000264,6.242000006295712e-05
2.5424000000384694e-05,0.00014206200000899116,128.0,,1024,16,221,0.00855676499998026,6.158300004699413e-05
2.4507000034645898e-05,0.00012084399998002482,128.0,,1024,32,221,0.00855676499998026,6.158300004699413e-05
,,,message_size=64B exceeds RSA-OAEP/SHA-256 max plaintext (62B) for a 1024-bit key,1024,64,221,0.00855676499998026,6.158300004699413e-05
,,,message_size=128B exceeds RSA-OAEP/SHA-256 max plaintext (62B) for a 1024-bit key,1024,128,221,0.00855676499998026,6.158300004699413e-05
,,,message_size=256B exceeds RSA-OAEP/SHA-256 max plaintext (62B) for a 1024-bit key,1024,256,221,0.00855676499998026,6.158300004699413e-05
,,,message_size=512B exceeds RSA-OAEP/SHA-256 max plaintext (62B) for a 1024-bit key,1024,512,221,0.00855676499998026,6.158300004699413e-05
,,,message_size=1024B exceeds RSA-OAEP/SHA-256 max plaintext (62B) for a 1024-bit key,1024,1024,221,0.00855676499998026,6.158300004699413e-05
2.467899992097955e-05,0.0001289619999624847,128.0,,1024,16,222,0.00831892600001538,5.2835000019513245e-05
2.2143000023788773e-05,0.00012049999997998384,128.0,,1024,32,222,0.00831892600001538,5.2835000019513245e-05
,,,message_size=64B exceeds RSA-OAEP/SHA-256 max plaintext (62B) for a 1024-bit key,1024,64,222,0.00831892600001538,5.2835000019513245e-05
,,,message_size=128B exceeds RSA-OAEP/SHA-256 max plaintext (62B) for a 1024-bit key,1024,128,222,0.00831892600001538,5.2835000019513245e-05
,,,message_size=256B exceeds RSA-OAEP/SHA-256 max plaintext (62B) for a 1024-bit key,1024,256,222,0.00831892600001538,5.2835000019513245e-05
,,,message_size=512B exceeds RSA-OAEP/SHA-256 max plaintext (62B) for a 1024-bit key,1024,512,222,0.00831892600001538,5.2835000019513245e-05
,,,message_size=1024B exceeds RSA-OAEP/SHA-256 max plaintext (62B) for a 1024-bit key,1024,1024,222,0.00831892600001538,5.2835000019513245e-05
4.204699996535055e-05,0.00018889099999341852,128.0,,1024,16,223,0.008584849000044414,5.98870000203533e-05
4.425199995239382e-05,0.00020293900001888687,128.0,,1024,32,223,0.008584849000044414,5.98870000203533e-05
,,,message_size=64B exceeds RSA-OAEP/SHA-256 max plaintext (62B) for a 1024-bit key,1024,64,223,0.008584849000044414,5.98870000203533e-05
,,,message_size=128B exceeds RSA-OAEP/SHA-256 max plaintext (62B) for a 1024-bit key,1024,128,223,0.008584849000044414,5.98870000203533e-05
,,,message_size=256B exceeds RSA-OAEP/SHA-256 max plaintext (62B) for a 1024-bit key,1024,256,223,0.008584849000044414,5.98870000203533e-05
,,,message_size=512B exceeds RSA-OAEP/SHA-256 max plaintext (62B) for a 1024-bit key,1024,512,223,0.008584849000044414,5.98870000203533e-05
,,,message_size=1024B exceeds RSA-OAEP/SHA-256 max plaintext (62B) for a 1024-bit key,1024,1024,223,0.008584849000044414,5.98870000203533e-05
7.896600004642096e-05,0.00013126999999713007,128.0,,1024,16,224,0.022313100000019404,6.955399999242218e-05
6.211699997038522e-05,0.0001488269999754266,128.0,,1024,32,224,0.022313100000019404,6.955399999242218e-05
,,,message_size=64B exceeds RSA-OAEP/SHA-256 max plaintext (62B) for a 1024-bit key,1024,64,224,0.022313100000019404,6.955399999242218e-05
,,,message_size=128B exceeds RSA-OAEP/SHA-256 max plaintext (62B) for a 1024-bit key,1024,128,224,0.022313100000019404,6.955399999242218e-05
,,,message_size=256B exceeds RSA-OAEP/SHA-256 max plaintext (62B) for a 1024-bit key,1024,256,224,0.022313100000019404,6.955399999242218e-05
,,,message_size=512B exceeds RSA-OAEP/SHA-256 max plaintext (62B) for a 1024-bit key,1024,512,224,0.022313100000019404,6.955399999242218e-05
,,,message_size=1024B exceeds RSA-OAEP/SHA-256 max plaintext (62B) for a 1024-bit key,1024,1024,224,0.022313100000019404,6.955399999242218e-05
2.7166999984729046e-05,0.00012209499993787176,128.0,,1024,16,225,0.011727769999993143,6.791200007683074e-05
2.270400000270456e-05,0.00012388200002533267,128.0,,1024,32,225,0.011727769999993143,6.791200007683074e-05
,,,message_size=64B exceeds RSA-OAEP/SHA-256 max plaintext (62B) for a 1024-bit key,1024,64,225,0.011727769999993143,6.791200007683074e-05
,,,message_size=128B exceeds RSA-OAEP/SHA-256 max plaintext (62B) for a 1024-bit key,1024,128,225,0.011727769999993143,6.791200007683074e-05
,,,message_size=256B exceeds RSA-OAEP/SHA-256 max plaintext (62B) for a 1024-bit key,1024,256,225,0.011727769999993143,6.791200007683074e-05
,,,message_size=512B exceeds RSA-OAEP/SHA-256 max plaintext (62B) for a 1024-bit key,1024,512,225,0.011727769999993143,6.791200007683074e-05
,,,message_size=1024B exceeds RSA-OAEP/SHA-256 max plaintext (62B) for a 1024-bit key,1024,1024,225,0.011727769999993143,6.791200007683074e-05
2.5921999963429698e-05,0.00013647699995544826,128.0,,1024,16,226,0.009327557000005982,6.297599998106307e-05
2.316199993401824e-05,0.00012188900007004122,128.0,,1024,32,226,0.009327557000005982,6.297599998106307e-05
,,,message_size=64B exceeds RSA-OAEP/SHA-256 max plaintext (62B) for a 1024-bit key,1024,64,226,0.009327557000005982,6.297599998106307e-05
,,,message_size=128B exceeds RSA-OAEP/SHA-256 max plaintext (62B) for a 1024-bit key,1024,128,226,0.009327557000005982,6.297599998106307e-05
,,,message_size=256B exceeds RSA-OAEP/SHA-256 max plaintext (62B) for a 1024-bit key,1024,256,226,0.009327557000005982,6.297599998106307e-05
,,,message_size=512B exceeds RSA-OAEP/SHA-256 max plaintext (62B) for a 1024-bit key,1024,512,226,0.009327557000005982,6.297599998106307e-05
,,,message_size=1024B exceeds RSA-OAEP/SHA-256 max plaintext (62B) for a 1024-bit key,1024,1024,226,0.009327557000005982,6.297599998106307e-05
2.6596999987305026e-05,0.00012178600002243911,128.0,,1024,16,227,0.010030851999999868,6.504899999981717e-05
4.7010000002956076e-05,0.00012191500002245448,128.0,,1024,32,227,0.010030851999999868,6.504899999981717e-05
,,,message_size=64B exceeds RSA-OAEP/SHA-256 max plaintext (62B) for a 1024-bit key,1024,64,227,0.010030851999999868,6.504899999981717e-05
,,,message_size=128B exceeds RSA-OAEP/SHA-256 max plaintext (62B) for a 1024-bit key,1024,128,227,0.010030851999999868,6.504899999981717e-05
,,,message_size=256B exceeds RSA-OAEP/SHA-256 max plaintext (62B) for a 1024-bit key,1024,256,227,0.010030851999999868,6.504899999981717e-05
,,,message_size=512B exceeds RSA-OAEP/SHA-256 max plaintext (62B) for a 1024-bit key,1024,512,227,0.010030851999999868,6.504899999981717e-05
,,,message_size=1024B exceeds RSA-OAEP/SHA-256 max plaintext (62B) for a 1024-bit key,1024,1024,227,0.010030851999999868,6.504899999981717e-05
2.455000003465102e-05,0.00012812200009193475,128.0,,1024,16,228,0.011433523999926365,5.672600002526451e-05
2.253699994980707e-05,0.00012102100004085514,128.0,,1024,32,228,0.011433523999926365,5.672600002526451e-05
,,,message_size=64B exceeds RSA-OAEP/SHA-256 max plaintext (62B) for a 1024-bit key,1024,64,228,0.011433523999926365,5.672600002526451e-05
,,,message_size=128B exceeds RSA-OAEP/SHA-256 max plaintext (62B) for a 1024-bit key,1024,128,228,0.011433523999926365,5.672600002526451e-05
,,,message_size=256B exceeds RSA-OAEP/SHA-256 max plaintext (62B) for a 1024-bit key,1024,256,228,0.011433523999926365,5.672600002526451e-05
,,,message_size=512B exceeds RSA-OAEP/SHA-256 max plaintext (62B) for a 1024-bit key,1024,512,228,0.011433523999926365,5.672600002526451e-05
,,,message_size=1024B exceeds RSA-OAEP/SHA-256 max plaintext (62B) for a 1024-bit key,1024,1024,228,0.011433523999926365,5.672600002526451e-05
2.5227999913113308e-05,0.00012195299996164977,128.0,,1024,16,229,0.013790540000059082,6.034399996224238e-05
2.174500002638524e-05,0.00013062900006843847,128.0,,1024,32,229,0.013790540000059082,6.034399996224238e-05
,,,message_size=64B exceeds RSA-OAEP/SHA-256 max plaintext (62B) for a 1024-bit key,1024,64,229,0.013790540000059082,6.034399996224238e-05
,,,message_size=128B exceeds RSA-OAEP/SHA-256 max plaintext (62B) for a 1024-bit key,1024,128,229,0.013790540000059082,6.034399996224238e-05
,,,message_size=256B exceeds RSA-OAEP/SHA-256 max plaintext (62B) for a 1024-bit key,1024,256,229,0.013790540000059082,6.034399996224238e-05
,,,message_size=512B exceeds RSA-OAEP/SHA-256 max plaintext (62B) for a 1024-bit key,1024,512,229,0.013790540000059082,6.034399996224238e-05
,,,message_size=1024B exceeds RSA-OAEP/SHA-256 max plaintext (62B) for a 1024-bit key,1024,1024,229,0.013790540000059082,6.034399996224238e-05
2.3552000016024977e-05,0.00012427199999365257,128.0,,1024,16,230,0.007282224000050519,4.793000005065551e-05
2.245300004233286e-05,0.00012060999995355814,128.0,,1024,32,230,0.007282224000050519,4.793000005065551e-05
,,,message_size=64B exceeds RSA-OAEP/SHA-256 max plaintext (62B) for a 1024-bit key,1024,64,230,0.007282224000050519,4.793000005065551e-05
,,,message_size=128B exceeds RSA-OAEP/SHA-256 max plaintext (62B) for a 1024-bit key,1024,128,230,0.007282224000050519,4.793000005065551e-05
,,,message_size=256B exceeds RSA-OAEP/SHA-256 max plaintext (62B) for a 1024-bit key,1024,256,230,0.007282224000050519,4.793000005065551e-05
,,,message_size=512B exceeds RSA-OAEP/SHA-256 max plaintext (62B) for a 1024-bit key,1024,512,230,0.007282224000050519,4.793000005065551e-05
,,,message_size=1024B exceeds RSA-OAEP/SHA-256 max plaintext (62B) for a 1024-bit key,1024,1024,230,0.007282224000050519,4.793000005065551e-05
3.550500002802437e-05,0.000123292000012043,128.0,,1024,16,231,0.012819632999935493,7.439199998771073e-05
2.2777000026508176e-05,0.00012140199999066681,128.0,,1024,32,231,0.012819632999935493,7.439199998771073e-05
,,,message_size=64B exceeds RSA-OAEP/SHA-256 max plaintext (62B) for a 1024-bit key,1024,64,231,0.012819632999935493,7.439199998771073e-05
,,,message_size=128B exceeds RSA-OAEP/SHA-256 max plaintext (62B) for a 1024-bit key,1024,128,231,0.012819632999935493,7.439199998771073e-05
,,,message_size=256B exceeds RSA-OAEP/SHA-256 max plaintext (62B) for a 1024-bit key,1024,256,231,0.012819632999935493,7.439199998771073e-05
,,,message_size=512B exceeds RSA-OAEP/SHA-256 max plaintext (62B) for a 1024-bit key,1024,512,231,0.012819632999935493,7.439199998771073e-05
,,,message_size=1024B exceeds RSA-OAEP/SHA-256 max plaintext (62B) for a 1024-bit key,1024,1024,231,0.012819632999935493,7.439199998771073e-05
2.5208000010934484e-05,0.00013522599999760132,128.0,,1024,16,232,0.012832309000032183,5.99989999727768e-05
2.290899999479734e-05,0.00012085600008049369,128.0,,1024,32,232,0.012832309000032183,5.99989999727768e-05
,,,message_size=64B exceeds RSA-OAEP/SHA-256 max plaintext (62B) for a 1024-bit key,1024,64,232,0.012832309000032183,5.99989999727768e-05
,,,message_size=128B exceeds RSA-OAEP/SHA-256 max plaintext (62B) for a 1024-bit key,1024,128,232,0.012832309000032183,5.99989999727768e-05
,,,message_size=256B exceeds RSA-OAEP/SHA-256 max plaintext (62B) for a 1024-bit key,1024,256,232,0.012832309000032183,5.99989999727768e-05
,,,message_size=512B exceeds RSA-OAEP/SHA-256 max plaintext (62B) for a 1024-bit key,1024,512,232,0.012832309000032183,5.99989999727768e-05
,,,message_size=1024B exceeds RSA-OAEP/SHA-256 max plaintext (62B) for a 1024-bit key,1024,1024,232,0.012832309000032183,5.99989999727768e-05
2.755099990281451e-05,0.00012265099996966455,128.0,,1024,16,233,0.007373033000021678,5.422100002760999e-05
2.189400004226627e-05,0.00012039199998525874,128.0,,1024,32,233,0.007373033000021678,5.422100002760999e-05
,,,message_size=64B exceeds RSA-OAEP/SHA-256 max plaintext (62B) for a 1024-bit key,1024,64,233,0.007373033000021678,5.422100002760999e-05
,,,message_size=128B exceeds RSA-OAEP/SHA-256 max plaintext (62B) for a 1024-bit key,1024,128,233,0.007373033000021678,5.422100002760999e-05
,,,message_size=256B exceeds RSA-OAEP/SHA-256 max plaintext (62B) for a 1024-bit key,1024,256,233,0.007373033000021678,5.422100002760999e-05
,,,message_size=512B exceeds RSA-OAEP/SHA-256 max plaintext (62B) for a 1024-bit key,1024,512,233,0.007373033000021678,5.422100002760999e-05
,,,message_size=1024B exceeds RSA-OAEP/SHA-256 max plaintext (62B) for a 1024-bit key,1024,1024,233,0.007373033000021678,5.422100002760999e-05
2.5727000092956587e-05,0.00013608100005058077,128.0,,1024,16,234,0.01400751100004527,6.3784000076339e-05
2.5309000079687394e-05,0.00012140199999066681,128.0,,1024,32,234,0.01400751100004527,6.3784000076339e-05
,,,message_size=64B exceeds RSA-OAEP/SHA-256 max plaintext (62B) for a 1024-bit key,1024,64,234,0.01400751100004527,6.3784000076339e-05
,,,message_size=128B exceeds RSA-OAEP/SHA-256 max plaintext (62B) for a 1024-bit key,1024,128,234,0.01400751100004527,6.3784000076339e-05
,,,message_size=256B exceeds RSA-OAEP/SHA-256 max plaintext (62B) for a 1024-bit key,1024,256,234,0.01400751100004527,6.3784000076339e-05
,,,message_size=512B exceeds RSA-OAEP/SHA-256 max plaintext (62B) for a 1024-bit key,1024,512,234,0.01400751100004527,6.3784000076339e-05
,,,message_size=1024B exceeds RSA-OAEP/SHA-256 max plaintext (62B) for a 1024-bit key,1024,1024,234,0.01400751100004527,6.3784000076339e-05
2.5672999981907196e-05,0.00012185399998543289,128.0,,1024,16,235,0.007547179999960463,5.3725000043414184e-05
2.1822999997311854e-05,0.00012097599994831398,128.0,,1024,32,235,0.007547179999960463,5.3725000043414184e-05
,,,message_size=64B exceeds RSA-OAEP/SHA-256 max plaintext (62B) for a 1024-bit key,1024,64,235,0.007547179999960463,5.3725000043414184e-05
,,,message_size=128B exceeds RSA-OAEP/SHA-256 max plaintext (62B) for a 1024-bit key,1024,128,235,0.007547179999960463,5.3725000043414184e-05
,,,message_size=256B exceeds RSA-OAEP/SHA-256 max plaintext (62B) for a 1024-bit key,1024,256,235,0.007547179999960463,5.3725000043414184e-05
,,,message_size=512B exceeds RSA-OAEP/SHA-256 max plaintext (62B) for a 1024-bit key,1024,512,235,0.007547179999960463,5.3725000043414184e-05
,,,message_size=1024B exceeds RSA-OAEP/SHA-256 max plaintext (62B) for a 1024-bit key,1024,1024,235,0.007547179999960463,5.3725000043414184e-05
2.5127999947471835e-05,0.00012205400003040268,128.0,,1024,16,236,0.01026267600002484,6.0460000099737954e-05
2.2185000034369295e-05,0.0001294820000339314,128.0,,1024,32,236,0.01026267600002484,6.0460000099737954e-05
,,,message_size=64B exceeds RSA-OAEP/SHA-256 max plaintext (62B) for a 1024-bit key,1024,64,236,0.01026267600002484,6.0460000099737954e-05
,,,message_size=128B exceeds RSA-OAEP/SHA-256 max plaintext (62B) for a 1024-bit key,1024,128,236,0.01026267600002484,6.0460000099737954e-05
,,,message_size=256B exceeds RSA-OAEP/SHA-256 max plaintext (62B) for a 1024-bit key,1024,256,236,0.01026267600002484,6.0460000099737954e-05
,,,message_size=512B exceeds RSA-OAEP/SHA-256 max plaintext (62B) for a 1024-bit key,1024,512,236,0.01026267600002484,6.0460000099737954e-05
,,,message_size=1024B exceeds RSA-OAEP/SHA-256 max plaintext (62B) for a 1024-bit key,1024,1024,236,0.01026267600002484,6.0460000099737954e-05
6.274800000483083e-05,0.0002482680000639448,128.0,,1024,16,237,0.01606628800004728,7.692099995892931e-05
4.020300002594013e-05,0.00023144700003285834,128.0,,1024,32,237,0.01606628800004728,7.692099995892931e-05
,,,message_size=64B exceeds RSA-OAEP/SHA-256 max plaintext (62B) for a 1024-bit key,1024,64,237,0.01606628800004728,7.692099995892931e-05
,,,message_size=128B exceeds RSA-OAEP/SHA-256 max plaintext (62B) for a 1024-bit key,1024,128,237,0.01606628800004728,7.692099995892931e-05
,,,message_size=256B exceeds RSA-OAEP/SHA-256 max plaintext (62B) for a 1024-bit key,1024,256,237,0.01606628800004728,7.692099995892931e-05
,,,message_size=512B exceeds RSA-OAEP/SHA-256 max plaintext (62B) for a 1024-bit key,1024,512,237,0.01606628800004728,7.692099995892931e-05
,,,message_size=1024B exceeds RSA-OAEP/SHA-256 max plaintext (62B) for a 1024-bit key,1024,1024,237,0.01606628800004728,7.692099995892931e-05
2.510000001620938e-05,0.00012189899996428721,128.0,,1024,16,238,0.00878938300002119,5.474400006733049e-05
2.156300001843192e-05,0.00012069100000644539,128.0,,1024,32,238,0.00878938300002119,5.474400006733049e-05
,,,message_size=64B exceeds RSA-OAEP/SHA-256 max plaintext (62B) for a 1024-bit key,1024,64,238,0.00878938300002119,5.474400006733049e-05
,,,message_size=128B exceeds RSA-OAEP/SHA-256 max plaintext (62B) for a 1024-bit key,1024,128,238,0.00878938300002119,5.474400006733049e-05
,,,message_size=256B exceeds RSA-OAEP/SHA-256 max plaintext (62B) for a 1024-bit key,1024,256,238,0.00878938300002119,5.474400006733049e-05
,,,message_size=512B exceeds RSA-OAEP/SHA-256 max plaintext (62B) for a 1024-bit key,1024,512,238,0.00878938300002119,5.474400006733049e-05
,,,message_size=1024B exceeds RSA-OAEP/SHA-256 max plaintext (62B) for a 1024-bit key,1024,1024,238,0.00878938300002119,5.474400006733049e-05
2.577199995812407e-05,0.00017528199998650962,128.0,,1024,16,239,0.02214133600000423,6.276299995988666e-05
3.866099996230332e-05,0.0001237599999512895,128.0,,1024,32,239,0.02214133600000423,6.276299995988666e-05
,,,message_size=64B exceeds RSA-OAEP/SHA-256 max plaintext (62B) for a 1024-bit key,1024,64,239,0.02214133600000423,6.276299995988666e-05
,,,message_size=128B exceeds RSA-OAEP/SHA-256 max plaintext (62B) for a 1024-bit key,1024,128,239,0.02214133600000423,6.276299995988666e-05
,,,message_size=256B exceeds RSA-OAEP/SHA-256 max plaintext (62B) for a 1024-bit key,1024,256,239,0.02214133600000423,6.276299995988666e-05
,,,message_size=512B exceeds RSA-OAEP/SHA-256 max plaintext (62B) for a 1024-bit key,1024,512,239,0.02214133600000423,6.276299995988666e-05
,,,message_size=1024B exceeds RSA-OAEP/SHA-256 max plaintext (62B) for a 1024-bit key,1024,1024,239,0.02214133600000423,6.276299995988666e-05
3.1007000075078395e-05,0.00012250400004631956,128.0,,1024,16,240,0.018503597999938393,5.98870000203533e-05
2.1683999989363656e-05,0.00012075699999058997,128.0,,1024,32,240,0.018503597999938393,5.98870000203533e-05
,,,message_size=64B exceeds RSA-OAEP/SHA-256 max plaintext (62B) for a 1024-bit key,1024,64,240,0.018503597999938393,5.98870000203533e-05
,,,message_size=128B exceeds RSA-OAEP/SHA-256 max plaintext (62B) for a 1024-bit key,1024,128,240,0.018503597999938393,5.98870000203533e-05
,,,message_size=256B exceeds RSA-OAEP/SHA-256 max plaintext (62B) for a 1024-bit key,1024,256,240,0.018503597999938393,5.98870000203533e-05
,,,message_size=512B exceeds RSA-OAEP/SHA-256 max plaintext (62B) for a 1024-bit key,1024,512,240,0.018503597999938393,5.98870000203533e-05
,,,message_size=1024B exceeds RSA-OAEP/SHA-256 max plaintext (62B) for a 1024-bit key,1024,1024,240,0.018503597999938393,5.98870000203533e-05
2.6177999984611233e-05,0.0001300609999361768,128.0,,1024,16,241,0.011756956999988688,5.874400005723146e-05
2.33239999261059e-05,0.00012131100004353357,128.0,,1024,32,241,0.011756956999988688,5.874400005723146e-05
,,,message_size=64B exceeds RSA-OAEP/SHA-256 max plaintext (62B) for a 1024-bit key,1024,64,241,0.011756956999988688,5.874400005723146e-05
,,,message_size=128B exceeds RSA-OAEP/SHA-256 max plaintext (62B) for a 1024-bit key,1024,128,241,0.011756956999988688,5.874400005723146e-05
,,,message_size=256B exceeds RSA-OAEP/SHA-256 max plaintext (62B) for a 1024-bit key,1024,256,241,0.011756956999988688,5.874400005723146e-05
,,,message_size=512B exceeds RSA-OAEP/SHA-256 max plaintext (62B) for a 1024-bit key,1024,512,241,0.011756956999988688,5.874400005723146e-05
,,,message_size=1024B exceeds RSA-OAEP/SHA-256 max plaintext (62B) for a 1024-bit key,1024,1024,241,0.011756956999988688,5.874400005723146e-05
2.5249000032090407e-05,0.00012768699991738686,128.0,,1024,16,242,0.009174017000077583,5.179100003260828e-05
2.2975999968366523e-05,0.0001198879999719793,128.0,,1024,32,242,0.009174017000077583,5.179100003260828e-05
,,,message_size=64B exceeds RSA-OAEP/SHA-256 max plaintext (62B) for a 1024-bit key,1024,64,242,0.009174017000077583,5.179100003260828e-05
,,,message_size=128B exceeds RSA-OAEP/SHA-256 max plaintext (62B) for a 1024-bit key,1024,128,242,0.009174017000077583,5.179100003260828e-05
,,,message_size=256B exceeds RSA-OAEP/SHA-256 max plaintext (62B) for a 1024-bit key,1024,256,242,0.009174017000077583,5.179100003260828e-05
,,,message_size=512B exceeds RSA-OAEP/SHA-256 max plaintext (62B) for a 1024-bit key,1024,512,242,0.009174017000077583,5.179100003260828e-05
,,,message_size=1024B exceeds RSA-OAEP/SHA-256 max plaintext (62B) for a 1024-bit key,1024,1024,242,0.009174017000077583,5.179100003260828e-05
2.5016999984472932e-05,0.00012122699990868568,128.0,,1024,16,243,0.011149292000027344,5.0783000006049406e-05
3.9420000007339695e-05,0.00014528899998822453,128.0,,1024,32,243,0.011149292000027344,5.0783000006049406e-05
,,,message_size=64B exceeds RSA-OAEP/SHA-256 max plaintext (62B) for a 1024-bit key,1024,64,243,0.011149292000027344,5.0783000006049406e-05
,,,message_size=128B exceeds RSA-OAEP/SHA-256 max plaintext (62B) for a 1024-bit key,1024,128,243,0.011149292000027344,5.0783000006049406e-05
,,,message_size=256B exceeds RSA-OAEP/SHA-256 max plaintext (62B) for a 1024-bit key,1024,256,243,0.011149292000027344,5.0783000006049406e-05
,,,message_size=512B exceeds RSA-OAEP/SHA-256 max plaintext (62B) for a 1024-bit key,1024,512,243,0.011149292000027344,5.0783000006049406e-05
,,,message_size=1024B exceeds RSA-OAEP/SHA-256 max plaintext (62B) for a 1024-bit key,1024,1024,243,0.011149292000027344,5.0783000006049406e-05
3.122099997199257e-05,0.0001228690000516508,128.0,,1024,16,244,0.009759769000083907,6.701300003442157e-05
2.2423000018534367e-05,0.00012062700000115001,128.0,,1024,32,244,0.009759769000083907,6.701300003442157e-05
,,,message_size=64B exceeds RSA-OAEP/SHA-256 max plaintext (62B) for a 1024-bit key,1024,64,244,0.009759769000083907,6.701300003442157e-05
,,,message_size=128B exceeds RSA-OAEP/SHA-256 max plaintext (62B) for a 1024-bit key,1024,128,244,0.009759769000083907,6.701300003442157e-05
,,,message_size=256B exceeds RSA-OAEP/SHA-256 max plaintext (62B) for a 1024-bit key,1024,256,244,0.009759769000083907,6.701300003442157e-05
,,,message_size=512B exceeds RSA-OAEP/SHA-256 max plaintext (62B) for a 1024-bit key,1024,512,244,0.009759769000083907,6.701300003442157e-05
,,,message_size=1024B exceeds RSA-OAEP/SHA-256 max plaintext (62B) for a 1024-bit key,1024,1024,244,0.009759769000083907,6.701300003442157e-05
3.141599995615252e-05,0.00012323900000410504,128.0,,1024,16,245,0.018183002999990094,6.638699994709896e-05
2.232800000001589e-05,0.00012074600010691938,128.0,,1024,32,245,0.018183002999990094,6.638699994709896e-05
,,,message_size=64B exceeds RSA-OAEP/SHA-256 max plaintext (62B) for a 1024-bit key,1024,64,245,0.018183002999990094,6.638699994709896e-05
,,,message_size=128B exceeds RSA-OAEP/SHA-256 max plaintext (62B) for a 1024-bit key,1024,128,245,0.018183002999990094,6.638699994709896e-05
,,,message_size=256B exceeds RSA-OAEP/SHA-256 max plaintext (62B) for a 1024-bit key,1024,256,245,0.018183002999990094,6.638699994709896e-05
,,,message_size=512B exceeds RSA-OAEP/SHA-256 max plaintext (62B) for a 1024-bit key,1024,512,245,0.018183002999990094,6.638699994709896e-05
,,,message_size=1024B exceeds RSA-OAEP/SHA-256 max plaintext (62B) for a 1024-bit key,1024,1024,245,0.018183002999990094,6.638699994709896e-05
3.981500003646943e-05,0.00012630399999125075,128.0,,1024,16,246,0.013414997000040785,8.479199993871589e-05
2.2889999968356278e-05,0.00012164600002506631,128.0,,1024,32,246,0.013414997000040785,8.479199993871589e-05
,,,message_size=64B exceeds RSA-OAEP/SHA-256 max plaintext (62B) for a 1024-bit key,1024,64,246,0.013414997000040785,8.479199993871589e-05
,,,message_size=128B exceeds RSA-OAEP/SHA-256 max plaintext (62B) for a 1024-bit key,1024,128,246,0.013414997000040785,8.479199993871589e-05
,,,message_size=256B exceeds RSA-OAEP/SHA-256 max plaintext (62B) for a 1024-bit key,1024,256,246,0.013414997000040785,8.479199993871589e-05
,,,message_size=512B exceeds RSA-OAEP/SHA-256 max plaintext (62B) for a 1024-bit key,1024,512,246,0.013414997000040785,8.479199993871589e-05
,,,message_size=1024B exceeds RSA-OAEP/SHA-256 max plaintext (62B) for a 1024-bit key,1024,1024,246,0.013414997000040785,8.479199993871589e-05
2.5011999923663097e-05,0.00014539000005697744,128.0,,1024,16,247,0.013217112000006637,6.975899998451496e-05
3.4315999982936773e-05,0.00012778899997556437,128.0,,1024,32,247,0.013217112000006637,6.975899998451496e-05
,,,message_size=64B exceeds RSA-OAEP/SHA-256 max plaintext (62B) for a 1024-bit key,1024,64,247,0.013217112000006637,6.975899998451496e-05
,,,message_size=128B exceeds RSA-OAEP/SHA-256 max plaintext (62B) for a 1024-bit key,1024,128,247,0.013217112000006637,6.975899998451496e-05
,,,message_size=256B exceeds RSA-OAEP/SHA-256 max plaintext (62B) for a 1024-bit key,1024,256,247,0.013217112000006637,6.975899998451496e-05
,,,message_size=512B exceeds RSA-OAEP/SHA-256 max plaintext (62B) for a 1024-bit key,1024,512,247,0.013217112000006637,6.975899998451496e-05
,,,message_size=1024B exceeds RSA-OAEP/SHA-256 max plaintext (62B) for a 1024-bit key,1024,1024,247,0.013217112000006637,6.975899998451496e-05
2.583900004538009e-05,0.00012227700005951192,128.0,,1024,16,248,0.009412802000042575,5.9184000065215514e-05
2.2343000068758556e-05,0.00013644599994222517,128.0,,1024,32,248,0.009412802000042575,5.9184000065215514e-05
,,,message_size=64B exceeds RSA-OAEP/SHA-256 max plaintext (62B) for a 1024-bit key,1024,64,248,0.009412802000042575,5.9184000065215514e-05
,,,message_size=128B exceeds RSA-OAEP/SHA-256 max plaintext (62B) for a 1024-bit key,1024,128,248,0.009412802000042575,5.9184000065215514e-05
,,,message_size=256B exceeds RSA-OAEP/SHA-256 max plaintext (62B) for a 1024-bit key,1024,256,248,0.009412802000042575,5.9184000065215514e-05
,,,message_size=512B exceeds RSA-OAEP/SHA-256 max plaintext (62B) for a 1024-bit key,1024,512,248,0.009412802000042575,5.9184000065215514e-05
,,,message_size=1024B exceeds RSA-OAEP/SHA-256 max plaintext (62B) for a 1024-bit key,1024,1024,248,0.009412802000042575,5.9184000065215514e-05
2.4901999950088793e-05,0.0001281229999676725,128.0,,1024,16,249,0.014018271000054483,6.527400000777561e-05
2.2825999963060895e-05,0.00012053099999320693,128.0,,1024,32,249,0.014018271000054483,6.527400000777561e-05
,,,message_size=64B exceeds RSA-OAEP/SHA-256 max plaintext (62B) for a 1024-bit key,1024,64,249,0.014018271000054483,6.527400000777561e-05
,,,message_size=128B exceeds RSA-OAEP/SHA-256 max plaintext (62B) for a 1024-bit key,1024,128,249,0.014018271000054483,6.527400000777561e-05
,,,message_size=256B exceeds RSA-OAEP/SHA-256 max plaintext (62B) for a 1024-bit key,1024,256,249,0.014018271000054483,6.527400000777561e-05
,,,message_size=512B exceeds RSA-OAEP/SHA-256 max plaintext (62B) for a 1024-bit key,1024,512,249,0.014018271000054483,6.527400000777561e-05
,,,message_size=1024B exceeds RSA-OAEP/SHA-256 max plaintext (62B) for a 1024-bit key,1024,1024,249,0.014018271000054483,6.527400000777561e-05
5.262100000891223e-05,0.00015856799996072368,128.0,,1024,16,250,0.023672323000027973,7.820700000138459e-05
2.6800999989973207e-05,0.00013054900000497582,128.0,,1024,32,250,0.023672323000027973,7.820700000138459e-05
,,,message_size=64B exceeds RSA-OAEP/SHA-256 max plaintext (62B) for a 1024-bit key,1024,64,250,0.023672323000027973,7.820700000138459e-05
,,,message_size=128B exceeds RSA-OAEP/SHA-256 max plaintext (62B) for a 1024-bit key,1024,128,250,0.023672323000027973,7.820700000138459e-05
,,,message_size=256B exceeds RSA-OAEP/SHA-256 max plaintext (62B) for a 1024-bit key,1024,256,250,0.023672323000027973,7.820700000138459e-05
,,,message_size=512B exceeds RSA-OAEP/SHA-256 max plaintext (62B) for a 1024-bit key,1024,512,250,0.023672323000027973,7.820700000138459e-05
,,,message_size=1024B exceeds RSA-OAEP/SHA-256 max plaintext (62B) for a 1024-bit key,1024,1024,250,0.023672323000027973,7.820700000138459e-05
2.7676000058818317e-05,0.00012140900003032584,128.0,,1024,16,251,0.01036709899995003,5.7062999985646456e-05
2.2016999992047204e-05,0.00013007400002607028,128.0,,1024,32,251,0.01036709899995003,5.7062999985646456e-05
,,,message_size=64B exceeds RSA-OAEP/SHA-256 max plaintext (62B) for a 1024-bit key,1024,64,251,0.01036709899995003,5.7062999985646456e-05
,,,message_size=128B exceeds RSA-OAEP/SHA-256 max plaintext (62B) for a 1024-bit key,1024,128,251,0.01036709899995003,5.7062999985646456e-05
,,,message_size=256B exceeds RSA-OAEP/SHA-256 max plaintext (62B) for a 1024-bit key,1024,256,251,0.01036709899995003,5.7062999985646456e-05
,,,message_size=512B exceeds RSA-OAEP/SHA-256 max plaintext (62B) for a 1024-bit key,1024,512,251,0.01036709899995003,5.7062999985646456e-05
,,,message_size=1024B exceeds RSA-OAEP/SHA-256 max plaintext (62B) for a 1024-bit key,1024,1024,251,0.01036709899995003,5.7062999985646456e-05
2.5972999992518453e-05,0.00012221500003306573,128.0,,1024,16,252,0.016734163000023727,6.0017000009793264e-05
2.183999993121688e-05,0.00012077899998530484,128.0,,1024,32,252,0.016734163000023727,6.0017000009793264e-05
,,,message_size=64B exceeds RSA-OAEP/SHA-256 max plaintext (62B) for a 1024-bit key,1024,64,252,0.016734163000023727,6.0017000009793264e-05
,,,message_size=128B exceeds RSA-OAEP/SHA-256 max plaintext (62B) for a 1024-bit key,1024,128,252,0.016734163000023727,6.0017000009793264e-05
,,,message_size=256B exceeds RSA-OAEP/SHA-256 max plaintext (62B) for a 1024-bit key,1024,256,252,0.016734163000023727,6.0017000009793264e-05
,,,message_size=512B exceeds RSA-OAEP/SHA-256 max plaintext (62B) for a 1024-bit key,1024,512,252,0.016734163000023727,6.0017000009793264e-05
,,,message_size=1024B exceeds RSA-OAEP/SHA-256 max plaintext (62B) for a 1024-bit key,1024,1024,252,0.016734163000023727,6.0017000009793264e-05
2.5080000000343716e-05,0.0001222139999299543,128.0,,1024,16,253,0.009533225000041057,5.688999999620137e-05
2.1771000092485338e-05,0.000120631999948273,128.0,,1024,32,253,0.009533225000041057,5.688999999620137e-05
,,,message_size=64B exceeds RSA-OAEP/SHA-256 max plaintext (62B) for a 1024-bit key,1024,64,253,0.009533225000041057,5.688999999620137e-05
,,,message_size=128B exceeds RSA-OAEP/SHA-256 max plaintext (62B) for a 1024-bit key,1024,128,253,0.009533225000041057,5.688999999620137e-05
,,,message_size=256B exceeds RSA-OAEP/SHA-256 max plaintext (62B) for a 1024-bit key,1024,256,253,0.009533225000041057,5.688999999620137e-05
,,,message_size=512B exceeds RSA-OAEP/SHA-256 max plaintext (62B) for a 1024-bit key,1024,512,253,0.009533225000041057,5.688999999620137e-05
,,,message_size=1024B exceeds RSA-OAEP/SHA-256 max plaintext (62B) for a 1024-bit key,1024,1024,253,0.009533225000041057,5.688999999620137e-05
3.844699995170231e-05,0.00012382799991428328,128.0,,1024,16,254,0.0168387310000071,7.582700004604703e-05
2.244300003440003e-05,0.00012086499998531508,128.0,,1024,32,254,0.0168387310000071,7.582700004604703e-05
,,,message_size=64B exceeds RSA-OAEP/SHA-256 max plaintext (62B) for a 1024-bit key,1024,64,254,0.0168387310000071,7.582700004604703e-05
,,,message_size=128B exceeds RSA-OAEP/SHA-256 max plaintext (62B) for a 1024-bit key,1024,128,254,0.0168387310000071,7.582700004604703e-05
,,,message_size=256B exceeds RSA-OAEP/SHA-256 max plaintext (62B) for a 1024-bit key,1024,256,254,0.0168387310000071,7.582700004604703e-05
,,,message_size=512B exceeds RSA-OAEP/SHA-256 max plaintext (62B) for a 1024-bit key,1024,512,254,0.0168387310000071,7.582700004604703e-05
,,,message_size=1024B exceeds RSA-OAEP/SHA-256 max plaintext (62B) for a 1024-bit key,1024,1024,254,0.0168387310000071,7.582700004604703e-05
3.2229999987976043e-05,0.0001315939999813054,128.0,,1024,16,255,0.017544370999985404,6.603000008453819e-05
2.2936999926059798e-05,0.00012095900001440896,128.0,,1024,32,255,0.017544370999985404,6.603000008453819e-05
,,,message_size=64B exceeds RSA-OAEP/SHA-256 max plaintext (62B) for a 1024-bit key,1024,64,255,0.017544370999985404,6.603000008453819e-05
,,,message_size=128B exceeds RSA-OAEP/SHA-256 max plaintext (62B) for a 1024-bit key,1024,128,255,0.017544370999985404,6.603000008453819e-05
,,,message_size=256B exceeds RSA-OAEP/SHA-256 max plaintext (62B) for a 1024-bit key,1024,256,255,0.017544370999985404,6.603000008453819e-05
,,,message_size=512B exceeds RSA-OAEP/SHA-256 max plaintext (62B) for a 1024-bit key,1024,512,255,0.017544370999985404,6.603000008453819e-05
,,,message_size=1024B exceeds RSA-OAEP/SHA-256 max plaintext (62B) for a 1024-bit key,1024,1024,255,0.017544370999985404,6.603000008453819e-05
3.5544000070331094e-05,0.00012444399999367306,128.0,,1024,16,256,0.00895554400005949,6.459400003677729e-05
2.1994000007907744e-05,0.00012842599994655757,128.0,,1024,32,256,0.00895554400005949,6.459400003677729e-05
,,,message_size=64B exceeds RSA-OAEP/SHA-256 max plaintext (62B) for a 1024-bit key,1024,64,256,0.00895554400005949,6.459400003677729e-05
,,,message_size=128B exceeds RSA-OAEP/SHA-256 max plaintext (62B) for a 1024-bit key,1024,128,256,0.00895554400005949,6.459400003677729e-05
,,,message_size=256B exceeds RSA-OAEP/SHA-256 max plaintext (62B) for a 1024-bit key,1024,256,256,0.00895554400005949,6.459400003677729e-05
,,,message_size=512B exceeds RSA-OAEP/SHA-256 max plaintext (62B) for a 1024-bit key,1024,512,256,0.00895554400005949,6.459400003677729e-05
,,,message_size=1024B exceeds RSA-OAEP/SHA-256 max plaintext (62B) for a 1024-bit key,1024,1024,256,0.00895554400005949,6.459400003677729e-05
3.6137000051894574e-05,0.0001232850000860708,128.0,,1024,16,257,0.011192461000064213,5.588700003045233e-05
2.185100004226115e-05,0.00012767000009716867,128.0,,1024,32,257,0.011192461000064213,5.588700003045233e-05
,,,message_size=64B exceeds RSA-OAEP/SHA-256 max plaintext (62B) for a 1024-bit key,1024,64,257,0.011192461000064213,5.588700003045233e-05
,,,message_size=128B exceeds RSA-OAEP/SHA-256 max plaintext (62B) for a 1024-bit key,1024,128,257,0.011192461000064213,5.588700003045233e-05
,,,message_size=256B exceeds RSA-OAEP/SHA-256 max plaintext (62B) for a 1024-bit key,1024,256,257,0.011192461000064213,5.588700003045233e-05
,,,message_size=512B exceeds RSA-OAEP/SHA-256 max plaintext (62B) for a 1024-bit key,1024,512,257,0.011192461000064213,5.588700003045233e-05
,,,message_size=1024B exceeds RSA-OAEP/SHA-256 max plaintext (62B) for a 1024-bit key,1024,1024,257,0.011192461000064213,5.588700003045233e-05
2.473500001087814e-05,0.0001224269999511307,128.0,,1024,16,258,0.01064405199997509,5.797400001483766e-05
2.2654000076727243e-05,0.0001221059999352292,128.0,,1024,32,258,0.01064405199997509,5.797400001483766e-05
,,,message_size=64B exceeds RSA-OAEP/SHA-256 max plaintext (62B) for a 1024-bit key,1024,64,258,0.01064405199997509,5.797400001483766e-05
,,,message_size=128B exceeds RSA-OAEP/SHA-256 max plaintext (62B) for a 1024-bit key,1024,128,258,0.01064405199997509,5.797400001483766e-05
,,,message_size=256B exceeds RSA-OAEP/SHA-256 max plaintext (62B) for a 1024-bit key,1024,256,258,0.01064405199997509,5.797400001483766e-05
,,,message_size=512B exceeds RSA-OAEP/SHA-256 max plaintext (62B) for a 1024-bit key,1024,512,258,0.01064405199997509,5.797400001483766e-05
,,,message_size=1024B exceeds RSA-OAEP/SHA-256 max plaintext (62B) for a 1024-bit key,1024,1024,258,0.01064405199997509,5.797400001483766e-05
2.3915000042507017e-05,0.00012181299996427697,128.0,,1024,16,259,0.009410619000050247,6.33739999784666e-05
2.285100003973639e-05,0.00012071399999058485,128.0,,1024,32,259,0.009410619000050247,6.33739999784666e-05
,,,message_size=64B exceeds RSA-OAEP/SHA-256 max plaintext (62B) for a 1024-bit key,1024,64,259,0.009410619000050247,6.33739999784666e-05
,,,message_size=128B exceeds RSA-OAEP/SHA-256 max plaintext (62B) for a 1024-bit key,1024,128,259,0.009410619000050247,6.33739999784666e-05
,,,message_size=256B exceeds RSA-OAEP/SHA-256 max plaintext (62B) for a 1024-bit key,1024,256,259,0.009410619000050247,6.33739999784666e-05
,,,message_size=512B exceeds RSA-OAEP/SHA-256 max plaintext (62B) for a 1024-bit key,1024,512,259,0.009410619000050247,6.33739999784666e-05
,,,message_size=1024B exceeds RSA-OAEP/SHA-256 max plaintext (62B) for a 1024-bit key,1024,1024,259,0.009410619000050247,6.33739999784666e-05
2.512200001092424e-05,0.0001292129999228564,128.0,,1024,16,260,0.00861755699997957,6.288200006565603e-05
2.2906000026523543e-05,0.00012134899998272886,128.0,,1024,32,260,0.00861755699997957,6.288200006565603e-05
,,,message_size=64B exceeds RSA-OAEP/SHA-256 max plaintext (62B) for a 1024-bit key,1024,64,260,0.00861755699997957,6.288200006565603e-05
,,,message_size=128B exceeds RSA-OAEP/SHA-256 max plaintext (62B) for a 1024-bit key,1024,128,260,0.00861755699997957,6.288200006565603e-05
,,,message_size=256B exceeds RSA-OAEP/SHA-256 max plaintext (62B) for a 1024-bit key,1024,256,260,0.00861755699997957,6.288200006565603e-05
,,,message_size=512B exceeds RSA-OAEP/SHA-256 max plaintext (62B) for a 1024-bit key,1024,512,260,0.00861755699997957,6.288200006565603e-05
,,,message_size=1024B exceeds RSA-OAEP/SHA-256 max plaintext (62B) for a 1024-bit key,1024,1024,260,0.00861755699997957,6.288200006565603e-05
2.5302999915766122e-05,0.00013279200004490122,128.0,,1024,16,261,0.009972382999990259,5.643400004373689e-05
2.301200004239945e-05,0.00012110899990602775,128.0,,1024,32,261,0.009972382999990259,5.643400004373689e-05
,,,message_size=64B exceeds RSA-OAEP/SHA-256 max plaintext (62B) for a 1024-bit key,1024,64,261,0.009972382999990259,5.643400004373689e-05
,,,message_size=128B exceeds RSA-OAEP/SHA-256 max plaintext (62B) for a 1024-bit key,1024,128,261,0.009972382999990259,5.643400004373689e-05
,,,message_size=256B exceeds RSA-OAEP/SHA-256 max plaintext (62B) for a 1024-bit key,1024,256,261,0.009972382999990259,5.643400004373689e-05
,,,message_size=512B exceeds RSA-OAEP/SHA-256 max plaintext (62B) for a 1024-bit key,1024,512,261,0.009972382999990259,5.643400004373689e-05
,,,message_size=1024B exceeds RSA-OAEP/SHA-256 max plaintext (62B) for a 1024-bit key,1024,1024,261,0.009972382999990259,5.643400004373689e-05
2.5265000090257672e-05,0.00013185000000248692,128.0,,1024,16,262,0.007324810999989495,5.2014999937455286e-05
2.249900001061178e-05,0.0001352130000213947,128.0,,1024,32,262,0.007324810999989495,5.2014999937455286e-05
,,,message_size=64B exceeds RSA-OAEP/SHA-256 max plaintext (62B) for a 1024-bit key,1024,64,262,0.007324810999989495,5.2014999937455286e-05
,,,message_size=128B exceeds RSA-OAEP/SHA-256 max plaintext (62B) for a 1024-bit key,1024,128,262,0.007324810999989495,5.2014999937455286e-05
,,,message_size=256B exceeds RSA-OAEP/SHA-256 max plaintext (62B) for a 1024-bit key,1024,256,262,0.007324810999989495,5.2014999937455286e-05
,,,message_size=512B exceeds RSA-OAEP/SHA-256 max plaintext (62B) for a 1024-bit key,1024,512,262,0.007324810999989495,5.2014999937455286e-05
,,,message_size=1024B exceeds RSA-OAEP/SHA-256 max plaintext (62B) for a 1024-bit key,1024,1024,262,0.007324810999989495,5.2014999937455286e-05
2.451700004257873e-05,0.0001224279999405553,128.0,,1024,16,263,0.008395095999958357,4.778000004534988e-05
2.1501999981410336e-05,0.0001277719999279725,128.0,,1024,32,263,0.008395095999958357,4.778000004534988e-05
,,,message_size=64B exceeds RSA-OAEP/SHA-256 max plaintext (62B) for a 1024-bit key,1024,64,263,0.008395095999958357,4.778000004534988e-05
,,,message_size=128B exceeds RSA-OAEP/SHA-256 max plaintext (62B) for a 1024-bit key,1024,128,263,0.008395095999958357,4.778000004534988e-05
,,,message_size=256B exceeds RSA-OAEP/SHA-256 max plaintext (62B) for a 1024-bit key,1024,256,263,0.008395095999958357,4.778000004534988e-05
,,,message_size=512B exceeds RSA-OAEP/SHA-256 max plaintext (62B) for a 1024-bit key,1024,512,263,0.008395095999958357,4.778000004534988e-05
,,,message_size=1024B exceeds RSA-OAEP/SHA-256 max plaintext (62B) for a 1024-bit key,1024,1024,263,0.008395095999958357,4.778000004534988e-05
2.769600007468398e-05,0.00013809199992920185,128.0,,1024,16,264,0.014241675999983272,6.022499997015984e-05
2.551900001890317e-05,0.00012902800006031612,128.0,,1024,32,264,0.014241675999983272,6.022499997015984e-05
,,,message_size=64B exceeds RSA-OAEP/SHA-256 max plaintext (62B) for a 1024-bit key,1024,64,264,0.014241675999983272,6.022499997015984e-05
,,,message_size=128B exceeds RSA-OAEP/SHA-256 max plaintext (62B) for a 1024-bit key,1024,128,264,0.014241675999983272,6.022499997015984e-05
,,,message_size=256B exceeds RSA-OAEP/SHA-256 max plaintext (62B) for a 1024-bit key,1024,256,264,0.014241675999983272,6.022499997015984e-05
,,,message_size=512B exceeds RSA-OAEP/SHA-256 max plaintext (62B) for a 1024-bit key,1024,512,264,0.014241675999983272,6.022499997015984e-05
,,,message_size=1024B exceeds RSA-OAEP/SHA-256 max plaintext (62B) for a 1024-bit key,1024,1024,264,0.014241675999983272,6.022499997015984e-05
2.4125999971147394e-05,0.00012195199997222517,128.0,,1024,16,265,0.014213699000038105,6.027900008120923e-05
3.550400003859977e-05,0.00012120099995627243,128.0,,1024,32,265,0.014213699000038105,6.027900008120923e-05
,,,message_size=64B exceeds RSA-OAEP/SHA-256 max plaintext (62B) for a 1024-bit key,1024,64,265,0.014213699000038105,6.027900008120923e-05
,,,message_size=128B exceeds RSA-OAEP/SHA-256 max plaintext (62B) for a 1024-bit key,1024,128,265,0.014213699000038105,6.027900008120923e-05
,,,message_size=256B exceeds RSA-OAEP/SHA-256 max plaintext (62B) for a 1024-bit key,1024,256,265,0.014213699000038105,6.027900008120923e-05
,,,message_size=512B exceeds RSA-OAEP/SHA-256 max plaintext (62B) for a 1024-bit key,1024,512,265,0.014213699000038105,6.027900008120923e-05
,,,message_size=1024B exceeds RSA-OAEP/SHA-256 max plaintext (62B) for a 1024-bit key,1024,1024,265,0.014213699000038105,6.027900008120923e-05
5.162100001143699e-05,0.0001262189999806651,128.0,,1024,16,266,0.014293865000013284,7.878799999616604e-05
2.363900000545982e-05,0.0001221769999801836,128.0,,1024,32,266,0.014293865000013284,7.878799999616604e-05
,,,message_size=64B exceeds RSA-OAEP/SHA-256 max plaintext (62B) for a 1024-bit key,1024,64,266,0.014293865000013284,7.878799999616604e-05
,,,message_size=128B exceeds RSA-OAEP/SHA-256 max plaintext (62B) for a 1024-bit key,1024,128,266,0.014293865000013284,7.878799999616604e-05
,,,message_size=256B exceeds RSA-OAEP/SHA-256 max plaintext (62B) for a 1024-bit key,1024,256,266,0.014293865000013284,7.878799999616604e-05
,,,message_size=512B exceeds RSA-OAEP/SHA-256 max plaintext (62B) for a 1024-bit key,1024,512,266,0.014293865000013284,7.878799999616604e-05
,,,message_size=1024B exceeds RSA-OAEP/SHA-256 max plaintext (62B) for a 1024-bit key,1024,1024,266,0.014293865000013284,7.878799999616604e-05
7.563000008303788e-05,0.00020459699999264558,128.0,,1024,16,267,0.016851023999947756,8.129200000439596e-05
4.334900006597309e-05,0.00022495300004266028,128.0,,1024,32,267,0.016851023999947756,8.129200000439596e-05
,,,message_size=64B exceeds RSA-OAEP/SHA-256 max plaintext (62B) for a 1024-bit key,1024,64,267,0.016851023999947756,8.129200000439596e-05
,,,message_size=128B exceeds RSA-OAEP/SHA-256 max plaintext (62B) for a 1024-bit key,1024,128,267,0.016851023999947756,8.129200000439596e-05
,,,message_size=256B exceeds RSA-OAEP/SHA-256 max plaintext (62B) for a 1024-bit key,1024,256,267,0.016851023999947756,8.129200000439596e-05
,,,message_size=512B exceeds RSA-OAEP/SHA-256 max plaintext (62B) for a 1024-bit key,1024,512,267,0.016851023999947756,8.129200000439596e-05
,,,message_size=1024B exceeds RSA-OAEP/SHA-256 max plaintext (62B) for a 1024-bit key,1024,1024,267,0.016851023999947756,8.129200000439596e-05
2.561399992373481e-05,0.00013372199998684664,128.0,,1024,16,268,0.010168672999952832,5.8853000041381165e-05
2.221599993390555e-05,0.00012056000002758083,128.0,,1024,32,268,0.010168672999952832,5.8853000041381165e-05
,,,message_size=64B exceeds RSA-OAEP/SHA-256 max plaintext (62B) for a 1024-bit key,1024,64,268,0.010168672999952832,5.8853000041381165e-05
,,,message_size=128B exceeds RSA-OAEP/SHA-256 max plaintext (62B) for a 1024-bit key,1024,128,268,0.010168672999952832,5.8853000041381165e-05
,,,message_size=256B exceeds RSA-OAEP/SHA-256 max plaintext (62B) for a 1024-bit key,1024,256,268,0.010168672999952832,5.8853000041381165e-05
,,,message_size=512B exceeds RSA-OAEP/SHA-256 max plaintext (62B) for a 1024-bit key,1024,512,268,0.010168672999952832,5.8853000041381165e-05
,,,message_size=1024B exceeds RSA-OAEP/SHA-256 max plaintext (62B) for a 1024-bit key,1024,1024,268,0.010168672999952832,5.8853000041381165e-05
2.578200007974374e-05,0.00012255199999344768,128.0,,1024,16,269,0.009761672999957227,5.373900000904541e-05
2.1353000079216145e-05,0.00012084399998002482,128.0,,1024,32,269,0.009761672999957227,5.373900000904541e-05
,,,message_size=64B exceeds RSA-OAEP/SHA-256 max plaintext (62B) for a 1024-bit key,1024,64,269,0.009761672999957227,5.373900000904541e-05
,,,message_size=128B exceeds RSA-OAEP/SHA-256 max plaintext (62B) for a 1024-bit key,1024,128,269,0.009761672999957227,5.373900000904541e-05
,,,message_size=256B exceeds RSA-OAEP/SHA-256 max plaintext (62B) for a 1024-bit key,1024,256,269,0.009761672999957227,5.373900000904541e-05
,,,message_size=512B exceeds RSA-OAEP/SHA-256 max plaintext (62B) for a 1024-bit key,1024,512,269,0.009761672999957227,5.373900000904541e-05
,,,message_size=1024B exceeds RSA-OAEP/SHA-256 max plaintext (62B) for a 1024-bit key,1024,1024,269,0.009761672999957227,5.373900000904541e-05
2.477999998973246e-05,0.00012858700006290746,128.0,,1024,16,270,0.013091751000047225,6.02720000415502e-05
2.2782999963055772e-05,0.00012137500004882895,128.0,,1024,32,270,0.013091751000047225,6.02720000415502e-05
,,,message_size=64B exceeds RSA-OAEP/SHA-256 max plaintext (62B) for a 1024-bit key,1024,64,270,0.013091751000047225,6.02720000415502e-05
,,,message_size=128B exceeds RSA-OAEP/SHA-256 max plaintext (62B) for a 1024-bit key,1024,128,270,0.013091751000047225,6.02720000415502e-05
,,,message_size=256B exceeds RSA-OAEP/SHA-256 max plaintext (62B) for a 1024-bit key,1024,256,270,0.013091751000047225,6.02720000415502e-05
,,,message_size=512B exceeds RSA-OAEP/SHA-256 max plaintext (62B) for a 1024-bit key,1024,512,270,0.013091751000047225,6.02720000415502e-05
,,,message_size=1024B exceeds RSA-OAEP/SHA-256 max plaintext (62B) for a 1024-bit key,1024,1024,270,0.013091751000047225,6.02720000415502e-05
2.5314999902548152e-05,0.00012221200006479194,128.0,,1024,16,271,0.013444244999959665,6.49490000341757e-05
2.2144000013213372e-05,0.00012072999993506528,128.0,,1024,32,271,0.013444244999959665,6.49490000341757e-05
,,,message_size=64B exceeds RSA-OAEP/SHA-256 max plaintext (62B) for a 1024-bit key,1024,64,271,0.013444244999959665,6.49490000341757e-05
,,,message_size=128B exceeds RSA-OAEP/SHA-256 max plaintext (62B) for a 1024-bit key,1024,128,271,0.013444244999959665,6.49490000341757e-05
,,,message_size=256B exceeds RSA-OAEP/SHA-256 max plaintext (62B) for a 1024-bit key,1024,256,271,0.013444244999959665,6.49490000341757e-05
,,,message_size=512B exceeds RSA-OAEP/SHA-256 max plaintext (62B) for a 1024-bit key,1024,512,271,0.013444244999959665,6.49490000341757e-05
,,,message_size=1024B exceeds RSA-OAEP/SHA-256 max plaintext (62B) for a 1024-bit key,1024,1024,271,0.013444244999959665,6.49490000341757e-05
2.53949999660108e-05,0.0001219880000462581,128.0,,1024,16,272,0.010952599000006558,5.928900009166682e-05
2.9883000024710782e-05,0.00012156399998275447,128.0,,1024,32,272,0.010952599000006558,5.928900009166682e-05
,,,message_size=64B exceeds RSA-OAEP/SHA-256 max plaintext (62B) for a 1024-bit key,1024,64,272,0.010952599000006558,5.928900009166682e-05
,,,message_size=128B exceeds RSA-OAEP/SHA-256 max plaintext (62B) for a 1024-bit key,1024,128,272,0.010952599000006558,5.928900009166682e-05
,,,message_size=256B exceeds RSA-OAEP/SHA-256 max plaintext (62B) for a 1024-bit key,1024,256,272,0.010952599000006558,5.928900009166682e-05
,,,message_size=512B exceeds RSA-OAEP/SHA-256 max plaintext (62B) for a 1024-bit key,1024,512,272,0.010952599000006558,5.928900009166682e-05
,,,message_size=1024B exceeds RSA-OAEP/SHA-256 max plaintext (62B) for a 1024-bit key,1024,1024,272,0.010952599000006558,5.928900009166682e-05
2.5494000055914512e-05,0.00012191300004360528,128.0,,1024,16,273,0.021088202999976602,5.866800006515405e-05
2.170299990211788e-05,0.00012900199999421602,128.0,,1024,32,273,0.021088202999976602,5.866800006515405e-05
,,,message_size=64B exceeds RSA-OAEP/SHA-256 max plaintext (62B) for a 1024-bit key,1024,64,273,0.021088202999976602,5.866800006515405e-05
,,,message_size=128B exceeds RSA-OAEP/SHA-256 max plaintext (62B) for a 1024-bit key,1024,128,273,0.021088202999976602,5.866800006515405e-05
,,,message_size=256B exceeds RSA-OAEP/SHA-256 max plaintext (62B) for a 1024-bit key,1024,256,273,0.021088202999976602,5.866800006515405e-05
,,,message_size=512B exceeds RSA-OAEP/SHA-256 max plaintext (62B) for a 1024-bit key,1024,512,273,0.021088202999976602,5.866800006515405e-05
,,,message_size=1024B exceeds RSA-OAEP/SHA-256 max plaintext (62B) for a 1024-bit key,1024,1024,273,0.021088202999976602,5.866800006515405e-05
2.4803000087558758e-05,0.00012199200000395649,128.0,,1024,16,274,0.01221456100006435,6.153899994387757e-05
2.1995999986756942e-05,0.00012065499993241247,128.0,,1024,32,274,0.01221456100006435,6.153899994387757e-05
,,,message_size=64B exceeds RSA-OAEP/SHA-256 max plaintext (62B) for a 1024-bit key,1024,64,274,0.01221456100006435,6.153899994387757e-05
,,,message_size=128B exceeds RSA-OAEP/SHA-256 max plaintext (62B) for a 1024-bit key,1024,128,274,0.01221456100006435,6.153899994387757e-05
,,,message_size=256B exceeds RSA-OAEP/SHA-256 max plaintext (62B) for a 1024-bit key,1024,256,274,0.01221456100006435,6.153899994387757e-05
,,,message_size=512B exceeds RSA-OAEP/SHA-256 max plaintext (62B) for a 1024-bit key,1024,512,274,0.01221456100006435,6.153899994387757e-05
,,,message_size=1024B exceeds RSA-OAEP/SHA-256 max plaintext (62B) for a 1024-bit key,1024,1024,274,0.01221456100006435,6.153899994387757e-05
3.451500003848196e-05,0.00014996800007338607,128.0,,1024,16,275,0.013482024999916575,9.837900006459677e-05
3.849300003366807e-05,0.00016886699995666277,128.0,,1024,32,275,0.013482024999916575,9.837900006459677e-05
,,,message_size=64B exceeds RSA-OAEP/SHA-256 max plaintext (62B) for a 1024-bit key,1024,64,275,0.013482024999916575,9.837900006459677e-05
,,,message_size=128B exceeds RSA-OAEP/SHA-256 max plaintext (62B) for a 1024-bit key,1024,128,275,0.013482024999916575,9.837900006459677e-05
,,,message_size=256B exceeds RSA-OAEP/SHA-256 max plaintext (62B) for a 1024-bit key,1024,256,275,0.013482024999916575,9.837900006459677e-05
,,,message_size=512B exceeds RSA-OAEP/SHA-256 max plaintext (62B) for a 1024-bit key,1024,512,275,0.013482024999916575,9.837900006459677e-05
,,,message_size=1024B exceeds RSA-OAEP/SHA-256 max plaintext (62B) for a 1024-bit key,1024,1024,275,0.013482024999916575,9.837900006459677e-05
2.512000003207504e-05,0.00012201200001982215,128.0,,1024,16,276,0.010378481000088868,5.473199996686162e-05
2.1867999976166175e-05,0.0001205239999535479,128.0,,1024,32,276,0.010378481000088868,5.473199996686162e-05
,,,message_size=64B exceeds RSA-OAEP/SHA-256 max plaintext (62B) for a 1024-bit key,1024,64,276,0.010378481000088868,5.473199996686162e-05
,,,message_size=128B exceeds RSA-OAEP/SHA-256 max plaintext (62B) for a 1024-bit key,1024,128,276,0.010378481000088868,5.473199996686162e-05
,,,message_size=256B exceeds RSA-OAEP/SHA-256 max plaintext (62B) for a 1024-bit key,1024,256,276,0.010378481000088868,5.473199996686162e-05
,,,message_size=512B exceeds RSA-OAEP/SHA-256 max plaintext (62B) for a 1024-bit key,1024,512,276,0.010378481000088868,5.473199996686162e-05
,,,message_size=1024B exceeds RSA-OAEP/SHA-256 max plaintext (62B) for a 1024-bit key,1024,1024,276,0.010378481000088868,5.473199996686162e-05
5.091200000606477e-05,0.00012557799993828667,128.0,,1024,16,277,0.013142978000018957,6.91789999791581e-05
2.2776000037083577e-05,0.0001423209999984465,128.0,,1024,32,277,0.013142978000018957,6.91789999791581e-05
,,,message_size=64B exceeds RSA-OAEP/SHA-256 max plaintext (62B) for a 1024-bit key,1024,64,277,0.013142978000018957,6.91789999791581e-05
,,,message_size=128B exceeds RSA-OAEP/SHA-256 max plaintext (62B) for a 1024-bit key,1024,128,277,0.013142978000018957,6.91789999791581e-05
,,,message_size=256B exceeds RSA-OAEP/SHA-256 max plaintext (62B) for a 1024-bit key,1024,256,277,0.013142978000018957,6.91789999791581e-05
,,,message_size=512B exceeds RSA-OAEP/SHA-256 max plaintext (62B) for a 1024-bit key,1024,512,277,0.013142978000018957,6.91789999791581e-05
,,,message_size=1024B exceeds RSA-OAEP/SHA-256 max plaintext (62B) for a 1024-bit key,1024,1024,277,0.013142978000018957,6.91789999791581e-05
2.615999994759477e-05,0.00012927000000217959,128.0,,1024,16,278,0.014750953999964622,6.266200000482058e-05
2.257999994981219e-05,0.00012110700004086539,128.0,,1024,32,278,0.014750953999964622,6.266200000482058e-05
,,,message_size=64B exceeds RSA-OAEP/SHA-256 max plaintext (62B) for a 1024-bit key,1024,64,278,0.014750953999964622,6.266200000482058e-05
,,,message_size=128B exceeds RSA-OAEP/SHA-256 max plaintext (62B) for a 1024-bit key,1024,128,278,0.014750953999964622,6.266200000482058e-05
,,,message_size=256B exceeds RSA-OAEP/SHA-256 max plaintext (62B) for a 1024-bit key,1024,256,278,0.014750953999964622,6.266200000482058e-05
,,,message_size=512B exceeds RSA-OAEP/SHA-256 max plaintext (62B) for a 1024-bit key,1024,512,278,0.014750953999964622,6.266200000482058e-05
,,,message_size=1024B exceeds RSA-OAEP/SHA-256 max plaintext (62B) for a 1024-bit key,1024,1024,278,0.014750953999964622,6.266200000482058e-05
2.5262999997721636e-05,0.00012200200001188932,128.0,,1024,16,279,0.007409574000007524,5.107399999815243e-05
2.1379000031629403e-05,0.00013108799998917675,128.0,,1024,32,279,0.007409574000007524,5.107399999815243e-05
,,,message_size=64B exceeds RSA-OAEP/SHA-256 max plaintext (62B) for a 1024-bit key,1024,64,279,0.007409574000007524,5.107399999815243e-05
,,,message_size=128B exceeds RSA-OAEP/SHA-256 max plaintext (62B) for a 1024-bit key,1024,128,279,0.007409574000007524,5.107399999815243e-05
,,,message_size=256B exceeds RSA-OAEP/SHA-256 max plaintext (62B) for a 1024-bit key,1024,256,279,0.007409574000007524,5.107399999815243e-05
,,,message_size=512B exceeds RSA-OAEP/SHA-256 max plaintext (62B) for a 1024-bit key,1024,512,279,0.007409574000007524,5.107399999815243e-05
,,,message_size=1024B exceeds RSA-OAEP/SHA-256 max plaintext (62B) for a 1024-bit key,1024,1024,279,0.007409574000007524,5.107399999815243e-05
2.468800005317462e-05,0.00013226400005805772,128.0,,1024,16,280,0.01145610100002159,6.128400002580747e-05
2.380000000812288e-05,0.00012085700006991829,128.0,,1024,32,280,0.01145610100002159,6.128400002580747e-05
,,,message_size=64B exceeds RSA-OAEP/SHA-256 max plaintext (62B) for a 1024-bit key,1024,64,280,0.01145610100002159,6.128400002580747e-05
,,,message_size=128B exceeds RSA-OAEP/SHA-256 max plaintext (62B) for a 1024-bit key,1024,128,280,0.01145610100002159,6.128400002580747e-05
,,,message_size=256B exceeds RSA-OAEP/SHA-256 max plaintext (62B) for a 1024-bit key,1024,256,280,0.01145610100002159,6.128400002580747e-05
,,,message_size=512B exceeds RSA-OAEP/SHA-256 max plaintext (62B) for a 1024-bit key,1024,512,280,0.01145610100002159,6.128400002580747e-05
,,,message_size=1024B exceeds RSA-OAEP/SHA-256 max plaintext (62B) for a 1024-bit key,1024,1024,280,0.01145610100002159,6.128400002580747e-05
2.4911999958021624e-05,0.00012214499997753592,128.0,,1024,16,281,0.00846626700001707,5.744700001741876e-05
2.2212999965631752e-05,0.00012057800006459729,128.0,,1024,32,281,0.00846626700001707,5.744700001741876e-05
,,,message_size=64B exceeds RSA-OAEP/SHA-256 max plaintext (62B) for a 1024-bit key,1024,64,281,0.00846626700001707,5.744700001741876e-05
,,,message_size=128B exceeds RSA-OAEP/SHA-256 max plaintext (62B) for a 1024-bit key,1024,128,281,0.00846626700001707,5.744700001741876e-05
,,,message_size=256B exceeds RSA-OAEP/SHA-256 max plaintext (62B) for a 1024-bit key,1024,256,281,0.00846626700001707,5.744700001741876e-05
,,,message_size=512B exceeds RSA-OAEP/SHA-256 max plaintext (62B) for a 1024-bit key,1024,512,281,0.00846626700001707,5.744700001741876e-05
,,,message_size=1024B exceeds RSA-OAEP/SHA-256 max plaintext (62B) for a 1024-bit key,1024,1024,281,0.00846626700001707,5.744700001741876e-05
2.4877999976524734e-05,0.00012202099992464355,128.0,,1024,16,282,0.010840648999987934,5.4783999985374976e-05
3.325700004097598e-05,0.00013812700001381018,128.0,,1024,32,282,0.010840648999987934,5.4783999985374976e-05
,,,message_size=64B exceeds RSA-OAEP/SHA-256 max plaintext (62B) for a 1024-bit key,1024,64,282,0.010840648999987934,5.4783999985374976e-05
,,,message_size=128B exceeds RSA-OAEP/SHA-256 max plaintext (62B) for a 1024-bit key,1024,128,282,0.010840648999987934,5.4783999985374976e-05
,,,message_size=256B exceeds RSA-OAEP/SHA-256 max plaintext (62B) for a 1024-bit key,1024,256,282,0.010840648999987934,5.4783999985374976e-05
,,,message_size=512B exceeds RSA-OAEP/SHA-256 max plaintext (62B) for a 1024-bit key,1024,512,282,0.010840648999987934,5.4783999985374976e-05
,,,message_size=1024B exceeds RSA-OAEP/SHA-256 max plaintext (62B) for a 1024-bit key,1024,1024,282,0.010840648999987934,5.4783999985374976e-05
2.4703000008230447e-05,0.0001288140000497151,128.0,,1024,16,283,0.009866304000070159,5.515899999863905e-05
2.221400006874319e-05,0.00012030299990328785,128.0,,1024,32,283,0.009866304000070159,5.515899999863905e-05
,,,message_size=64B exceeds RSA-OAEP/SHA-256 max plaintext (62B) for a 1024-bit key,1024,64,283,0.009866304000070159,5.515899999863905e-05
,,,message_size=128B exceeds RSA-OAEP/SHA-256 max plaintext (62B) for a 1024-bit key,1024,128,283,0.009866304000070159,5.515899999863905e-05
,,,message_size=256B exceeds RSA-OAEP/SHA-256 max plaintext (62B) for a 1024-bit key,1024,256,283,0.009866304000070159,5.515899999863905e-05
,,,message_size=512B exceeds RSA-OAEP/SHA-256 max plaintext (62B) for a 1024-bit key,1024,512,283,0.009866304000070159,5.515899999863905e-05
,,,message_size=1024B exceeds RSA-OAEP/SHA-256 max plaintext (62B) for a 1024-bit key,1024,1024,283,0.009866304000070159,5.515899999863905e-05
4.0491000049769355e-05,0.0001281820000258449,128.0,,1024,16,284,0.013933844999996836,6.576700002369762e-05
2.3314000031859905e-05,0.00012778400002844137,128.0,,1024,32,284,0.013933844999996836,6.576700002369762e-05
,,,message_size=64B exceeds RSA-OAEP/SHA-256 max plaintext (62B) for a 1024-bit key,1024,64,284,0.013933844999996836,6.576700002369762e-05
,,,message_size=128B exceeds RSA-OAEP/SHA-256 max plaintext (62B) for a 1024-bit key,1024,128,284,0.013933844999996836,6.576700002369762e-05
,,,message_size=256B exceeds RSA-OAEP/SHA-256 max plaintext (62B) for a 1024-bit key,1024,256,284,0.013933844999996836,6.576700002369762e-05
,,,message_size=512B exceeds RSA-OAEP/SHA-256 max plaintext (62B) for a 1024-bit key,1024,512,284,0.013933844999996836,6.576700002369762e-05
,,,message_size=1024B exceeds RSA-OAEP/SHA-256 max plaintext (62B) for a 1024-bit key,1024,1024,284,0.013933844999996836,6.576700002369762e-05
6.9487000018853e-05,0.00013177600010294555,128.0,,1024,16,285,0.011408210000013241,7.47960000353487e-05
2.6428000069245172e-05,0.00014371999998274987,128.0,,1024,32,285,0.011408210000013241,7.47960000353487e-05
,,,message_size=64B exceeds RSA-OAEP/SHA-256 max plaintext (62B) for a 1024-bit key,1024,64,285,0.011408210000013241,7.47960000353487e-05
,,,message_size=128B exceeds RSA-OAEP/SHA-256 max plaintext (62B) for a 1024-bit key,1024,128,285,0.011408210000013241,7.47960000353487e-05
,,,message_size=256B exceeds RSA-OAEP/SHA-256 max plaintext (62B) for a 1024-bit key,1024,256,285,0.011408210000013241,7.47960000353487e-05
,,,message_size=512B exceeds RSA-OAEP/SHA-256 max plaintext (62B) for a 1024-bit key,1024,512,285,0.011408210000013241,7.47960000353487e-05
,,,message_size=1024B exceeds RSA-OAEP/SHA-256 max plaintext (62B) for a 1024-bit key,1024,1024,285,0.011408210000013241,7.47960000353487e-05
2.8104999955758103e-05,0.00012239600005159446,128.0,,1024,16,286,0.007908184000029905,7.152599994242337e-05
2.258999995774502e-05,0.00012120499991397082,128.0,,1024,32,286,0.007908184000029905,7.152599994242337e-05
,,,message_size=64B exceeds RSA-OAEP/SHA-256 max plaintext (62B) for a 1024-bit key,1024,64,286,0.007908184000029905,7.152599994242337e-05
,,,message_size=128B exceeds RSA-OAEP/SHA-256 max plaintext (62B) for a 1024-bit key,1024,128,286,0.007908184000029905,7.152599994242337e-05
,,,message_size=256B exceeds RSA-OAEP/SHA-256 max plaintext (62B) for a 1024-bit key,1024,256,286,0.007908184000029905,7.152599994242337e-05
,,,message_size=512B exceeds RSA-OAEP/SHA-256 max plaintext (62B) for a 1024-bit key,1024,512,286,0.007908184000029905,7.152599994242337e-05
,,,message_size=1024B exceeds RSA-OAEP/SHA-256 max plaintext (62B) for a 1024-bit key,1024,1024,286,0.007908184000029905,7.152599994242337e-05
2.4295999992318684e-05,0.00012161100005414482,128.0,,1024,16,287,0.008240626999963752,5.215600003793952e-05
2.2014000023773406e-05,0.00013369299995247275,128.0,,1024,32,287,0.008240626999963752,5.215600003793952e-05
,,,message_size=64B exceeds RSA-OAEP/SHA-256 max plaintext (62B) for a 1024-bit key,1024,64,287,0.008240626999963752,5.215600003793952e-05
,,,message_size=128B exceeds RSA-OAEP/SHA-256 max plaintext (62B) for a 1024-bit key,1024,128,287,0.008240626999963752,5.215600003793952e-05
,,,message_size=256B exceeds RSA-OAEP/SHA-256 max plaintext (62B) for a 1024-bit key,1024,256,287,0.008240626999963752,5.215600003793952e-05
,,,message_size=512B exceeds RSA-OAEP/SHA-256 max plaintext (62B) for a 1024-bit key,1024,512,287,0.008240626999963752,5.215600003793952e-05
,,,message_size=1024B exceeds RSA-OAEP/SHA-256 max plaintext (62B) for a 1024-bit key,1024,1024,287,0.008240626999963752,5.215600003793952e-05
2.4857999960659072e-05,0.0001401829999849724,128.0,,1024,16,288,0.008398072999966644,5.387900000641821e-05
2.3885000018708524e-05,0.0001210770000170669,128.0,,1024,32,288,0.008398072999966644,5.387900000641821e-05
,,,message_size=64B exceeds RSA-OAEP/SHA-256 max plaintext (62B) for a 1024-bit key,1024,64,288,0.008398072999966644,5.387900000641821e-05
,,,message_size=128B exceeds RSA-OAEP/SHA-256 max plaintext (62B) for a 1024-bit key,1024,128,288,0.008398072999966644,5.387900000641821e-05
,,,message_size=256B exceeds RSA-OAEP/SHA-256 max plaintext (62B) for a 1024-bit key,1024,256,288,0.008398072999966644,5.387900000641821e-05
,,,message_size=512B exceeds RSA-OAEP/SHA-256 max plaintext (62B) for a 1024-bit key,1024,512,288,0.008398072999966644,5.387900000641821e-05
,,,message_size=1024B exceeds RSA-OAEP/SHA-256 max plaintext (62B) for a 1024-bit key,1024,1024,288,0.008398072999966644,5.387900000641821e-05
3.658800005723606e-05,0.00012401200001477264,128.0,,1024,16,289,0.016895466000050874,6.708199998683995e-05
2.499899994745647e-05,0.0001321840001082819,128.0,,1024,32,289,0.016895466000050874,6.708199998683995e-05
,,,message_size=64B exceeds RSA-OAEP/SHA-256 max plaintext (62B) for a 1024-bit key,1024,64,289,0.016895466000050874,6.708199998683995e-05
,,,message_size=128B exceeds RSA-OAEP/SHA-256 max plaintext (62B) for a 1024-bit key,1024,128,289,0.016895466000050874,6.708199998683995e-05
,,,message_size=256B exceeds RSA-OAEP/SHA-256 max plaintext (62B) for a 1024-bit key,1024,256,289,0.016895466000050874,6.708199998683995e-05
,,,message_size=512B exceeds RSA-OAEP/SHA-256 max plaintext (62B) for a 1024-bit key,1024,512,289,0.016895466000050874,6.708199998683995e-05
,,,message_size=1024B exceeds RSA-OAEP/SHA-256 max plaintext (62B) for a 1024-bit key,1024,1024,289,0.016895466000050874,6.708199998683995e-05
2.6185999900008028e-05,0.00012349400003586197,128.0,,1024,16,290,0.00875255300002209,6.71379999630517e-05
2.3055999918142334e-05,0.00012210700003834063,128.0,,1024,32,290,0.00875255300002209,6.71379999630517e-05
,,,message_size=64B exceeds RSA-OAEP/SHA-256 max plaintext (62B) for a 1024-bit key,1024,64,290,0.00875255300002209,6.71379999630517e-05
,,,message_size=128B exceeds RSA-OAEP/SHA-256 max plaintext (62B) for a 1024-bit key,1024,128,290,0.00875255300002209,6.71379999630517e-05
,,,message_size=256B exceeds RSA-OAEP/SHA-256 max plaintext (62B) for a 1024-bit key,1024,256,290,0.00875255300002209,6.71379999630517e-05
,,,message_size=512B exceeds RSA-OAEP/SHA-256 max plaintext (62B) for a 1024-bit key,1024,512,290,0.00875255300002209,6.71379999630517e-05
,,,message_size=1024B exceeds RSA-OAEP/SHA-256 max plaintext (62B) for a 1024-bit key,1024,1024,290,0.00875255300002209,6.71379999630517e-05
2.5220999987141113e-05,0.00012185699995370669,128.0,,1024,16,291,0.013221023999903991,6.527999994432321e-05
2.2450999949796824e-05,0.00012054599994826276,128.0,,1024,32,291,0.013221023999903991,6.527999994432321e-05
,,,message_size=64B exceeds RSA-OAEP/SHA-256 max plaintext (62B) for a 1024-bit key,1024,64,291,0.013221023999903991,6.527999994432321e-05
,,,message_size=128B exceeds RSA-OAEP/SHA-256 max plaintext (62B) for a 1024-bit key,1024,128,291,0.013221023999903991,6.527999994432321e-05
,,,message_size=256B exceeds RSA-OAEP/SHA-256 max plaintext (62B) for a 1024-bit key,1024,256,291,0.013221023999903991,6.527999994432321e-05
,,,message_size=512B exceeds RSA-OAEP/SHA-256 max plaintext (62B) for a 1024-bit key,1024,512,291,0.013221023999903991,6.527999994432321e-05
,,,message_size=1024B exceeds RSA-OAEP/SHA-256 max plaintext (62B) for a 1024-bit key,1024,1024,291,0.013221023999903991,6.527999994432321e-05
2.4987999950099038e-05,0.000124845999948775,128.0,,1024,16,292,0.02434172400000989,6.73829999868758e-05
2.2334000050250324e-05,0.0001218180000250868,128.0,,1024,32,292,0.02434172400000989,6.73829999868758e-05
,,,message_size=64B exceeds RSA-OAEP/SHA-256 max plaintext (62B) for a 1024-bit key,1024,64,292,0.02434172400000989,6.73829999868758e-05
,,,message_size=128B exceeds RSA-OAEP/SHA-256 max plaintext (62B) for a 1024-bit key,1024,128,292,0.02434172400000989,6.73829999868758e-05
,,,message_size=256B exceeds RSA-OAEP/SHA-256 max plaintext (62B) for a 1024-bit key,1024,256,292,0.02434172400000989,6.73829999868758e-05
,,,message_size=512B exceeds RSA-OAEP/SHA-256 max plaintext (62B) for a 1024-bit key,1024,512,292,0.02434172400000989,6.73829999868758e-05
,,,message_size=1024B exceeds RSA-OAEP/SHA-256 max plaintext (62B) for a 1024-bit key,1024,1024,292,0.02434172400000989,6.73829999868758e-05
2.558999995017075e-05,0.00012254299997493945,128.0,,1024,16,293,0.012830936000000293,6.426499999179214e-05
3.274999994573591e-05,0.00012125699993248418,128.0,,1024,32,293,0.012830936000000293,6.426499999179214e-05
,,,message_size=64B exceeds RSA-OAEP/SHA-256 max plaintext (62B) for a 1024-bit key,1024,64,293,0.012830936000000293,6.426499999179214e-05
,,,message_size=128B exceeds RSA-OAEP/SHA-256 max plaintext (62B) for a 1024-bit key,1024,128,293,0.012830936000000293,6.426499999179214e-05
,,,message_size=256B exceeds RSA-OAEP/SHA-256 max plaintext (62B) for a 1024-bit key,1024,256,293,0.012830936000000293,6.426499999179214e-05
,,,message_size=512B exceeds RSA-OAEP/SHA-256 max plaintext (62B) for a 1024-bit key,1024,512,293,0.012830936000000293,6.426499999179214e-05
,,,message_size=1024B exceeds RSA-OAEP/SHA-256 max plaintext (62B) for a 1024-bit key,1024,1024,293,0.012830936000000293,6.426499999179214e-05
2.9845999961253256e-05,0.00013184600004478852,128.0,,1024,16,294,0.015394560000004276,7.221099997423153e-05
2.2723000029145624e-05,0.00011976099995081313,128.0,,1024,32,294,0.015394560000004276,7.221099997423153e-05
,,,message_size=64B exceeds RSA-OAEP/SHA-256 max plaintext (62B) for a 1024-bit key,1024,64,294,0.015394560000004276,7.221099997423153e-05
,,,message_size=128B exceeds RSA-OAEP/SHA-256 max plaintext (62B) for a 1024-bit key,1024,128,294,0.015394560000004276,7.221099997423153e-05
,,,message_size=256B exceeds RSA-OAEP/SHA-256 max plaintext (62B) for a 1024-bit key,1024,256,294,0.015394560000004276,7.221099997423153e-05
,,,message_size=512B exceeds RSA-OAEP/SHA-256 max plaintext (62B) for a 1024-bit key,1024,512,294,0.015394560000004276,7.221099997423153e-05
,,,message_size=1024B exceeds RSA-OAEP/SHA-256 max plaintext (62B) for a 1024-bit key,1024,1024,294,0.015394560000004276,7.221099997423153e-05
2.621600003749336e-05,0.00012338199996975163,128.0,,1024,16,295,0.022381867000035527,6.731700000273122e-05
2.286500000536762e-05,0.00012063799999850744,128.0,,1024,32,295,0.022381867000035527,6.731700000273122e-05
,,,message_size=64B exceeds RSA-OAEP/SHA-256 max plaintext (62B) for a 1024-bit key,1024,64,295,0.022381867000035527,6.731700000273122e-05
,,,message_size=128B exceeds RSA-OAEP/SHA-256 max plaintext (62B) for a 1024-bit key,1024,128,295,0.022381867000035527,6.731700000273122e-05
,,,message_size=256B exceeds RSA-OAEP/SHA-256 max plaintext (62B) for a 1024-bit key,1024,256,295,0.022381867000035527,6.731700000273122e-05
,,,message_size=512B exceeds RSA-OAEP/SHA-256 max plaintext (62B) for a 1024-bit key,1024,512,295,0.022381867000035527,6.731700000273122e-05
,,,message_size=1024B exceeds RSA-OAEP/SHA-256 max plaintext (62B) for a 1024-bit key,1024,1024,295,0.022381867000035527,6.731700000273122e-05
2.4389000031987962e-05,0.0001359249999950407,128.0,,1024,16,296,0.008443548000059309,5.430900000646943e-05
2.3041999952511105e-05,0.00012076099994828837,128.0,,1024,32,296,0.008443548000059309,5.430900000646943e-05
,,,message_size=64B exceeds RSA-OAEP/SHA-256 max plaintext (62B) for a 1024-bit key,1024,64,296,0.008443548000059309,5.430900000646943e-05
,,,message_size=128B exceeds RSA-OAEP/SHA-256 max plaintext (62B) for a 1024-bit key,1024,128,296,0.008443548000059309,5.430900000646943e-05
,,,message_size=256B exceeds RSA-OAEP/SHA-256 max plaintext (62B) for a 1024-bit key,1024,256,296,0.008443548000059309,5.430900000646943e-05
,,,message_size=512B exceeds RSA-OAEP/SHA-256 max plaintext (62B) for a 1024-bit key,1024,512,296,0.008443548000059309,5.430900000646943e-05
,,,message_size=1024B exceeds RSA-OAEP/SHA-256 max plaintext (62B) for a 1024-bit key,1024,1024,296,0.008443548000059309,5.430900000646943e-05
2.675199993973365e-05,0.00012249400003838673,128.0,,1024,16,297,0.014521055999921373,6.380800004990306e-05
2.237599994714401e-05,0.00012049900010424608,128.0,,1024,32,297,0.014521055999921373,6.380800004990306e-05
,,,message_size=64B exceeds RSA-OAEP/SHA-256 max plaintext (62B) for a 1024-bit key,1024,64,297,0.014521055999921373,6.380800004990306e-05
,,,message_size=128B exceeds RSA-OAEP/SHA-256 max plaintext (62B) for a 1024-bit key,1024,128,297,0.014521055999921373,6.380800004990306e-05
,,,message_size=256B exceeds RSA-OAEP/SHA-256 max plaintext (62B) for a 1024-bit key,1024,256,297,0.014521055999921373,6.380800004990306e-05
,,,message_size=512B exceeds RSA-OAEP/SHA-256 max plaintext (62B) for a 1024-bit key,1024,512,297,0.014521055999921373,6.380800004990306e-05
,,,message_size=1024B exceeds RSA-OAEP/SHA-256 max plaintext (62B) for a 1024-bit key,1024,1024,297,0.014521055999921373,6.380800004990306e-05
2.5016999984472932e-05,0.00013218100002632127,128.0,,1024,16,298,0.015843897000081597,6.267100002332882e-05
2.3944999952618673e-05,0.00012190500001452165,128.0,,1024,32,298,0.015843897000081597,6.267100002332882e-05
,,,message_size=64B exceeds RSA-OAEP/SHA-256 max plaintext (62B) for a 1024-bit key,1024,64,298,0.015843897000081597,6.267100002332882e-05
,,,message_size=128B exceeds RSA-OAEP/SHA-256 max plaintext (62B) for a 1024-bit key,1024,128,298,0.015843897000081597,6.267100002332882e-05
,,,message_size=256B exceeds RSA-OAEP/SHA-256 max plaintext (62B) for a 1024-bit key,1024,256,298,0.015843897000081597,6.267100002332882e-05
,,,message_size=512B exceeds RSA-OAEP/SHA-256 max plaintext (62B) for a 1024-bit key,1024,512,298,0.015843897000081597,6.267100002332882e-05
,,,message_size=1024B exceeds RSA-OAEP/SHA-256 max plaintext (62B) for a 1024-bit key,1024,1024,298,0.015843897000081597,6.267100002332882e-05
2.63089999634758e-05,0.00012266800001725642,128.0,,1024,16,299,0.00859875399999055,6.0222000001886045e-05
2.191999999467953e-05,0.00012414900004387164,128.0,,1024,32,299,0.00859875399999055,6.0222000001886045e-05
,,,message_size=64B exceeds RSA-OAEP/SHA-256 max plaintext (62B) for a 1024-bit key,1024,64,299,0.00859875399999055,6.0222000001886045e-05
,,,message_size=128B exceeds RSA-OAEP/SHA-256 max plaintext (62B) for a 1024-bit key,1024,128,299,0.00859875399999055,6.0222000001886045e-05
,,,message_size=256B exceeds RSA-OAEP/SHA-256 max plaintext (62B) for a 1024-bit key,1024,256,299,0.00859875399999055,6.0222000001886045e-05
,,,message_size=512B exceeds RSA-OAEP/SHA-256 max plaintext (62B) for a 1024-bit key,1024,512,299,0.00859875399999055,6.0222000001886045e-05
,,,message_size=1024B exceeds RSA-OAEP/SHA-256 max plaintext (62B) for a 1024-bit key,1024,1024,299,0.00859875399999055,6.0222000001886045e-05
2.6641999966159347e-05,0.0001237480000781943,128.0,,1024,16,300,0.0124093870000479,6.692100009786373e-05
2.2587999978895823e-05,0.00012634699999125587,128.0,,1024,32,300,0.0124093870000479,6.692100009786373e-05
,,,message_size=64B exceeds RSA-OAEP/SHA-256 max plaintext (62B) for a 1024-bit key,1024,64,300,0.0124093870000479,6.692100009786373e-05
,,,message_size=128B exceeds RSA-OAEP/SHA-256 max plaintext (62B) for a 1024-bit key,1024,128,300,0.0124093870000479,6.692100009786373e-05
,,,message_size=256B exceeds RSA-OAEP/SHA-256 max plaintext (62B) for a 1024-bit key,1024,256,300,0.0124093870000479,6.692100009786373e-05
,,,message_size=512B exceeds RSA-OAEP/SHA-256 max plaintext (62B) for a 1024-bit key,1024,512,300,0.0124093870000479,6.692100009786373e-05
,,,message_size=1024B exceeds RSA-OAEP/SHA-256 max plaintext (62B) for a 1024-bit key,1024,1024,300,0.0124093870000479,6.692100009786373e-05
2.4627000016153033e-05,0.00012159599998540216,128.0,,1024,16,301,0.015370278999967013,5.992899991724698e-05
2.3277999957826978e-05,0.00012110000000120635,128.0,,1024,32,301,0.015370278999967013,5.992899991724698e-05
,,,message_size=64B exceeds RSA-OAEP/SHA-256 max plaintext (62B) for a 1024-bit key,1024,64,301,0.015370278999967013,5.992899991724698e-05
,,,message_size=128B exceeds RSA-OAEP/SHA-256 max plaintext (62B) for a 1024-bit key,1024,128,301,0.015370278999967013,5.992899991724698e-05
,,,message_size=256B exceeds RSA-OAEP/SHA-256 max plaintext (62B) for a 1024-bit key,1024,256,301,0.015370278999967013,5.992899991724698e-05
,,,message_size=512B exceeds RSA-OAEP/SHA-256 max plaintext (62B) for a 1024-bit key,1024,512,301,0.015370278999967013,5.992899991724698e-05
,,,message_size=1024B exceeds RSA-OAEP/SHA-256 max plaintext (62B) for a 1024-bit key,1024,1024,301,0.015370278999967013,5.992899991724698e-05
2.4214999939431436e-05,0.00012186699996163952,128.0,,1024,16,302,0.01301143300008789,5.7293999930152495e-05
2.2369000021171814e-05,0.00012107099996683246,128.0,,1024,32,302,0.01301143300008789,5.7293999930152495e-05
,,,message_size=64B exceeds RSA-OAEP/SHA-256 max plaintext (62B) for a 1024-bit key,1024,64,302,0.01301143300008789,5.7293999930152495e-05
,,,message_size=128B exceeds RSA-OAEP/SHA-256 max plaintext (62B) for a 1024-bit key,1024,128,302,0.01301143300008789,5.7293999930152495e-05
,,,message_size=256B exceeds RSA-OAEP/SHA-256 max plaintext (62B) for a 1024-bit key,1024,256,302,0.01301143300008789,5.7293999930152495e-05
,,,message_size=512B exceeds RSA-OAEP/SHA-256 max plaintext (62B) for a 1024-bit key,1024,512,302,0.01301143300008789,5.7293999930152495e-05
,,,message_size=1024B exceeds RSA-OAEP/SHA-256 max plaintext (62B) for a 1024-bit key,1024,1024,302,0.01301143300008789,5.7293999930152495e-05
2.4556000084885454e-05,0.00012184199999865086,128.0,,1024,16,303,0.016357559999960358,6.244600001537037e-05
2.21800000872463e-05,0.00012056499997470382,128.0,,1024,32,303,0.016357559999960358,6.244600001537037e-05
,,,message_size=64B exceeds RSA-OAEP/SHA-256 max plaintext (62B) for a 1024-bit key,1024,64,303,0.016357559999960358,6.244600001537037e-05
,,,message_size=128B exceeds RSA-OAEP/SHA-256 max plaintext (62B) for a 1024-bit key,1024,128,303,0.016357559999960358,6.244600001537037e-05
,,,message_size=256B exceeds RSA-OAEP/SHA-256 max plaintext (62B) for a 1024-bit key,1024,256,303,0.016357559999960358,6.244600001537037e-05
,,,message_size=512B exceeds RSA-OAEP/SHA-256 max plaintext (62B) for a 1024-bit key,1024,512,303,0.016357559999960358,6.244600001537037e-05
,,,message_size=1024B exceeds RSA-OAEP/SHA-256 max plaintext (62B) for a 1024-bit key,1024,1024,303,0.016357559999960358,6.244600001537037e-05
6.817599989972223e-05,0.0002087550000169358,128.0,,1024,16,304,0.01270448499997201,6.307099999958155e-05
4.6407000013459765e-05,0.00018745500005934446,128.0,,1024,32,304,0.01270448499997201,6.307099999958155e-05
,,,message_size=64B exceeds RSA-OAEP/SHA-256 max plaintext (62B) for a 1024-bit key,1024,64,304,0.01270448499997201,6.307099999958155e-05
,,,message_size=128B exceeds RSA-OAEP/SHA-256 max plaintext (62B) for a 1024-bit key,1024,128,304,0.01270448499997201,6.307099999958155e-05
,,,message_size=256B exceeds RSA-OAEP/SHA-256 max plaintext (62B) for a 1024-bit key,1024,256,304,0.01270448499997201,6.307099999958155e-05
,,,message_size=512B exceeds RSA-OAEP/SHA-256 max plaintext (62B) for a 1024-bit key,1024,512,304,0.01270448499997201,6.307099999958155e-05
,,,message_size=1024B exceeds RSA-OAEP/SHA-256 max plaintext (62B) for a 1024-bit key,1024,1024,304,0.01270448499997201,6.307099999958155e-05
4.5005000060882594e-05,0.00017838000007941446,128.0,,1024,16,305,0.014673044999995,7.331000006161048e-05
3.787599996485369e-05,0.00012441299998044997,128.0,,1024,32,305,0.014673044999995,7.331000006161048e-05
,,,message_size=64B exceeds RSA-OAEP/SHA-256 max plaintext (62B) for a 1024-bit key,1024,64,305,0.014673044999995,7.331000006161048e-05
,,,message_size=128B exceeds RSA-OAEP/SHA-256 max plaintext (62B) for a 1024-bit key,1024,128,305,0.014673044999995,7.331000006161048e-05
,,,message_size=256B exceeds RSA-OAEP/SHA-256 max plaintext (62B) for a 1024-bit key,1024,256,305,0.014673044999995,7.331000006161048e-05
,,,message_size=512B exceeds RSA-OAEP/SHA-256 max plaintext (62B) for a 1024-bit key,1024,512,305,0.014673044999995,7.331000006161048e-05
,,,message_size=1024B exceeds RSA-OAEP/SHA-256 max plaintext (62B) for a 1024-bit key,1024,1024,305,0.014673044999995,7.331000006161048e-05
2.5473999926362012e-05,0.0001288780000550105,128.0,,1024,16,306,0.013367123000080028,6.110100002842955e-05
2.337500006888149e-05,0.00012144300001182273,128.0,,1024,32,306,0.013367123000080028,6.110100002842955e-05
,,,message_size=64B exceeds RSA-OAEP/SHA-256 max plaintext (62B) for a 1024-bit key,1024,64,306,0.013367123000080028,6.110100002842955e-05
,,,message_size=128B exceeds RSA-OAEP/SHA-256 max plaintext (62B) for a 1024-bit key,1024,128,306,0.013367123000080028,6.110100002842955e-05
,,,message_size=256B exceeds RSA-OAEP/SHA-256 max plaintext (62B) for a 1024-bit key,1024,256,306,0.013367123000080028,6.110100002842955e-05
,,,message_size=512B exceeds RSA-OAEP/SHA-256 max plaintext (62B) for a 1024-bit key,1024,512,306,0.013367123000080028,6.110100002842955e-05
,,,message_size=1024B exceeds RSA-OAEP/SHA-256 max plaintext (62B) for a 1024-bit key,1024,1024,306,0.013367123000080028,6.110100002842955e-05
3.819200003363221e-05,0.00015767100001085055,128.0,,1024,16,307,0.00815737799996441,5.987099996218603e-05
3.514100001211773e-05,0.00015439100002367923,128.0,,1024,32,307,0.00815737799996441,5.987099996218603e-05
,,,message_size=64B exceeds RSA-OAEP/SHA-256 max plaintext (62B) for a 1024-bit key,1024,64,307,0.00815737799996441,5.987099996218603e-05
,,,message_size=128B exceeds RSA-OAEP/SHA-256 max plaintext (62B) for a 1024-bit key,1024,128,307,0.00815737799996441,5.987099996218603e-05
,,,message_size=256B exceeds RSA-OAEP/SHA-256 max plaintext (62B) for a 1024-bit key,1024,256,307,0.00815737799996441,5.987099996218603e-05
,,,message_size=512B exceeds RSA-OAEP/SHA-256 max plaintext (62B) for a 1024-bit key,1024,512,307,0.00815737799996441,5.987099996218603e-05
,,,message_size=1024B exceeds RSA-OAEP/SHA-256 max plaintext (62B) for a 1024-bit key,1024,1024,307,0.00815737799996441,5.987099996218603e-05
6.933099996331293e-05,0.00023138899996411055,128.0,,1024,16,308,0.020284666000065954,9.683199994015013e-05
5.6094000001394306e-05,0.00020297200001095916,128.0,,1024,32,308,0.020284666000065954,9.683199994015013e-05
,,,message_size=64B exceeds RSA-OAEP/SHA-256 max plaintext (62B) for a 1024-bit key,1024,64,308,0.020284666000065954,9.683199994015013e-05
,,,message_size=128B exceeds RSA-OAEP/SHA-256 max plaintext (62B) for a 1024-bit key,1024,128,308,0.020284666000065954,9.683199994015013e-05
,,,message_size=256B exceeds RSA-OAEP/SHA-256 max plaintext (62B) for a 1024-bit key,1024,256,308,0.020284666000065954,9.683199994015013e-05
,,,message_size=512B exceeds RSA-OAEP/SHA-256 max plaintext (62B) for a 1024-bit key,1024,512,308,0.020284666000065954,9.683199994015013e-05
,,,message_size=1024B exceeds RSA-OAEP/SHA-256 max plaintext (62B) for a 1024-bit key,1024,1024,308,0.020284666000065954,9.683199994015013e-05
8.597999999437889e-05,0.00019445700002052035,128.0,,1024,16,309,0.013590185999987625,8.108600002287858e-05
5.125999996380415e-05,0.00016894800000955001,128.0,,1024,32,309,0.013590185999987625,8.108600002287858e-05
,,,message_size=64B exceeds RSA-OAEP/SHA-256 max plaintext (62B) for a 1024-bit key,1024,64,309,0.013590185999987625,8.108600002287858e-05
,,,message_size=128B exceeds RSA-OAEP/SHA-256 max plaintext (62B) for a 1024-bit key,1024,128,309,0.013590185999987625,8.108600002287858e-05
,,,message_size=256B exceeds RSA-OAEP/SHA-256 max plaintext (62B) for a 1024-bit key,1024,256,309,0.013590185999987625,8.108600002287858e-05
,,,message_size=512B exceeds RSA-OAEP/SHA-256 max plaintext (62B) for a 1024-bit key,1024,512,309,0.013590185999987625,8.108600002287858e-05
,,,message_size=1024B exceeds RSA-OAEP/SHA-256 max plaintext (62B) for a 1024-bit key,1024,1024,309,0.013590185999987625,8.108600002287858e-05
6.821699992087815e-05,0.0001926119999779985,128.0,,1024,16,310,0.01913535700009561,7.912099999884958e-05
4.485099998419173e-05,0.00021441399997002009,128.0,,1024,32,310,0.01913535700009561,7.912099999884958e-05
,,,message_size=64B exceeds RSA-OAEP/SHA-256 max plaintext (62B) for a 1024-bit key,1024,64,310,0.01913535700009561,7.912099999884958e-05
,,,message_size=128B exceeds RSA-OAEP/SHA-256 max plaintext (62B) for a 1024-bit key,1024,128,310,0.01913535700009561,7.912099999884958e-05
,,,message_size=256B exceeds RSA-OAEP/SHA-256 max plaintext (62B) for a 1024-bit key,1024,256,310,0.01913535700009561,7.912099999884958e-05
,,,message_size=512B exceeds RSA-OAEP/SHA-256 max plaintext (62B) for a 1024-bit key,1024,512,310,0.01913535700009561,7.912099999884958e-05
,,,message_size=1024B exceeds RSA-OAEP/SHA-256 max plaintext (62B) for a 1024-bit key,1024,1024,310,0.01913535700009561,7.912099999884958e-05
9.42229999054689e-05,0.00019763000000239117,128.0,,1024,16,311,0.020134389000077135,7.572799995614332e-05
4.1446000068390276e-05,0.0002209259999972346,128.0,,1024,32,311,0.020134389000077135,7.572799995614332e-05
,,,message_size=64B exceeds RSA-OAEP/SHA-256 max plaintext (62B) for a 1024-bit key,1024,64,311,0.020134389000077135,7.572799995614332e-05
,,,message_size=128B exceeds RSA-OAEP/SHA-256 max plaintext (62B) for a 1024-bit key,1024,128,311,0.020134389000077135,7.572799995614332e-05
,,,message_size=256B exceeds RSA-OAEP/SHA-256 max plaintext (62B) for a 1024-bit key,1024,256,311,0.020134389000077135,7.572799995614332e-05
,,,message_size=512B exceeds RSA-OAEP/SHA-256 max plaintext (62B) for a 1024-bit key,1024,512,311,0.020134389000077135,7.572799995614332e-05
,,,message_size=1024B exceeds RSA-OAEP/SHA-256 max plaintext (62B) for a 1024-bit key,1024,1024,311,0.020134389000077135,7.572799995614332e-05
6.302799999957642e-05,0.00021540600005209853,128.0,,1024,16,312,0.028114053000081185,0.00010698799997044262
5.081099993731186e-05,0.00020250800002941105,128.0,,1024,32,312,0.028114053000081185,0.00010698799997044262
,,,message_size=64B exceeds RSA-OAEP/SHA-256 max plaintext (62B) for a 1024-bit key,1024,64,312,0.028114053000081185,0.00010698799997044262
,,,message_size=128B exceeds RSA-OAEP/SHA-256 max plaintext (62B) for a 1024-bit key,1024,128,312,0.028114053000081185,0.00010698799997044262
,,,message_size=256B exceeds RSA-OAEP/SHA-256 max plaintext (62B) for a 1024-bit key,1024,256,312,0.028114053000081185,0.00010698799997044262
,,,message_size=512B exceeds RSA-OAEP/SHA-256 max plaintext (62B) for a 1024-bit key,1024,512,312,0.028114053000081185,0.00010698799997044262
,,,message_size=1024B exceeds RSA-OAEP/SHA-256 max plaintext (62B) for a 1024-bit key,1024,1024,312,0.028114053000081185,0.00010698799997044262
7.425100000091334e-05,0.00020589500002188288,128.0,,1024,16,313,0.016926133999959347,8.332599998084333e-05
3.9055999991433055e-05,0.0001959850000048391,128.0,,1024,32,313,0.016926133999959347,8.332599998084333e-05
,,,message_size=64B exceeds RSA-OAEP/SHA-256 max plaintext (62B) for a 1024-bit key,1024,64,313,0.016926133999959347,8.332599998084333e-05
,,,message_size=128B exceeds RSA-OAEP/SHA-256 max plaintext (62B) for a 1024-bit key,1024,128,313,0.016926133999959347,8.332599998084333e-05
,,,message_size=256B exceeds RSA-OAEP/SHA-256 max plaintext (62B) for a 1024-bit key,1024,256,313,0.016926133999959347,8.332599998084333e-05
,,,message_size=512B exceeds RSA-OAEP/SHA-256 max plaintext (62B) for a 1024-bit key,1024,512,313,0.016926133999959347,8.332599998084333e-05
,,,message_size=1024B exceeds RSA-OAEP/SHA-256 max plaintext (62B) for a 1024-bit key,1024,1024,313,0.016926133999959347,8.332599998084333e-05
7.628700006989675e-05,0.00019908500007659313,128.0,,1024,16,314,0.02279230599992843,7.848600000670558e-05
4.5368999963102397e-05,0.0001925029999938488,128.0,,1024,32,314,0.02279230599992843,7.848600000670558e-05
,,,message_size=64B exceeds RSA-OAEP/SHA-256 max plaintext (62B) for a 1024-bit key,1024,64,314,0.02279230599992843,7.848600000670558e-05
,,,message_size=128B exceeds RSA-OAEP/SHA-256 max plaintext (62B) for a 1024-bit key,1024,128,314,0.02279230599992843,7.848600000670558e-05
,,,message_size=256B exceeds RSA-OAEP/SHA-256 max plaintext (62B) for a 1024-bit key,1024,256,314,0.02279230599992843,7.848600000670558e-05
,,,message_size=512B exceeds RSA-OAEP/SHA-256 max plaintext (62B) for a 1024-bit key,1024,512,314,0.02279230599992843,7.848600000670558e-05
,,,message_size=1024B exceeds RSA-OAEP/SHA-256 max plaintext (62B) for a 1024-bit key,1024,1024,314,0.02279230599992843,7.848600000670558e-05
7.186400000591675e-05,0.00026686200010317407,128.0,,1024,16,315,0.013637660999961554,7.54320000169173e-05
5.5343999974866165e-05,0.00020832499990319775,128.0,,1024,32,315,0.013637660999961554,7.54320000169173e-05
,,,message_size=64B exceeds RSA-OAEP/SHA-256 max plaintext (62B) for a 1024-bit key,1024,64,315,0.013637660999961554,7.54320000169173e-05
,,,message_size=128B exceeds RSA-OAEP/SHA-256 max plaintext (62B) for a 1024-bit key,1024,128,315,0.013637660999961554,7.54320000169173e-05
,,,message_size=256B exceeds RSA-OAEP/SHA-256 max plaintext (62B) for a 1024-bit key,1024,256,315,0.013637660999961554,7.54320000169173e-05
,,,message_size=512B exceeds RSA-OAEP/SHA-256 max plaintext (62B) for a 1024-bit key,1024,512,315,0.013637660999961554,7.54320000169173e-05
,,,message_size=1024B exceeds RSA-OAEP/SHA-256 max plaintext (62B) for a 1024-bit key,1024,1024,315,0.013637660999961554,7.54320000169173e-05
4.633799994735455e-05,0.00023947600004703418,128.0,,1024,16,316,0.025580372000035823,7.773000004362984e-05
3.978799998094473e-05,0.00022653100006664317,128.0,,1024,32,316,0.025580372000035823,7.773000004362984e-05
,,,message_size=64B exceeds RSA-OAEP/SHA-256 max plaintext (62B) for a 1024-bit key,1024,64,316,0.025580372000035823,7.773000004362984e-05
,,,message_size=128B exceeds RSA-OAEP/SHA-256 max plaintext (62B) for a 1024-bit key,1024,128,316,0.025580372000035823,7.773000004362984e-05
,,,message_size=256B exceeds RSA-OAEP/SHA-256 max plaintext (62B) for a 1024-bit key,1024,256,316,0.025580372000035823,7.773000004362984e-05
,,,message_size=512B exceeds RSA-OAEP/SHA-256 max plaintext (62B) for a 1024-bit key,1024,512,316,0.025580372000035823,7.773000004362984e-05
,,,message_size=1024B exceeds RSA-OAEP/SHA-256 max plaintext (62B) for a 1024-bit key,1024,1024,316,0.025580372000035823,7.773000004362984e-05
5.570900009388424e-05,0.00019110400000954542,128.0,,1024,16,317,0.013605940999923405,8.067800001754222e-05
4.193400002350245e-05,0.00018125700000837242,128.0,,1024,32,317,0.013605940999923405,8.067800001754222e-05
,,,message_size=64B exceeds RSA-OAEP/SHA-256 max plaintext (62B) for a 1024-bit key,1024,64,317,0.013605940999923405,8.067800001754222e-05
,,,message_size=128B exceeds RSA-OAEP/SHA-256 max plaintext (62B) for a 1024-bit key,1024,128,317,0.013605940999923405,8.067800001754222e-05
,,,message_size=256B exceeds RSA-OAEP/SHA-256 max plaintext (62B) for a 1024-bit key,1024,256,317,0.013605940999923405,8.067800001754222e-05
,,,message_size=512B exceeds RSA-OAEP/SHA-256 max plaintext (62B) for a 1024-bit key,1024,512,317,0.013605940999923405,8.067800001754222e-05
,,,message_size=1024B exceeds RSA-OAEP/SHA-256 max plaintext (62B) for a 1024-bit key,1024,1024,317,0.013605940999923405,8.067800001754222e-05
3.17500000619475e-05,0.0001229589998956726,128.0,,1024,16,318,0.0180031740000004,6.707700003971695e-05
3.152799990857602e-05,0.00017945999991297867,128.0,,1024,32,318,0.0180031740000004,6.707700003971695e-05
,,,message_size=64B exceeds RSA-OAEP/SHA-256 max plaintext (62B) for a 1024-bit key,1024,64,318,0.0180031740000004,6.707700003971695e-05
,,,message_size=128B exceeds RSA-OAEP/SHA-256 max plaintext (62B) for a 1024-bit key,1024,128,318,0.0180031740000004,6.707700003971695e-05
,,,message_size=256B exceeds RSA-OAEP/SHA-256 max plaintext (62B) for a 1024-bit key,1024,256,318,0.0180031740000004,6.707700003971695e-05
,,,message_size=512B exceeds RSA-OAEP/SHA-256 max plaintext (62B) for a 1024-bit key,1024,512,318,0.0180031740000004,6.707700003971695e-05
,,,message_size=1024B exceeds RSA-OAEP/SHA-256 max plaintext (62B) for a 1024-bit key,1024,1024,318,0.0180031740000004,6.707700003971695e-05
7.500099991375464e-05,0.00017857199998161377,128.0,,1024,16,319,0.011642677999930129,0.00010181099992223608
5.223400000886613e-05,0.00021638500004428352,128.0,,1024,32,319,0.011642677999930129,0.00010181099992223608
,,,message_size=64B exceeds RSA-OAEP/SHA-256 max plaintext (62B) for a 1024-bit key,1024,64,319,0.011642677999930129,0.00010181099992223608
,,,message_size=128B exceeds RSA-OAEP/SHA-256 max plaintext (62B) for a 1024-bit key,1024,128,319,0.011642677999930129,0.00010181099992223608
,,,message_size=256B exceeds RSA-OAEP/SHA-256 max plaintext (62B) for a 1024-bit key,1024,256,319,0.011642677999930129,0.00010181099992223608
,,,message_size=512B exceeds RSA-OAEP/SHA-256 max plaintext (62B) for a 1024-bit key,1024,512,319,0.011642677999930129,0.00010181099992223608
,,,message_size=1024B exceeds RSA-OAEP/SHA-256 max plaintext (62B) for a 1024-bit key,1024,1024,319,0.011642677999930129,0.00010181099992223608
5.675299996710237e-05,0.00022351100005835178,128.0,,1024,16,320,0.026087509000035425,8.72140000183208e-05
3.895500003636698e-05,0.00021469099999649188,128.0,,1024,32,320,0.026087509000035425,8.72140000183208e-05
,,,message_size=64B exceeds RSA-OAEP/SHA-256 max plaintext (62B) for a 1024-bit key,1024,64,320,0.026087509000035425,8.72140000183208e-05
,,,message_size=128B exceeds RSA-OAEP/SHA-256 max plaintext (62B) for a 1024-bit key,1024,128,320,0.026087509000035425,8.72140000183208e-05
,,,message_size=256B exceeds RSA-OAEP/SHA-256 max plaintext (62B) for a 1024-bit key,1024,256,320,0.026087509000035425,8.72140000183208e-05
,,,message_size=512B exceeds RSA-OAEP/SHA-256 max plaintext (62B) for a 1024-bit key,1024,512,320,0.026087509000035425,8.72140000183208e-05
,,,message_size=1024B exceeds RSA-OAEP/SHA-256 max plaintext (62B) for a 1024-bit key,1024,1024,320,0.026087509000035425,8.72140000183208e-05
4.287900003419054e-05,0.00021528399997805536,128.0,,1024,16,321,0.023523662000002332,8.687399997597822e-05
3.6651999948844605e-05,0.00024948999998741783,128.0,,1024,32,321,0.023523662000002332,8.687399997597822e-05
,,,message_size=64B exceeds RSA-OAEP/SHA-256 max plaintext (62B) for a 1024-bit key,1024,64,321,0.023523662000002332,8.687399997597822e-05
,,,message_size=128B exceeds RSA-OAEP/SHA-256 max plaintext (62B) for a 1024-bit key,1024,128,321,0.023523662000002332,8.687399997597822e-05
,,,message_size=256B exceeds RSA-OAEP/SHA-256 max plaintext (62B) for a 1024-bit key,1024,256,321,0.023523662000002332,8.687399997597822e-05
,,,message_size=512B exceeds RSA-OAEP/SHA-256 max plaintext (62B) for a 1024-bit key,1024,512,321,0.023523662000002332,8.687399997597822e-05
,,,message_size=1024B exceeds RSA-OAEP/SHA-256 max plaintext (62B) for a 1024-bit key,1024,1024,321,0.023523662000002332,8.687399997597822e-05
7.528699995873467e-05,0.00021484900003088114,128.0,,1024,16,322,0.010811568000008265,8.032700009152904e-05
4.397700001845806e-05,0.00023408399999880203,128.0,,1024,32,322,0.010811568000008265,8.032700009152904e-05
,,,message_size=64B exceeds RSA-OAEP/SHA-256 max plaintext (62B) for a 1024-bit key,1024,64,322,0.010811568000008265,8.032700009152904e-05
,,,message_size=128B exceeds RSA-OAEP/SHA-256 max plaintext (62B) for a 1024-bit key,1024,128,322,0.010811568000008265,8.032700009152904e-05
,,,message_size=256B exceeds RSA-OAEP/SHA-256 max plaintext (62B) for a 1024-bit key,1024,256,322,0.010811568000008265,8.032700009152904e-05
,,,message_size=512B exceeds RSA-OAEP/SHA-256 max plaintext (62B) for a 1024-bit key,1024,512,322,0.010811568000008265,8.032700009152904e-05
,,,message_size=1024B exceeds RSA-OAEP/SHA-256 max plaintext (62B) for a 1024-bit key,1024,1024,322,0.010811568000008265,8.032700009152904e-05
5.403800003023207e-05,0.00023081899996668653,128.0,,1024,16,323,0.02003649299990684,0.00010141199993540795
3.920900007869932e-05,0.00021932200002083846,128.0,,1024,32,323,0.02003649299990684,0.00010141199993540795
,,,message_size=64B exceeds RSA-OAEP/SHA-256 max plaintext (62B) for a 1024-bit key,1024,64,323,0.02003649299990684,0.00010141199993540795
,,,message_size=128B exceeds RSA-OAEP/SHA-256 max plaintext (62B) for a 1024-bit key,1024,128,323,0.02003649299990684,0.00010141199993540795
,,,message_size=256B exceeds RSA-OAEP/SHA-256 max plaintext (62B) for a 1024-bit key,1024,256,323,0.02003649299990684,0.00010141199993540795
,,,message_size=512B exceeds RSA-OAEP/SHA-256 max plaintext (62B) for a 1024-bit key,1024,512,323,0.02003649299990684,0.00010141199993540795
,,,message_size=1024B exceeds RSA-OAEP/SHA-256 max plaintext (62B) for a 1024-bit key,1024,1024,323,0.02003649299990684,0.00010141199993540795
4.299799991258624e-05,0.00023415600003318104,128.0,,1024,16,324,0.02874030300006325,8.144700007051142e-05
4.1926999983843416e-05,0.0002173069999571453,128.0,,1024,32,324,0.02874030300006325,8.144700007051142e-05
,,,message_size=64B exceeds RSA-OAEP/SHA-256 max plaintext (62B) for a 1024-bit key,1024,64,324,0.02874030300006325,8.144700007051142e-05
,,,message_size=128B exceeds RSA-OAEP/SHA-256 max plaintext (62B) for a 1024-bit key,1024,128,324,0.02874030300006325,8.144700007051142e-05
,,,message_size=256B exceeds RSA-OAEP/SHA-256 max plaintext (62B) for a 1024-bit key,1024,256,324,0.02874030300006325,8.144700007051142e-05
,,,message_size=512B exceeds RSA-OAEP/SHA-256 max plaintext (62B) for a 1024-bit key,1024,512,324,0.02874030300006325,8.144700007051142e-05
,,,message_size=1024B exceeds RSA-OAEP/SHA-256 max plaintext (62B) for a 1024-bit key,1024,1024,324,0.02874030300006325,8.144700007051142e-05
5.0979999969058554e-05,0.0002409620000207724,128.0,,1024,16,325,0.03250122899999042,8.60609999335793e-05
4.415300008986378e-05,0.0002072489999136451,128.0,,1024,32,325,0.03250122899999042,8.60609999335793e-05
,,,message_size=64B exceeds RSA-OAEP/SHA-256 max plaintext (62B) for a 1024-bit key,1024,64,325,0.03250122899999042,8.60609999335793e-05
,,,message_size=128B exceeds RSA-OAEP/SHA-256 max plaintext (62B) for a 1024-bit key,1024,128,325,0.03250122899999042,8.60609999335793e-05
,,,message_size=256B exceeds RSA-OAEP/SHA-256 max plaintext (62B) for a 1024-bit key,1024,256,325,0.03250122899999042,8.60609999335793e-05
,,,message_size=512B exceeds RSA-OAEP/SHA-256 max plaintext (62B) for a 1024-bit key,1024,512,325,0.03250122899999042,8.60609999335793e-05
,,,message_size=1024B exceeds RSA-OAEP/SHA-256 max plaintext (62B) for a 1024-bit key,1024,1024,325,0.03250122899999042,8.60609999335793e-05
4.564599998957419e-05,0.00019905900001049304,128.0,,1024,16,326,0.014567563000014161,7.991500001480745e-05
3.682799990656349e-05,0.00022103900005276955,128.0,,1024,32,326,0.014567563000014161,7.991500001480745e-05
,,,message_size=64B exceeds RSA-OAEP/SHA-256 max plaintext (62B) for a 1024-bit key,1024,64,326,0.014567563000014161,7.991500001480745e-05
,,,message_size=128B exceeds RSA-OAEP/SHA-256 max plaintext (62B) for a 1024-bit key,1024,128,326,0.014567563000014161,7.991500001480745e-05
,,,message_size=256B exceeds RSA-OAEP/SHA-256 max plaintext (62B) for a 1024-bit key,1024,256,326,0.014567563000014161,7.991500001480745e-05
,,,message_size=512B exceeds RSA-OAEP/SHA-256 max plaintext (62B) for a 1024-bit key,1024,512,326,0.014567563000014161,7.991500001480745e-05
,,,message_size=1024B exceeds RSA-OAEP/SHA-256 max plaintext (62B) for a 1024-bit key,1024,1024,326,0.014567563000014161,7.991500001480745e-05
4.134099992825213e-05,0.0002424430000473876,128.0,,1024,16,327,0.049034786999982316,9.11209999685525e-05
3.919599998880585e-05,0.00021574699997017888,128.0,,1024,32,327,0.049034786999982316,9.11209999685525e-05
,,,message_size=64B exceeds RSA-OAEP/SHA-256 max plaintext (62B) for a 1024-bit key,1024,64,327,0.049034786999982316,9.11209999685525e-05
,,,message_size=128B exceeds RSA-OAEP/SHA-256 max plaintext (62B) for a 1024-bit key,1024,128,327,0.049034786999982316,9.11209999685525e-05
,,,message_size=256B exceeds RSA-OAEP/SHA-256 max plaintext (62B) for a 1024-bit key,1024,256,327,0.049034786999982316,9.11209999685525e-05
,,,message_size=512B exceeds RSA-OAEP/SHA-256 max plaintext (62B) for a 1024-bit key,1024,512,327,0.049034786999982316,9.11209999685525e-05
,,,message_size=1024B exceeds RSA-OAEP/SHA-256 max plaintext (62B) for a 1024-bit key,1024,1024,327,0.049034786999982316,9.11209999685525e-05
4.175900005520816e-05,0.0002272140000059153,128.0,,1024,16,328,0.015740403999984665,7.918799997241877e-05
4.4139999999970314e-05,0.0002131109999936598,128.0,,1024,32,328,0.015740403999984665,7.918799997241877e-05
,,,message_size=64B exceeds RSA-OAEP/SHA-256 max plaintext (62B) for a 1024-bit key,1024,64,328,0.015740403999984665,7.918799997241877e-05
,,,message_size=128B exceeds RSA-OAEP/SHA-256 max plaintext (62B) for a 1024-bit key,1024,128,328,0.015740403999984665,7.918799997241877e-05
,,,message_size=256B exceeds RSA-OAEP/SHA-256 max plaintext (62B) for a 1024-bit key,1024,256,328,0.015740403999984665,7.918799997241877e-05
,,,message_size=512B exceeds RSA-OAEP/SHA-256 max plaintext (62B) for a 1024-bit key,1024,512,328,0.015740403999984665,7.918799997241877e-05
,,,message_size=1024B exceeds RSA-OAEP/SHA-256 max plaintext (62B) for a 1024-bit key,1024,1024,328,0.015740403999984665,7.918799997241877e-05
4.3524000034267374e-05,0.00022461700007170293,128.0,,1024,16,329,0.02427038000007542,8.761300000514893e-05
3.786100000979786e-05,0.00021565899999131943,128.0,,1024,32,329,0.02427038000007542,8.761300000514893e-05
,,,message_size=64B exceeds RSA-OAEP/SHA-256 max plaintext (62B) for a 1024-bit key,1024,64,329,0.02427038000007542,8.761300000514893e-05
,,,message_size=128B exceeds RSA-OAEP/SHA-256 max plaintext (62B) for a 1024-bit key,1024,128,329,0.02427038000007542,8.761300000514893e-05
,,,message_size=256B exceeds RSA-OAEP/SHA-256 max plaintext (62B) for a 1024-bit key,1024,256,329,0.02427038000007542,8.761300000514893e-05
,,,message_size=512B exceeds RSA-OAEP/SHA-256 max plaintext (62B) for a 1024-bit key,1024,512,329,0.02427038000007542,8.761300000514893e-05
,,,message_size=1024B exceeds RSA-OAEP/SHA-256 max plaintext (62B) for a 1024-bit key,1024,1024,329,0.02427038000007542,8.761300000514893e-05
4.492000005029695e-05,0.00021953600003143947,128.0,,1024,16,330,0.013528947000054359,7.317799997963448e-05
3.791300002831122e-05,0.00023502399994868028,128.0,,1024,32,330,0.013528947000054359,7.317799997963448e-05
,,,message_size=64B exceeds RSA-OAEP/SHA-256 max plaintext (62B) for a 1024-bit key,1024,64,330,0.013528947000054359,7.317799997963448e-05
,,,message_size=128B exceeds RSA-OAEP/SHA-256 max plaintext (62B) for a 1024-bit key,1024,128,330,0.013528947000054359,7.317799997963448e-05
,,,message_size=256B exceeds RSA-OAEP/SHA-256 max plaintext (62B) for a 1024-bit key,1024,256,330,0.013528947000054359,7.317799997963448e-05
,,,message_size=512B exceeds RSA-OAEP/SHA-256 max plaintext (62B) for a 1024-bit key,1024,512,330,0.013528947000054359,7.317799997963448e-05
,,,message_size=1024B exceeds RSA-OAEP/SHA-256 max plaintext (62B) for a 1024-bit key,1024,1024,330,0.013528947000054359,7.317799997963448e-05
4.32909999972253e-05,0.00021401099991180672,128.0,,1024,16,331,0.019418646000076478,8.051600002545456e-05
3.8497999980791064e-05,0.0002131050000571122,128.0,,1024,32,331,0.019418646000076478,8.051600002545456e-05
,,,message_size=64B exceeds RSA-OAEP/SHA-256 max plaintext (62B) for a 1024-bit key,1024,64,331,0.019418646000076478,8.051600002545456e-05
,,,message_size=128B exceeds RSA-OAEP/SHA-256 max plaintext (62B) for a 1024-bit key,1024,128,331,0.019418646000076478,8.051600002545456e-05
,,,message_size=256B exceeds RSA-OAEP/SHA-256 max plaintext (62B) for a 1024-bit key,1024,256,331,0.019418646000076478,8.051600002545456e-05
,,,message_size=512B exceeds RSA-OAEP/SHA-256 max plaintext (62B) for a 1024-bit key,1024,512,331,0.019418646000076478,8.051600002545456e-05
,,,message_size=1024B exceeds RSA-OAEP/SHA-256 max plaintext (62B) for a 1024-bit key,1024,1024,331,0.019418646000076478,8.051600002545456e-05
8.603200001289224e-05,0.000209031000053983,128.0,,1024,16,332,0.029568352000069353,0.000118091999979697
3.6763000025530346e-05,0.00018957499992211524,128.0,,1024,32,332,0.029568352000069353,0.000118091999979697
,,,message_size=64B exceeds RSA-OAEP/SHA-256 max plaintext (62B) for a 1024-bit key,1024,64,332,0.029568352000069353,0.000118091999979697
,,,message_size=128B exceeds RSA-OAEP/SHA-256 max plaintext (62B) for a 1024-bit key,1024,128,332,0.029568352000069353,0.000118091999979697
,,,message_size=256B exceeds RSA-OAEP/SHA-256 max plaintext (62B) for a 1024-bit key,1024,256,332,0.029568352000069353,0.000118091999979697
,,,message_size=512B exceeds RSA-OAEP/SHA-256 max plaintext (62B) for a 1024-bit key,1024,512,332,0.029568352000069353,0.000118091999979697
,,,message_size=1024B exceeds RSA-OAEP/SHA-256 max plaintext (62B) for a 1024-bit key,1024,1024,332,0.029568352000069353,0.000118091999979697
7.484100001420302e-05,0.00020731300003262731,128.0,,1024,16,333,0.015183450999984416,8.335200004694343e-05
4.129600006308465e-05,0.00020508900001914299,128.0,,1024,32,333,0.015183450999984416,8.335200004694343e-05
,,,message_size=64B exceeds RSA-OAEP/SHA-256 max plaintext (62B) for a 1024-bit key,1024,64,333,0.015183450999984416,8.335200004694343e-05
,,,message_size=128B exceeds RSA-OAEP/SHA-256 max plaintext (62B) for a 1024-bit key,1024,128,333,0.015183450999984416,8.335200004694343e-05
,,,message_size=256B exceeds RSA-OAEP/SHA-256 max plaintext (62B) for a 1024-bit key,1024,256,333,0.015183450999984416,8.335200004694343e-05
,,,message_size=512B exceeds RSA-OAEP/SHA-256 max plaintext (62B) for a 1024-bit key,1024,512,333,0.015183450999984416,8.335200004694343e-05
,,,message_size=1024B exceeds RSA-OAEP/SHA-256 max plaintext (62B) for a 1024-bit key,1024,1024,333,0.015183450999984416,8.335200004694343e-05
4.639999997380073e-05,0.00022210700001323858,128.0,,1024,16,334,0.018394064999938564,8.361899995179556e-05
4.6144999942043796e-05,0.0002291160000140735,128.0,,1024,32,334,0.018394064999938564,8.361899995179556e-05
,,,message_size=64B exceeds RSA-OAEP/SHA-256 max plaintext (62B) for a 1024-bit key,1024,64,334,0.018394064999938564,8.361899995179556e-05
,,,message_size=128B exceeds RSA-OAEP/SHA-256 max plaintext (62B) for a 1024-bit key,1024,128,334,0.018394064999938564,8.361899995179556e-05
,,,message_size=256B exceeds RSA-OAEP/SHA-256 max plaintext (62B) for a 1024-bit key,1024,256,334,0.018394064999938564,8.361899995179556e-05
,,,message_size=512B exceeds RSA-OAEP/SHA-256 max plaintext (62B) for a 1024-bit key,1024,512,334,0.018394064999938564,8.361899995179556e-05
,,,message_size=1024B exceeds RSA-OAEP/SHA-256 max plaintext (62B) for a 1024-bit key,1024,1024,334,0.018394064999938564,8.361899995179556e-05
4.484100008994574e-05,0.00022069699991789093,128.0,,1024,16,335,0.01851273800002673,8.070700005191611e-05
4.2486999973334605e-05,0.0002192960000684252,128.0,,1024,32,335,0.01851273800002673,8.070700005191611e-05
,,,message_size=64B exceeds RSA-OAEP/SHA-256 max plaintext (62B) for a 1024-bit key,1024,64,335,0.01851273800002673,8.070700005191611e-05
,,,message_size=128B exceeds RSA-OAEP/SHA-256 max plaintext (62B) for a 1024-bit key,1024,128,335,0.01851273800002673,8.070700005191611e-05
,,,message_size=256B exceeds RSA-OAEP/SHA-256 max plaintext (62B) for a 1024-bit key,1024,256,335,0.01851273800002673,8.070700005191611e-05
,,,message_size=512B exceeds RSA-OAEP/SHA-256 max plaintext (62B) for a 1024-bit key,1024,512,335,0.01851273800002673,8.070700005191611e-05
,,,message_size=1024B exceeds RSA-OAEP/SHA-256 max plaintext (62B) for a 1024-bit key,1024,1024,335,0.01851273800002673,8.070700005191611e-05
4.5052000018586114e-05,0.00022099000000253,128.0,,1024,16,336,0.025351691999958348,8.263699999133678e-05
4.842099997404148e-05,0.0002283720000377798,128.0,,1024,32,336,0.025351691999958348,8.263699999133678e-05
,,,message_size=64B exceeds RSA-OAEP/SHA-256 max plaintext (62B) for a 1024-bit key,1024,64,336,0.025351691999958348,8.263699999133678e-05
,,,message_size=128B exceeds RSA-OAEP/SHA-256 max plaintext (62B) for a 1024-bit key,1024,128,336,0.025351691999958348,8.263699999133678e-05
,,,message_size=256B exceeds RSA-OAEP/SHA-256 max plaintext (62B) for a 1024-bit key,1024,256,336,0.025351691999958348,8.263699999133678e-05
,,,message_size=512B exceeds RSA-OAEP/SHA-256 max plaintext (62B) for a 1024-bit key,1024,512,336,0.025351691999958348,8.263699999133678e-05
,,,message_size=1024B exceeds RSA-OAEP/SHA-256 max plaintext (62B) for a 1024-bit key,1024,1024,336,0.025351691999958348,8.263699999133678e-05
4.976600007466914e-05,0.0002644580000605856,128.0,,1024,16,337,0.021963405999940733,7.811499995113991e-05
5.14509999902657e-05,0.0002291780000405197,128.0,,1024,32,337,0.021963405999940733,7.811499995113991e-05
,,,message_size=64B exceeds RSA-OAEP/SHA-256 max plaintext (62B) for a 1024-bit key,1024,64,337,0.021963405999940733,7.811499995113991e-05
,,,message_size=128B exceeds RSA-OAEP/SHA-256 max plaintext (62B) for a 1024-bit key,1024,128,337,0.021963405999940733,7.811499995113991e-05
,,,message_size=256B exceeds RSA-OAEP/SHA-256 max plaintext (62B) for a 1024-bit key,1024,256,337,0.021963405999940733,7.811499995113991e-05
,,,message_size=512B exceeds RSA-OAEP/SHA-256 max plaintext (62B) for a 1024-bit key,1024,512,337,0.021963405999940733,7.811499995113991e-05
,,,message_size=1024B exceeds RSA-OAEP/SHA-256 max plaintext (62B) for a 1024-bit key,1024,1024,337,0.021963405999940733,7.811499995113991e-05
4.5473000000129105e-05,0.0002201839999997901,128.0,,1024,16,338,0.04110829600006127,8.408700000472891e-05
3.82260000151291e-05,0.00021883399995203945,128.0,,1024,32,338,0.04110829600006127,8.408700000472891e-05
,,,message_size=64B exceeds RSA-OAEP/SHA-256 max plaintext (62B) for a 1024-bit key,1024,64,338,0.04110829600006127,8.408700000472891e-05
,,,message_size=128B exceeds RSA-OAEP/SHA-256 max plaintext (62B) for a 1024-bit key,1024,128,338,0.04110829600006127,8.408700000472891e-05
,,,message_size=256B exceeds RSA-OAEP/SHA-256 max plaintext (62B) for a 1024-bit key,1024,256,338,0.04110829600006127,8.408700000472891e-05
,,,message_size=512B exceeds RSA-OAEP/SHA-256 max plaintext (62B) for a 1024-bit key,1024,512,338,0.04110829600006127,8.408700000472891e-05
,,,message_size=1024B exceeds RSA-OAEP/SHA-256 max plaintext (62B) for a 1024-bit key,1024,1024,338,0.04110829600006127,8.408700000472891e-05
4.8367999966103525e-05,0.00023160000000643777,128.0,,1024,16,339,0.01218686599997909,8.171800004674878e-05
4.0560999991612334e-05,0.00021790800008147926,128.0,,1024,32,339,0.01218686599997909,8.171800004674878e-05
,,,message_size=64B exceeds RSA-OAEP/SHA-256 max plaintext (62B) for a 1024-bit key,1024,64,339,0.01218686599997909,8.171800004674878e-05
,,,message_size=128B exceeds RSA-OAEP/SHA-256 max plaintext (62B) for a 1024-bit key,1024,128,339,0.01218686599997909,8.171800004674878e-05
,,,message_size=256B exceeds RSA-OAEP/SHA-256 max plaintext (62B) for a 1024-bit key,1024,256,339,0.01218686599997909,8.171800004674878e-05
,,,message_size=512B exceeds RSA-OAEP/SHA-256 max plaintext (62B) for a 1024-bit key,1024,512,339,0.01218686599997909,8.171800004674878e-05
,,,message_size=1024B exceeds RSA-OAEP/SHA-256 max plaintext (62B) for a 1024-bit key,1024,1024,339,0.01218686599997909,8.171800004674878e-05
4.5029000034446653e-05,0.00022020899996277876,128.0,,1024,16,340,0.023019310999984555,8.314900003369985e-05
3.918899994914682e-05,0.00021983700003147533,128.0,,1024,32,340,0.023019310999984555,8.314900003369985e-05
,,,message_size=64B exceeds RSA-OAEP/SHA-256 max plaintext (62B) for a 1024-bit key,1024,64,340,0.023019310999984555,8.314900003369985e-05
,,,message_size=128B exceeds RSA-OAEP/SHA-256 max plaintext (62B) for a 1024-bit key,1024,128,340,0.023019310999984555,8.314900003369985e-05
,,,message_size=256B exceeds RSA-OAEP/SHA-256 max plaintext (62B) for a 1024-bit key,1024,256,340,0.023019310999984555,8.314900003369985e-05
,,,message_size=512B exceeds RSA-OAEP/SHA-256 max plaintext (62B) for a 1024-bit key,1024,512,340,0.023019310999984555,8.314900003369985e-05
,,,message_size=1024B exceeds RSA-OAEP/SHA-256 max plaintext (62B) for a 1024-bit key,1024,1024,340,0.023019310999984555,8.314900003369985e-05
4.706699996859243e-05,0.00022168800001054478,128.0,,1024,16,341,0.020999676999963413,8.094199995412055e-05
3.7195999993855366e-05,0.00025178099997447134,128.0,,1024,32,341,0.020999676999963413,8.094199995412055e-05
,,,message_size=64B exceeds RSA-OAEP/SHA-256 max plaintext (62B) for a 1024-bit key,1024,64,341,0.020999676999963413,8.094199995412055e-05
,,,message_size=128B exceeds RSA-OAEP/SHA-256 max plaintext (62B) for a 1024-bit key,1024,128,341,0.020999676999963413,8.094199995412055e-05
,,,message_size=256B exceeds RSA-OAEP/SHA-256 max plaintext (62B) for a 1024-bit key,1024,256,341,0.020999676999963413,8.094199995412055e-05
,,,message_size=512B exceeds RSA-OAEP/SHA-256 max plaintext (62B) for a 1024-bit key,1024,512,341,0.020999676999963413,8.094199995412055e-05
,,,message_size=1024B exceeds RSA-OAEP/SHA-256 max plaintext (62B) for a 1024-bit key,1024,1024,341,0.020999676999963413,8.094199995412055e-05
4.43400000449401e-05,0.00022039700002096652,128.0,,1024,16,342,0.012782395000044744,7.753199997750926e-05
3.7860000020373263e-05,0.0002191309999943769,128.0,,1024,32,342,0.012782395000044744,7.753199997750926e-05
,,,message_size=64B exceeds RSA-OAEP/SHA-256 max plaintext (62B) for a 1024-bit key,1024,64,342,0.012782395000044744,7.753199997750926e-05
,,,message_size=128B exceeds RSA-OAEP/SHA-256 max plaintext (62B) for a 1024-bit key,1024,128,342,0.012782395000044744,7.753199997750926e-05
,,,message_size=256B exceeds RSA-OAEP/SHA-256 max plaintext (62B) for a 1024-bit key,1024,256,342,0.012782395000044744,7.753199997750926e-05
,,,message_size=512B exceeds RSA-OAEP/SHA-256 max plaintext (62B) for a 1024-bit key,1024,512,342,0.012782395000044744,7.753199997750926e-05
,,,message_size=1024B exceeds RSA-OAEP/SHA-256 max plaintext (62B) for a 1024-bit key,1024,1024,342,0.012782395000044744,7.753199997750926e-05
4.259399997863511e-05,0.00022006799997598137,128.0,,1024,16,343,0.021957192000058967,7.808500004102825e-05
3.8335999988703406e-05,0.00021914999990713113,128.0,,1024,32,343,0.021957192000058967,7.808500004102825e-05
,,,message_size=64B exceeds RSA-OAEP/SHA-256 max plaintext (62B) for a 1024-bit key,1024,64,343,0.021957192000058967,7.808500004102825e-05
,,,message_size=128B exceeds RSA-OAEP/SHA-256 max plaintext (62B) for a 1024-bit key,1024,128,343,0.021957192000058967,7.808500004102825e-05
,,,message_size=256B exceeds RSA-OAEP/SHA-256 max plaintext (62B) for a 1024-bit key,1024,256,343,0.021957192000058967,7.808500004102825e-05
,,,message_size=512B exceeds RSA-OAEP/SHA-256 max plaintext (62B) for a 1024-bit key,1024,512,343,0.021957192000058967,7.808500004102825e-05
,,,message_size=1024B exceeds RSA-OAEP/SHA-256 max plaintext (62B) for a 1024-bit key,1024,1024,343,0.021957192000058967,7.808500004102825e-05
4.375699995762261e-05,0.00022227900001325906,128.0,,1024,16,344,0.026775784000051317,7.978100006766908e-05
3.708700000970566e-05,0.00021732200002588797,128.0,,1024,32,344,0.026775784000051317,7.978100006766908e-05
,,,message_size=64B exceeds RSA-OAEP/SHA-256 max plaintext (62B) for a 1024-bit key,1024,64,344,0.026775784000051317,7.978100006766908e-05
,,,message_size=128B exceeds RSA-OAEP/SHA-256 max plaintext (62B) for a 1024-bit key,1024,128,344,0.026775784000051317,7.978100006766908e-05
,,,message_size=256B exceeds RSA-OAEP/SHA-256 max plaintext (62B) for a 1024-bit key,1024,256,344,0.026775784000051317,7.978100006766908e-05
,,,message_size=512B exceeds RSA-OAEP/SHA-256 max plaintext (62B) for a 1024-bit key,1024,512,344,0.026775784000051317,7.978100006766908e-05
,,,message_size=1024B exceeds RSA-OAEP/SHA-256 max plaintext (62B) for a 1024-bit key,1024,1024,344,0.026775784000051317,7.978100006766908e-05
4.4901000023855886e-05,0.00022090099992055912,128.0,,1024,16,345,0.023431835999986106,7.875999995121674e-05
3.701100001762825e-05,0.00022343599994201213,128.0,,1024,32,345,0.023431835999986106,7.875999995121674e-05
,,,message_size=64B exceeds RSA-OAEP/SHA-256 max plaintext (62B) for a 1024-bit key,1024,64,345,0.023431835999986106,7.875999995121674e-05
,,,message_size=128B exceeds RSA-OAEP/SHA-256 max plaintext (62B) for a 1024-bit key,1024,128,345,0.023431835999986106,7.875999995121674e-05
,,,message_size=256B exceeds RSA-OAEP/SHA-256 max plaintext (62B) for a 1024-bit key,1024,256,345,0.023431835999986106,7.875999995121674e-05
,,,message_size=512B exceeds RSA-OAEP/SHA-256 max plaintext (62B) for a 1024-bit key,1024,512,345,0.023431835999986106,7.875999995121674e-05
,,,message_size=1024B exceeds RSA-OAEP/SHA-256 max plaintext (62B) for a 1024-bit key,1024,1024,345,0.023431835999986106,7.875999995121674e-05
4.553500002657529e-05,0.0002883380000184843,128.0,,1024,16,346,0.016949230000022908,7.519500002217683e-05
6.134099999144382e-05,0.00034108499994545127,128.0,,1024,32,346,0.016949230000022908,7.519500002217683e-05
,,,message_size=64B exceeds RSA-OAEP/SHA-256 max plaintext (62B) for a 1024-bit key,1024,64,346,0.016949230000022908,7.519500002217683e-05
,,,message_size=128B exceeds RSA-OAEP/SHA-256 max plaintext (62B) for a 1024-bit key,1024,128,346,0.016949230000022908,7.519500002217683e-05
,,,message_size=256B exceeds RSA-OAEP/SHA-256 max plaintext (62B) for a 1024-bit key,1024,256,346,0.016949230000022908,7.519500002217683e-05
,,,message_size=512B exceeds RSA-OAEP/SHA-256 max plaintext (62B) for a 1024-bit key,1024,512,346,0.016949230000022908,7.519500002217683e-05
,,,message_size=1024B exceeds RSA-OAEP/SHA-256 max plaintext (62B) for a 1024-bit key,1024,1024,346,0.016949230000022908,7.519500002217683e-05
4.13510000498718e-05,0.0002181400000154099,128.0,,1024,16,347,0.013862268000025324,7.695800002238684e-05
0.00012578999997003848,0.00024356900007660442,128.0,,1024,32,347,0.013862268000025324,7.695800002238684e-05
,,,message_size=64B exceeds RSA-OAEP/SHA-256 max plaintext (62B) for a 1024-bit key,1024,64,347,0.013862268000025324,7.695800002238684e-05
,,,message_size=128B exceeds RSA-OAEP/SHA-256 max plaintext (62B) for a 1024-bit key,1024,128,347,0.013862268000025324,7.695800002238684e-05
,,,message_size=256B exceeds RSA-OAEP/SHA-256 max plaintext (62B) for a 1024-bit key,1024,256,347,0.013862268000025324,7.695800002238684e-05
,,,message_size=512B exceeds RSA-OAEP/SHA-256 max plaintext (62B) for a 1024-bit key,1024,512,347,0.013862268000025324,7.695800002238684e-05
,,,message_size=1024B exceeds RSA-OAEP/SHA-256 max plaintext (62B) for a 1024-bit key,1024,1024,347,0.013862268000025324,7.695800002238684e-05
4.965999994510639e-05,0.00022155800002110482,128.0,,1024,16,348,0.03329618999998729,8.070299998053088e-05
3.701800005728728e-05,0.00021966100007375644,128.0,,1024,32,348,0.03329618999998729,8.070299998053088e-05
,,,message_size=64B exceeds RSA-OAEP/SHA-256 max plaintext (62B) for a 1024-bit key,1024,64,348,0.03329618999998729,8.070299998053088e-05
,,,message_size=128B exceeds RSA-OAEP/SHA-256 max plaintext (62B) for a 1024-bit key,1024,128,348,0.03329618999998729,8.070299998053088e-05
,,,message_size=256B exceeds RSA-OAEP/SHA-256 max plaintext (62B) for a 1024-bit key,1024,256,348,0.03329618999998729,8.070299998053088e-05
,,,message_size=512B exceeds RSA-OAEP/SHA-256 max plaintext (62B) for a 1024-bit key,1024,512,348,0.03329618999998729,8.070299998053088e-05
,,,message_size=1024B exceeds RSA-OAEP/SHA-256 max plaintext (62B) for a 1024-bit key,1024,1024,348,0.03329618999998729,8.070299998053088e-05
4.3362000042179716e-05,0.00023162800005138706,128.0,,1024,16,349,0.024157336000030227,9.012800001073629e-05
3.9090999962354545e-05,0.00022843500005365058,128.0,,1024,32,349,0.024157336000030227,9.012800001073629e-05
,,,message_size=64B exceeds RSA-OAEP/SHA-256 max plaintext (62B) for a 1024-bit key,1024,64,349,0.024157336000030227,9.012800001073629e-05
,,,message_size=128B exceeds RSA-OAEP/SHA-256 max plaintext (62B) for a 1024-bit key,1024,128,349,0.024157336000030227,9.012800001073629e-05
,,,message_size=256B exceeds RSA-OAEP/SHA-256 max plaintext (62B) for a 1024-bit key,1024,256,349,0.024157336000030227,9.012800001073629e-05
,,,message_size=512B exceeds RSA-OAEP/SHA-256 max plaintext (62B) for a 1024-bit key,1024,512,349,0.024157336000030227,9.012800001073629e-05
,,,message_size=1024B exceeds RSA-OAEP/SHA-256 max plaintext (62B) for a 1024-bit key,1024,1024,349,0.024157336000030227,9.012800001073629e-05
4.3020000020987936e-05,0.00023491199999625678,128.0,,1024,16,350,0.019994270000097458,8.091999995940569e-05
3.934400001526228e-05,0.00021929499996531376,128.0,,1024,32,350,0.019994270000097458,8.091999995940569e-05
,,,message_size=64B exceeds RSA-OAEP/SHA-256 max plaintext (62B) for a 1024-bit key,1024,64,350,0.019994270000097458,8.091999995940569e-05
,,,message_size=128B exceeds RSA-OAEP/SHA-256 max plaintext (62B) for a 1024-bit key,1024,128,350,0.019994270000097458,8.091999995940569e-05
,,,message_size=256B exceeds RSA-OAEP/SHA-256 max plaintext (62B) for a 1024-bit key,1024,256,350,0.019994270000097458,8.091999995940569e-05
,,,message_size=512B exceeds RSA-OAEP/SHA-256 max plaintext (62B) for a 1024-bit key,1024,512,350,0.019994270000097458,8.091999995940569e-05
,,,message_size=1024B exceeds RSA-OAEP/SHA-256 max plaintext (62B) for a 1024-bit key,1024,1024,350,0.019994270000097458,8.091999995940569e-05
4.083500004981033e-05,0.00023254699999597506,128.0,,1024,16,351,0.02096925800003646,8.23019998961172e-05
3.976499999680527e-05,0.00022007199993367976,128.0,,1024,32,351,0.02096925800003646,8.23019998961172e-05
,,,message_size=64B exceeds RSA-OAEP/SHA-256 max plaintext (62B) for a 1024-bit key,1024,64,351,0.02096925800003646,8.23019998961172e-05
,,,message_size=128B exceeds RSA-OAEP/SHA-256 max plaintext (62B) for a 1024-bit key,1024,128,351,0.02096925800003646,8.23019998961172e-05
,,,message_size=256B exceeds RSA-OAEP/SHA-256 max plaintext (62B) for a 1024-bit key,1024,256,351,0.02096925800003646,8.23019998961172e-05
,,,message_size=512B exceeds RSA-OAEP/SHA-256 max plaintext (62B) for a 1024-bit key,1024,512,351,0.02096925800003646,8.23019998961172e-05
,,,message_size=1024B exceeds RSA-OAEP/SHA-256 max plaintext (62B) for a 1024-bit key,1024,1024,351,0.02096925800003646,8.23019998961172e-05
4.113299996788555e-05,0.000231111000061901,128.0,,1024,16,352,0.0190776489999962,9.038799998961622e-05
3.937700000733457e-05,0.0002171999999518448,128.0,,1024,32,352,0.0190776489999962,9.038799998961622e-05
,,,message_size=64B exceeds RSA-OAEP/SHA-256 max plaintext (62B) for a 1024-bit key,1024,64,352,0.0190776489999962,9.038799998961622e-05
,,,message_size=128B exceeds RSA-OAEP/SHA-256 max plaintext (62B) for a 1024-bit key,1024,128,352,0.0190776489999962,9.038799998961622e-05
,,,message_size=256B exceeds RSA-OAEP/SHA-256 max plaintext (62B) for a 1024-bit key,1024,256,352,0.0190776489999962,9.038799998961622e-05
,,,message_size=512B exceeds RSA-OAEP/SHA-256 max plaintext (62B) for a 1024-bit key,1024,512,352,0.0190776489999962,9.038799998961622e-05
,,,message_size=1024B exceeds RSA-OAEP/SHA-256 max plaintext (62B) for a 1024-bit key,1024,1024,352,0.0190776489999962,9.038799998961622e-05
6.0802000007242896e-05,0.00028304699992531823,128.0,,1024,16,353,0.02560573999994631,7.43790000115041e-05
4.278799997337046e-05,0.0009093230000871699,128.0,,1024,32,353,0.02560573999994631,7.43790000115041e-05
,,,message_size=64B exceeds RSA-OAEP/SHA-256 max plaintext (62B) for a 1024-bit key,1024,64,353,0.02560573999994631,7.43790000115041e-05
,,,message_size=128B exceeds RSA-OAEP/SHA-256 max plaintext (62B) for a 1024-bit key,1024,128,353,0.02560573999994631,7.43790000115041e-05
,,,message_size=256B exceeds RSA-OAEP/SHA-256 max plaintext (62B) for a 1024-bit key,1024,256,353,0.02560573999994631,7.43790000115041e-05
,,,message_size=512B exceeds RSA-OAEP/SHA-256 max plaintext (62B) for a 1024-bit key,1024,512,353,0.02560573999994631,7.43790000115041e-05
,,,message_size=1024B exceeds RSA-OAEP/SHA-256 max plaintext (62B) for a 1024-bit key,1024,1024,353,0.02560573999994631,7.43790000115041e-05
4.2816000018319755e-05,0.00022066899998662848,128.0,,1024,16,354,0.015816244000006918,7.909099997505109e-05
3.7653000049431284e-05,0.00021897300007367448,128.0,,1024,32,354,0.015816244000006918,7.909099997505109e-05
,,,message_size=64B exceeds RSA-OAEP/SHA-256 max plaintext (62B) for a 1024-bit key,1024,64,354,0.015816244000006918,7.909099997505109e-05
,,,message_size=128B exceeds RSA-OAEP/SHA-256 max plaintext (62B) for a 1024-bit key,1024,128,354,0.015816244000006918,7.909099997505109e-05
,,,message_size=256B exceeds RSA-OAEP/SHA-256 max plaintext (62B) for a 1024-bit key,1024,256,354,0.015816244000006918,7.909099997505109e-05
,,,message_size=512B exceeds RSA-OAEP/SHA-256 max plaintext (62B) for a 1024-bit key,1024,512,354,0.015816244000006918,7.909099997505109e-05
,,,message_size=1024B exceeds RSA-OAEP/SHA-256 max plaintext (62B) for a 1024-bit key,1024,1024,354,0.015816244000006918,7.909099997505109e-05
7.37450000087847e-05,0.00021523500004150264,128.0,,1024,16,355,0.014661612000054447,8.184599994365271e-05
4.253700001299876e-05,0.00020847500002219022,128.0,,1024,32,355,0.014661612000054447,8.184599994365271e-05
,,,message_size=64B exceeds RSA-OAEP/SHA-256 max plaintext (62B) for a 1024-bit key,1024,64,355,0.014661612000054447,8.184599994365271e-05
,,,message_size=128B exceeds RSA-OAEP/SHA-256 max plaintext (62B) for a 1024-bit key,1024,128,355,0.014661612000054447,8.184599994365271e-05
,,,message_size=256B exceeds RSA-OAEP/SHA-256 max plaintext (62B) for a 1024-bit key,1024,256,355,0.014661612000054447,8.184599994365271e-05
,,,message_size=512B exceeds RSA-OAEP/SHA-256 max plaintext (62B) for a 1024-bit key,1024,512,355,0.014661612000054447,8.184599994365271e-05
,,,message_size=1024B exceeds RSA-OAEP/SHA-256 max plaintext (62B) for a 1024-bit key,1024,1024,355,0.014661612000054447,8.184599994365271e-05
4.3216999983997084e-05,0.00023655699999380886,128.0,,1024,16,356,0.01339085199992951,7.681600004616485e-05
4.5029000034446653e-05,0.0002249910000955424,128.0,,1024,32,356,0.01339085199992951,7.681600004616485e-05
,,,message_size=64B exceeds RSA-OAEP/SHA-256 max plaintext (62B) for a 1024-bit key,1024,64,356,0.01339085199992951,7.681600004616485e-05
,,,message_size=128B exceeds RSA-OAEP/SHA-256 max plaintext (62B) for a 1024-bit key,1024,128,356,0.01339085199992951,7.681600004616485e-05
,,,message_size=256B exceeds RSA-OAEP/SHA-256 max plaintext (62B) for a 1024-bit key,1024,256,356,0.01339085199992951,7.681600004616485e-05
,,,message_size=512B exceeds RSA-OAEP/SHA-256 max plaintext (62B) for a 1024-bit key,1024,512,356,0.01339085199992951,7.681600004616485e-05
,,,message_size=1024B exceeds RSA-OAEP/SHA-256 max plaintext (62B) for a 1024-bit key,1024,1024,356,0.01339085199992951,7.681600004616485e-05
4.407699998409953e-05,0.00021715399998356588,128.0,,1024,16,357,0.012818788000004133,5.8567999985825736e-05
3.986700005498278e-05,0.00022163200003433303,128.0,,1024,32,357,0.012818788000004133,5.8567999985825736e-05
,,,message_size=64B exceeds RSA-OAEP/SHA-256 max plaintext (62B) for a 1024-bit key,1024,64,357,0.012818788000004133,5.8567999985825736e-05
,,,message_size=128B exceeds RSA-OAEP/SHA-256 max plaintext (62B) for a 1024-bit key,1024,128,357,0.012818788000004133,5.8567999985825736e-05
,,,message_size=256B exceeds RSA-OAEP/SHA-256 max plaintext (62B) for a 1024-bit key,1024,256,357,0.012818788000004133,5.8567999985825736e-05
,,,message_size=512B exceeds RSA-OAEP/SHA-256 max plaintext (62B) for a 1024-bit key,1024,512,357,0.012818788000004133,5.8567999985825736e-05
,,,message_size=1024B exceeds RSA-OAEP/SHA-256 max plaintext (62B) for a 1024-bit key,1024,1024,357,0.012818788000004133,5.8567999985825736e-05
4.241100009494403e-05,0.00022221599999738828,128.0,,1024,16,358,0.01917887399997653,7.525399996666238e-05
3.678300004139601e-05,0.00021929399997588916,128.0,,1024,32,358,0.01917887399997653,7.525399996666238e-05
,,,message_size=64B exceeds RSA-OAEP/SHA-256 max plaintext (62B) for a 1024-bit key,1024,64,358,0.01917887399997653,7.525399996666238e-05
,,,message_size=128B exceeds RSA-OAEP/SHA-256 max plaintext (62B) for a 1024-bit key,1024,128,358,0.01917887399997653,7.525399996666238e-05
,,,message_size=256B exceeds RSA-OAEP/SHA-256 max plaintext (62B) for a 1024-bit key,1024,256,358,0.01917887399997653,7.525399996666238e-05
,,,message_size=512B exceeds RSA-OAEP/SHA-256 max plaintext (62B) for a 1024-bit key,1024,512,358,0.01917887399997653,7.525399996666238e-05
,,,message_size=1024B exceeds RSA-OAEP/SHA-256 max plaintext (62B) for a 1024-bit key,1024,1024,358,0.01917887399997653,7.525399996666238e-05
3.96660000205884e-05,0.00024403800000527553,128.0,,1024,16,359,0.03164383499995438,7.76150000092457e-05
3.936699999940174e-05,0.00021993199993630697,128.0,,1024,32,359,0.03164383499995438,7.76150000092457e-05
,,,message_size=64B exceeds RSA-OAEP/SHA-256 max plaintext (62B) for a 1024-bit key,1024,64,359,0.03164383499995438,7.76150000092457e-05
,,,message_size=128B exceeds RSA-OAEP/SHA-256 max plaintext (62B) for a 1024-bit key,1024,128,359,0.03164383499995438,7.76150000092457e-05
,,,message_size=256B exceeds RSA-OAEP/SHA-256 max plaintext (62B) for a 1024-bit key,1024,256,359,0.03164383499995438,7.76150000092457e-05
,,,message_size=512B exceeds RSA-OAEP/SHA-256 max plaintext (62B) for a 1024-bit key,1024,512,359,0.03164383499995438,7.76150000092457e-05
,,,message_size=1024B exceeds RSA-OAEP/SHA-256 max plaintext (62B) for a 1024-bit key,1024,1024,359,0.03164383499995438,7.76150000092457e-05
4.219799996008078e-05,0.00022103599997080892,128.0,,1024,16,360,0.014722144000074877,7.510700004331738e-05
3.7949999978081905e-05,0.00025135100008810696,128.0,,1024,32,360,0.014722144000074877,7.510700004331738e-05
,,,message_size=64B exceeds RSA-OAEP/SHA-256 max plaintext (62B) for a 1024-bit key,1024,64,360,0.014722144000074877,7.510700004331738e-05
,,,message_size=128B exceeds RSA-OAEP/SHA-256 max plaintext (62B) for a 1024-bit key,1024,128,360,0.014722144000074877,7.510700004331738e-05
,,,message_size=256B exceeds RSA-OAEP/SHA-256 max plaintext (62B) for a 1024-bit key,1024,256,360,0.014722144000074877,7.510700004331738e-05
,,,message_size=512B exceeds RSA-OAEP/SHA-256 max plaintext (62B) for a 1024-bit key,1024,512,360,0.014722144000074877,7.510700004331738e-05
,,,message_size=1024B exceeds RSA-OAEP/SHA-256 max plaintext (62B) for a 1024-bit key,1024,1024,360,0.014722144000074877,7.510700004331738e-05
4.896799998732604e-05,0.00021576999995431834,128.0,,1024,16,361,0.018484630999978435,8.203400000184047e-05
3.6809999983233865e-05,0.0002137730000413285,128.0,,1024,32,361,0.018484630999978435,8.203400000184047e-05
,,,message_size=64B exceeds RSA-OAEP/SHA-256 max plaintext (62B) for a 1024-bit key,1024,64,361,0.018484630999978435,8.203400000184047e-05
,,,message_size=128B exceeds RSA-OAEP/SHA-256 max plaintext (62B) for a 1024-bit key,1024,128,361,0.018484630999978435,8.203400000184047e-05
,,,message_size=256B exceeds RSA-OAEP/SHA-256 max plaintext (62B) for a 1024-bit key,1024,256,361,0.018484630999978435,8.203400000184047e-05
,,,message_size=512B exceeds RSA-OAEP/SHA-256 max plaintext (62B) for a 1024-bit key,1024,512,361,0.018484630999978435,8.203400000184047e-05
,,,message_size=1024B exceeds RSA-OAEP/SHA-256 max plaintext (62B) for a 1024-bit key,1024,1024,361,0.018484630999978435,8.203400000184047e-05
4.009700001006422e-05,0.00025178199996389594,128.0,,1024,16,362,0.026845083000011982,9.094800009279425e-05
4.0936999994301004e-05,0.0002163899999914065,128.0,,1024,32,362,0.026845083000011982,9.094800009279425e-05
,,,message_size=64B exceeds RSA-OAEP/SHA-256 max plaintext (62B) for a 1024-bit key,1024,64,362,0.026845083000011982,9.094800009279425e-05
,,,message_size=128B exceeds RSA-OAEP/SHA-256 max plaintext (62B) for a 1024-bit key,1024,128,362,0.026845083000011982,9.094800009279425e-05
,,,message_size=256B exceeds RSA-OAEP/SHA-256 max plaintext (62B) for a 1024-bit key,1024,256,362,0.026845083000011982,9.094800009279425e-05
,,,message_size=512B exceeds RSA-OAEP/SHA-256 max plaintext (62B) for a 1024-bit key,1024,512,362,0.026845083000011982,9.094800009279425e-05
,,,message_size=1024B exceeds RSA-OAEP/SHA-256 max plaintext (62B) for a 1024-bit key,1024,1024,362,0.026845083000011982,9.094800009279425e-05
4.4253000055505254e-05,0.0002171930000258726,128.0,,1024,16,363,0.016257509999945796,7.59309999693869e-05
3.7472000030902564e-05,0.00021401399999376736,128.0,,1024,32,363,0.016257509999945796,7.59309999693869e-05
,,,message_size=64B exceeds RSA-OAEP/SHA-256 max plaintext (62B) for a 1024-bit key,1024,64,363,0.016257509999945796,7.59309999693869e-05
,,,message_size=128B exceeds RSA-OAEP/SHA-256 max plaintext (62B) for a 1024-bit key,1024,128,363,0.016257509999945796,7.59309999693869e-05
,,,message_size=256B exceeds RSA-OAEP/SHA-256 max plaintext (62B) for a 1024-bit key,1024,256,363,0.016257509999945796,7.59309999693869e-05
,,,message_size=512B exceeds RSA-OAEP/SHA-256 max plaintext (62B) for a 1024-bit key,1024,512,363,0.016257509999945796,7.59309999693869e-05
,,,message_size=1024B exceeds RSA-OAEP/SHA-256 max plaintext (62B) for a 1024-bit key,1024,1024,363,0.016257509999945796,7.59309999693869e-05
4.2713999960142246e-05,0.00022114000000783562,128.0,,1024,16,364,0.013785720999976547,0.0001511499999651278
3.7069000086376036e-05,0.00021438800001760683,128.0,,1024,32,364,0.013785720999976547,0.0001511499999651278
,,,message_size=64B exceeds RSA-OAEP/SHA-256 max plaintext (62B) for a 1024-bit key,1024,64,364,0.013785720999976547,0.0001511499999651278
,,,message_size=128B exceeds RSA-OAEP/SHA-256 max plaintext (62B) for a 1024-bit key,1024,128,364,0.013785720999976547,0.0001511499999651278
,,,message_size=256B exceeds RSA-OAEP/SHA-256 max plaintext (62B) for a 1024-bit key,1024,256,364,0.013785720999976547,0.0001511499999651278
,,,message_size=512B exceeds RSA-OAEP/SHA-256 max plaintext (62B) for a 1024-bit key,1024,512,364,0.013785720999976547,0.0001511499999651278
,,,message_size=1024B exceeds RSA-OAEP/SHA-256 max plaintext (62B) for a 1024-bit key,1024,1024,364,0.013785720999976547,0.0001511499999651278
4.7365999989779084e-05,0.00023674099998061138,128.0,,1024,16,365,0.03569378499992126,6.645999997090257e-05
4.097800001545693e-05,0.00021616799995172187,128.0,,1024,32,365,0.03569378499992126,6.645999997090257e-05
,,,message_size=64B exceeds RSA-OAEP/SHA-256 max plaintext (62B) for a 1024-bit key,1024,64,365,0.03569378499992126,6.645999997090257e-05
,,,message_size=128B exceeds RSA-OAEP/SHA-256 max plaintext (62B) for a 1024-bit key,1024,128,365,0.03569378499992126,6.645999997090257e-05
,,,message_size=256B exceeds RSA-OAEP/SHA-256 max plaintext (62B) for a 1024-bit key,1024,256,365,0.03569378499992126,6.645999997090257e-05
,,,message_size=512B exceeds RSA-OAEP/SHA-256 max plaintext (62B) for a 1024-bit key,1024,512,365,0.03569378499992126,6.645999997090257e-05
,,,message_size=1024B exceeds RSA-OAEP/SHA-256 max plaintext (62B) for a 1024-bit key,1024,1024,365,0.03569378499992126,6.645999997090257e-05
7.404699999824516e-05,0.00021881399993617379,128.0,,1024,16,366,0.024814703999936683,8.093099995676312e-05
3.9011999888316495e-05,0.00021400499997525912,128.0,,1024,32,366,0.024814703999936683,8.093099995676312e-05
,,,message_size=64B exceeds RSA-OAEP/SHA-256 max plaintext (62B) for a 1024-bit key,1024,64,366,0.024814703999936683,8.093099995676312e-05
,,,message_size=128B exceeds RSA-OAEP/SHA-256 max plaintext (62B) for a 1024-bit key,1024,128,366,0.024814703999936683,8.093099995676312e-05
,,,message_size=256B exceeds RSA-OAEP/SHA-256 max plaintext (62B) for a 1024-bit key,1024,256,366,0.024814703999936683,8.093099995676312e-05
,,,message_size=512B exceeds RSA-OAEP/SHA-256 max plaintext (62B) for a 1024-bit key,1024,512,366,0.024814703999936683,8.093099995676312e-05
,,,message_size=1024B exceeds RSA-OAEP/SHA-256 max plaintext (62B) for a 1024-bit key,1024,1024,366,0.024814703999936683,8.093099995676312e-05
5.182699999295437e-05,0.0002061579999690366,128.0,,1024,16,367,0.020726883999941492,7.59309999693869e-05
4.127299996525835e-05,0.0002547440000171264,128.0,,1024,32,367,0.020726883999941492,7.59309999693869e-05
,,,message_size=64B exceeds RSA-OAEP/SHA-256 max plaintext (62B) for a 1024-bit key,1024,64,367,0.020726883999941492,7.59309999693869e-05
,,,message_size=128B exceeds RSA-OAEP/SHA-256 max plaintext (62B) for a 1024-bit key,1024,128,367,0.020726883999941492,7.59309999693869e-05
,,,message_size=256B exceeds RSA-OAEP/SHA-256 max plaintext (62B) for a 1024-bit key,1024,256,367,0.020726883999941492,7.59309999693869e-05
,,,message_size=512B exceeds RSA-OAEP/SHA-256 max plaintext (62B) for a 1024-bit key,1024,512,367,0.020726883999941492,7.59309999693869e-05
,,,message_size=1024B exceeds RSA-OAEP/SHA-256 max plaintext (62B) for a 1024-bit key,1024,1024,367,0.020726883999941492,7.59309999693869e-05
4.400699992856971e-05,0.00021636299993588182,128.0,,1024,16,368,0.01590199199995368,8.119300002817909e-05
3.709199995682866e-05,0.00021398100000169507,128.0,,1024,32,368,0.01590199199995368,8.119300002817909e-05
,,,message_size=64B exceeds RSA-OAEP/SHA-256 max plaintext (62B) for a 1024-bit key,1024,64,368,0.01590199199995368,8.119300002817909e-05
,,,message_size=128B exceeds RSA-OAEP/SHA-256 max plaintext (62B) for a 1024-bit key,1024,128,368,0.01590199199995368,8.119300002817909e-05
,,,message_size=256B exceeds RSA-OAEP/SHA-256 max plaintext (62B) for a 1024-bit key,1024,256,368,0.01590199199995368,8.119300002817909e-05
,,,message_size=512B exceeds RSA-OAEP/SHA-256 max plaintext (62B) for a 1024-bit key,1024,512,368,0.01590199199995368,8.119300002817909e-05
,,,message_size=1024B exceeds RSA-OAEP/SHA-256 max plaintext (62B) for a 1024-bit key,1024,1024,368,0.01590199199995368,8.119300002817909e-05
4.1949999967982876e-05,0.0006006920000345417,128.0,,1024,16,369,0.02035937499999818,8.057299999109091e-05
6.302600002072722e-05,0.00022168399993915955,128.0,,1024,32,369,0.02035937499999818,8.057299999109091e-05
,,,message_size=64B exceeds RSA-OAEP/SHA-256 max plaintext (62B) for a 1024-bit key,1024,64,369,0.02035937499999818,8.057299999109091e-05
,,,message_size=128B exceeds RSA-OAEP/SHA-256 max plaintext (62B) for a 1024-bit key,1024,128,369,0.02035937499999818,8.057299999109091e-05
,,,message_size=256B exceeds RSA-OAEP/SHA-256 max plaintext (62B) for a 1024-bit key,1024,256,369,0.02035937499999818,8.057299999109091e-05
,,,message_size=512B exceeds RSA-OAEP/SHA-256 max plaintext (62B) for a 1024-bit key,1024,512,369,0.02035937499999818,8.057299999109091e-05
,,,message_size=1024B exceeds RSA-OAEP/SHA-256 max plaintext (62B) for a 1024-bit key,1024,1024,369,0.02035937499999818,8.057299999109091e-05
4.2977000020982814e-05,0.0002166019999094715,128.0,,1024,16,370,0.02772468199998457,8.73520000368444e-05
3.742100000181381e-05,0.00021794899998894834,128.0,,1024,32,370,0.02772468199998457,8.73520000368444e-05
,,,message_size=64B exceeds RSA-OAEP/SHA-256 max plaintext (62B) for a 1024-bit key,1024,64,370,0.02772468199998457,8.73520000368444e-05
,,,message_size=128B exceeds RSA-OAEP/SHA-256 max plaintext (62B) for a 1024-bit key,1024,128,370,0.02772468199998457,8.73520000368444e-05
,,,message_size=256B exceeds RSA-OAEP/SHA-256 max plaintext (62B) for a 1024-bit key,1024,256,370,0.02772468199998457,8.73520000368444e-05
,,,message_size=512B exceeds RSA-OAEP/SHA-256 max plaintext (62B) for a 1024-bit key,1024,512,370,0.02772468199998457,8.73520000368444e-05
,,,message_size=1024B exceeds RSA-OAEP/SHA-256 max plaintext (62B) for a 1024-bit key,1024,1024,370,0.02772468199998457,8.73520000368444e-05
5.799399991701648e-05,0.0002232569999023326,128.0,,1024,16,371,0.014847695000071326,9.115600005316082e-05
3.95240000443664e-05,0.00021952600002350664,128.0,,1024,32,371,0.014847695000071326,9.115600005316082e-05
,,,message_size=64B exceeds RSA-OAEP/SHA-256 max plaintext (62B) for a 1024-bit key,1024,64,371,0.014847695000071326,9.115600005316082e-05
,,,message_size=128B exceeds RSA-OAEP/SHA-256 max plaintext (62B) for a 1024-bit key,1024,128,371,0.014847695000071326,9.115600005316082e-05
,,,message_size=256B exceeds RSA-OAEP/SHA-256 max plaintext (62B) for a 1024-bit key,1024,256,371,0.014847695000071326,9.115600005316082e-05
,,,message_size=512B exceeds RSA-OAEP/SHA-256 max plaintext (62B) for a 1024-bit key,1024,512,371,0.014847695000071326,9.115600005316082e-05
,,,message_size=1024B exceeds RSA-OAEP/SHA-256 max plaintext (62B) for a 1024-bit key,1024,1024,371,0.014847695000071326,9.115600005316082e-05
4.145700006574771e-05,0.00023284300004888792,128.0,,1024,16,372,0.023628782999935538,8.251200006270665e-05
3.8556999925276614e-05,0.00022680500001115433,128.0,,1024,32,372,0.023628782999935538,8.251200006270665e-05
,,,message_size=64B exceeds RSA-OAEP/SHA-256 max plaintext (62B) for a 1024-bit key,1024,64,372,0.023628782999935538,8.251200006270665e-05
,,,message_size=128B exceeds RSA-OAEP/SHA-256 max plaintext (62B) for a 1024-bit key,1024,128,372,0.023628782999935538,8.251200006270665e-05
,,,message_size=256B exceeds RSA-OAEP/SHA-256 max plaintext (62B) for a 1024-bit key,1024,256,372,0.023628782999935538,8.251200006270665e-05
,,,message_size=512B exceeds RSA-OAEP/SHA-256 max plaintext (62B) for a 1024-bit key,1024,512,372,0.023628782999935538,8.251200006270665e-05
,,,message_size=1024B exceeds RSA-OAEP/SHA-256 max plaintext (62B) for a 1024-bit key,1024,1024,372,0.023628782999935538,8.251200006270665e-05
4.221599999709724e-05,0.00028663000000506145,128.0,,1024,16,373,0.021958153000014136,0.00011684200001127465
4.783599990787479e-05,0.0002425850000236096,128.0,,1024,32,373,0.021958153000014136,0.00011684200001127465
,,,message_size=64B exceeds RSA-OAEP/SHA-256 max plaintext (62B) for a 1024-bit key,1024,64,373,0.021958153000014136,0.00011684200001127465
,,,message_size=128B exceeds RSA-OAEP/SHA-256 max plaintext (62B) for a 1024-bit key,1024,128,373,0.021958153000014136,0.00011684200001127465
,,,message_size=256B exceeds RSA-OAEP/SHA-256 max plaintext (62B) for a 1024-bit key,1024,256,373,0.021958153000014136,0.00011684200001127465
,,,message_size=512B exceeds RSA-OAEP/SHA-256 max plaintext (62B) for a 1024-bit key,1024,512,373,0.021958153000014136,0.00011684200001127465
,,,message_size=1024B exceeds RSA-OAEP/SHA-256 max plaintext (62B) for a 1024-bit key,1024,1024,373,0.021958153000014136,0.00011684200001127465
5.573499993261066e-05,0.00021726600004967622,128.0,,1024,16,374,0.016586109999934706,7.879899999352347e-05
3.7584999972750666e-05,0.00028012999996462895,128.0,,1024,32,374,0.016586109999934706,7.879899999352347e-05
,,,message_size=64B exceeds RSA-OAEP/SHA-256 max plaintext (62B) for a 1024-bit key,1024,64,374,0.016586109999934706,7.879899999352347e-05
,,,message_size=128B exceeds RSA-OAEP/SHA-256 max plaintext (62B) for a 1024-bit key,1024,128,374,0.016586109999934706,7.879899999352347e-05
,,,message_size=256B exceeds RSA-OAEP/SHA-256 max plaintext (62B) for a 1024-bit key,1024,256,374,0.016586109999934706,7.879899999352347e-05
,,,message_size=512B exceeds RSA-OAEP/SHA-256 max plaintext (62B) for a 1024-bit key,1024,512,374,0.016586109999934706,7.879899999352347e-05
,,,message_size=1024B exceeds RSA-OAEP/SHA-256 max plaintext (62B) for a 1024-bit key,1024,1024,374,0.016586109999934706,7.879899999352347e-05
6.966199998714728e-05,0.00022068300006594654,128.0,,1024,16,375,0.01736890699999094,8.588899993355881e-05
3.680400004668627e-05,0.00021441699993829388,128.0,,1024,32,375,0.01736890699999094,8.588899993355881e-05
,,,message_size=64B exceeds RSA-OAEP/SHA-256 max plaintext (62B) for a 1024-bit key,1024,64,375,0.01736890699999094,8.588899993355881e-05
,,,message_size=128B exceeds RSA-OAEP/SHA-256 max plaintext (62B) for a 1024-bit key,1024,128,375,0.01736890699999094,8.588899993355881e-05
,,,message_size=256B exceeds RSA-OAEP/SHA-256 max plaintext (62B) for a 1024-bit key,1024,256,375,0.01736890699999094,8.588899993355881e-05
,,,message_size=512B exceeds RSA-OAEP/SHA-256 max plaintext (62B) for a 1024-bit key,1024,512,375,0.01736890699999094,8.588899993355881e-05
,,,message_size=1024B exceeds RSA-OAEP/SHA-256 max plaintext (62B) for a 1024-bit key,1024,1024,375,0.01736890699999094,8.588899993355881e-05
4.7443000084967935e-05,0.00021624500004691072,128.0,,1024,16,376,0.027877575000047727,7.78959999934159e-05
3.8656000015180325e-05,0.00021003599999858125,128.0,,1024,32,376,0.027877575000047727,7.78959999934159e-05
,,,message_size=64B exceeds RSA-OAEP/SHA-256 max plaintext (62B) for a 1024-bit key,1024,64,376,0.027877575000047727,7.78959999934159e-05
,,,message_size=128B exceeds RSA-OAEP/SHA-256 max plaintext (62B) for a 1024-bit key,1024,128,376,0.027877575000047727,7.78959999934159e-05
,,,message_size=256B exceeds RSA-OAEP/SHA-256 max plaintext (62B) for a 1024-bit key,1024,256,376,0.027877575000047727,7.78959999934159e-05
,,,message_size=512B exceeds RSA-OAEP/SHA-256 max plaintext (62B) for a 1024-bit key,1024,512,376,0.027877575000047727,7.78959999934159e-05
,,,message_size=1024B exceeds RSA-OAEP/SHA-256 max plaintext (62B) for a 1024-bit key,1024,1024,376,0.027877575000047727,7.78959999934159e-05
4.048400001011032e-05,0.0002480739999555226,128.0,,1024,16,377,0.018619921999970757,7.590000006985065e-05
4.035799997836875e-05,0.00021430200001759658,128.0,,1024,32,377,0.018619921999970757,7.590000006985065e-05
,,,message_size=64B exceeds RSA-OAEP/SHA-256 max plaintext (62B) for a 1024-bit key,1024,64,377,0.018619921999970757,7.590000006985065e-05
,,,message_size=128B exceeds RSA-OAEP/SHA-256 max plaintext (62B) for a 1024-bit key,1024,128,377,0.018619921999970757,7.590000006985065e-05
,,,message_size=256B exceeds RSA-OAEP/SHA-256 max plaintext (62B) for a 1024-bit key,1024,256,377,0.018619921999970757,7.590000006985065e-05
,,,message_size=512B exceeds RSA-OAEP/SHA-256 max plaintext (62B) for a 1024-bit key,1024,512,377,0.018619921999970757,7.590000006985065e-05
,,,message_size=1024B exceeds RSA-OAEP/SHA-256 max plaintext (62B) for a 1024-bit key,1024,1024,377,0.018619921999970757,7.590000006985065e-05
4.3375000018386345e-05,0.000215227000012419,128.0,,1024,16,378,0.012243573999967339,7.654499995624064e-05
3.8074000030974275e-05,0.0002138239999567304,128.0,,1024,32,378,0.012243573999967339,7.654499995624064e-05
,,,message_size=64B exceeds RSA-OAEP/SHA-256 max plaintext (62B) for a 1024-bit key,1024,64,378,0.012243573999967339,7.654499995624064e-05
,,,message_size=128B exceeds RSA-OAEP/SHA-256 max plaintext (62B) for a 1024-bit key,1024,128,378,0.012243573999967339,7.654499995624064e-05
,,,message_size=256B exceeds RSA-OAEP/SHA-256 max plaintext (62B) for a 1024-bit key,1024,256,378,0.012243573999967339,7.654499995624064e-05
,,,message_size=512B exceeds RSA-OAEP/SHA-256 max plaintext (62B) for a 1024-bit key,1024,512,378,0.012243573999967339,7.654499995624064e-05
,,,message_size=1024B exceeds RSA-OAEP/SHA-256 max plaintext (62B) for a 1024-bit key,1024,1024,378,0.012243573999967339,7.654499995624064e-05
4.407999995237333e-05,0.0002131919999328602,128.0,,1024,16,379,0.01529278800001066,7.73709999748462e-05
3.8553000081265054e-05,0.00021109399995111744,128.0,,1024,32,379,0.01529278800001066,7.73709999748462e-05
,,,message_size=64B exceeds RSA-OAEP/SHA-256 max plaintext (62B) for a 1024-bit key,1024,64,379,0.01529278800001066,7.73709999748462e-05
,,,message_size=128B exceeds RSA-OAEP/SHA-256 max plaintext (62B) for a 1024-bit key,1024,128,379,0.01529278800001066,7.73709999748462e-05
,,,message_size=256B exceeds RSA-OAEP/SHA-256 max plaintext (62B) for a 1024-bit key,1024,256,379,0.01529278800001066,7.73709999748462e-05
,,,message_size=512B exceeds RSA-OAEP/SHA-256 max plaintext (62B) for a 1024-bit key,1024,512,379,0.01529278800001066,7.73709999748462e-05
,,,message_size=1024B exceeds RSA-OAEP/SHA-256 max plaintext (62B) for a 1024-bit key,1024,1024,379,0.01529278800001066,7.73709999748462e-05
4.302599995753553e-05,0.00021577600000455277,128.0,,1024,16,380,0.02554575399994974,8.351899998615409e-05
3.7550999991253775e-05,0.00021436600002289197,128.0,,1024,32,380,0.02554575399994974,8.351899998615409e-05
,,,message_size=64B exceeds RSA-OAEP/SHA-256 max plaintext (62B) for a 1024-bit key,1024,64,380,0.02554575399994974,8.351899998615409e-05
,,,message_size=128B exceeds RSA-OAEP/SHA-256 max plaintext (62B) for a 1024-bit key,1024,128,380,0.02554575399994974,8.351899998615409e-05
,,,message_size=256B exceeds RSA-OAEP/SHA-256 max plaintext (62B) for a 1024-bit key,1024,256,380,0.02554575399994974,8.351899998615409e-05
,,,message_size=512B exceeds RSA-OAEP/SHA-256 max plaintext (62B) for a 1024-bit key,1024,512,380,0.02554575399994974,8.351899998615409e-05
,,,message_size=1024B exceeds RSA-OAEP/SHA-256 max plaintext (62B) for a 1024-bit key,1024,1024,380,0.02554575399994974,8.351899998615409e-05
4.346499997609499e-05,0.00021443800005727098,128.0,,1024,16,381,0.012315504000071087,7.441899992954859e-05
3.735400002824463e-05,0.0002236640000319312,128.0,,1024,32,381,0.012315504000071087,7.441899992954859e-05
,,,message_size=64B exceeds RSA-OAEP/SHA-256 max plaintext (62B) for a 1024-bit key,1024,64,381,0.012315504000071087,7.441899992954859e-05
,,,message_size=128B exceeds RSA-OAEP/SHA-256 max plaintext (62B) for a 1024-bit key,1024,128,381,0.012315504000071087,7.441899992954859e-05
,,,message_size=256B exceeds RSA-OAEP/SHA-256 max plaintext (62B) for a 1024-bit key,1024,256,381,0.012315504000071087,7.441899992954859e-05
,,,message_size=512B exceeds RSA-OAEP/SHA-256 max plaintext (62B) for a 1024-bit key,1024,512,381,0.012315504000071087,7.441899992954859e-05
,,,message_size=1024B exceeds RSA-OAEP/SHA-256 max plaintext (62B) for a 1024-bit key,1024,1024,381,0.012315504000071087,7.441899992954859e-05
6.781199999750243e-05,0.00017098700004680722,128.0,,1024,16,382,0.025331838999932188,6.949699991309899e-05
3.901700006281317e-05,0.0001940959999728875,128.0,,1024,32,382,0.025331838999932188,6.949699991309899e-05
,,,message_size=64B exceeds RSA-OAEP/SHA-256 max plaintext (62B) for a 1024-bit key,1024,64,382,0.025331838999932188,6.949699991309899e-05
,,,message_size=128B exceeds RSA-OAEP/SHA-256 max plaintext (62B) for a 1024-bit key,1024,128,382,0.025331838999932188,6.949699991309899e-05
,,,message_size=256B exceeds RSA-OAEP/SHA-256 max plaintext (62B) for a 1024-bit key,1024,256,382,0.025331838999932188,6.949699991309899e-05
,,,message_size=512B exceeds RSA-OAEP/SHA-256 max plaintext (62B) for a 1024-bit key,1024,512,382,0.025331838999932188,6.949699991309899e-05
,,,message_size=1024B exceeds RSA-OAEP/SHA-256 max plaintext (62B) for a 1024-bit key,1024,1024,382,0.025331838999932188,6.949699991309899e-05
4.2624000002433604e-05,0.0002238680000345994,128.0,,1024,16,383,0.024460751999981767,0.00010503900000458088
3.835500001514447e-05,0.00021929399997588916,128.0,,1024,32,383,0.024460751999981767,0.00010503900000458088
,,,message_size=64B exceeds RSA-OAEP/SHA-256 max plaintext (62B) for a 1024-bit key,1024,64,383,0.024460751999981767,0.00010503900000458088
,,,message_size=128B exceeds RSA-OAEP/SHA-256 max plaintext (62B) for a 1024-bit key,1024,128,383,0.024460751999981767,0.00010503900000458088
,,,message_size=256B exceeds RSA-OAEP/SHA-256 max plaintext (62B) for a 1024-bit key,1024,256,383,0.024460751999981767,0.00010503900000458088
,,,message_size=512B exceeds RSA-OAEP/SHA-256 max plaintext (62B) for a 1024-bit key,1024,512,383,0.024460751999981767,0.00010503900000458088
,,,message_size=1024B exceeds RSA-OAEP/SHA-256 max plaintext (62B) for a 1024-bit key,1024,1024,383,0.024460751999981767,0.00010503900000458088
4.31539999681263e-05,0.00023134399998525623,128.0,,1024,16,384,0.019962424000027568,8.364300003904646e-05
3.945600008137262e-05,0.00021417099992504518,128.0,,1024,32,384,0.019962424000027568,8.364300003904646e-05
,,,message_size=64B exceeds RSA-OAEP/SHA-256 max plaintext (62B) for a 1024-bit key,1024,64,384,0.019962424000027568,8.364300003904646e-05
,,,message_size=128B exceeds RSA-OAEP/SHA-256 max plaintext (62B) for a 1024-bit key,1024,128,384,0.019962424000027568,8.364300003904646e-05
,,,message_size=256B exceeds RSA-OAEP/SHA-256 max plaintext (62B) for a 1024-bit key,1024,256,384,0.019962424000027568,8.364300003904646e-05
,,,message_size=512B exceeds RSA-OAEP/SHA-256 max plaintext (62B) for a 1024-bit key,1024,512,384,0.019962424000027568,8.364300003904646e-05
,,,message_size=1024B exceeds RSA-OAEP/SHA-256 max plaintext (62B) for a 1024-bit key,1024,1024,384,0.019962424000027568,8.364300003904646e-05
4.673299997648428e-05,0.00022318699996048963,128.0,,1024,16,385,0.023160317999895597,9.176900005058997e-05
3.971299997829192e-05,0.0002153660000203672,128.0,,1024,32,385,0.023160317999895597,9.176900005058997e-05
,,,message_size=64B exceeds RSA-OAEP/SHA-256 max plaintext (62B) for a 1024-bit key,1024,64,385,0.023160317999895597,9.176900005058997e-05
,,,message_size=128B exceeds RSA-OAEP/SHA-256 max plaintext (62B) for a 1024-bit key,1024,128,385,0.023160317999895597,9.176900005058997e-05
,,,message_size=256B exceeds RSA-OAEP/SHA-256 max plaintext (62B) for a 1024-bit key,1024,256,385,0.023160317999895597,9.176900005058997e-05
,,,message_size=512B exceeds RSA-OAEP/SHA-256 max plaintext (62B) for a 1024-bit key,1024,512,385,0.023160317999895597,9.176900005058997e-05
,,,message_size=1024B exceeds RSA-OAEP/SHA-256 max plaintext (62B) for a 1024-bit key,1024,1024,385,0.023160317999895597,9.176900005058997e-05
4.3226000002505316e-05,0.000215368999988641,128.0,,1024,16,386,0.017796841999938806,7.951300005970552e-05
3.830000002835732e-05,0.00022217499997623236,128.0,,1024,32,386,0.017796841999938806,7.951300005970552e-05
,,,message_size=64B exceeds RSA-OAEP/SHA-256 max plaintext (62B) for a 1024-bit key,1024,64,386,0.017796841999938806,7.951300005970552e-05
,,,message_size=128B exceeds RSA-OAEP/SHA-256 max plaintext (62B) for a 1024-bit key,1024,128,386,0.017796841999938806,7.951300005970552e-05
,,,message_size=256B exceeds RSA-OAEP/SHA-256 max plaintext (62B) for a 1024-bit key,1024,256,386,0.017796841999938806,7.951300005970552e-05
,,,message_size=512B exceeds RSA-OAEP/SHA-256 max plaintext (62B) for a 1024-bit key,1024,512,386,0.017796841999938806,7.951300005970552e-05
,,,message_size=1024B exceeds RSA-OAEP/SHA-256 max plaintext (62B) for a 1024-bit key,1024,1024,386,0.017796841999938806,7.951300005970552e-05
4.349999994701648e-05,0.000722602999985611,128.0,,1024,16,387,0.01748073800001748,7.897599994066695e-05
5.0269999974261736e-05,0.0002301660000512129,128.0,,1024,32,387,0.01748073800001748,7.897599994066695e-05
,,,message_size=64B exceeds RSA-OAEP/SHA-256 max plaintext (62B) for a 1024-bit key,1024,64,387,0.01748073800001748,7.897599994066695e-05
,,,message_size=128B exceeds RSA-OAEP/SHA-256 max plaintext (62B) for a 1024-bit key,1024,128,387,0.01748073800001748,7.897599994066695e-05
,,,message_size=256B exceeds RSA-OAEP/SHA-256 max plaintext (62B) for a 1024-bit key,1024,256,387,0.01748073800001748,7.897599994066695e-05
,,,message_size=512B exceeds RSA-OAEP/SHA-256 max plaintext (62B) for a 1024-bit key,1024,512,387,0.01748073800001748,7.897599994066695e-05
,,,message_size=1024B exceeds RSA-OAEP/SHA-256 max plaintext (62B) for a 1024-bit key,1024,1024,387,0.01748073800001748,7.897599994066695e-05
4.477200002384052e-05,0.00022160599996823294,128.0,,1024,16,388,0.019825121000053514,7.575600000109262e-05
3.755400007321441e-05,0.000227739000024485,128.0,,1024,32,388,0.019825121000053514,7.575600000109262e-05
,,,message_size=64B exceeds RSA-OAEP/SHA-256 max plaintext (62B) for a 1024-bit key,1024,64,388,0.019825121000053514,7.575600000109262e-05
,,,message_size=128B exceeds RSA-OAEP/SHA-256 max plaintext (62B) for a 1024-bit key,1024,128,388,0.019825121000053514,7.575600000109262e-05
,,,message_size=256B exceeds RSA-OAEP/SHA-256 max plaintext (62B) for a 1024-bit key,1024,256,388,0.019825121000053514,7.575600000109262e-05
,,,message_size=512B exceeds RSA-OAEP/SHA-256 max plaintext (62B) for a 1024-bit key,1024,512,388,0.019825121000053514,7.575600000109262e-05
,,,message_size=1024B exceeds RSA-OAEP/SHA-256 max plaintext (62B) for a 1024-bit key,1024,1024,388,0.019825121000053514,7.575600000109262e-05
5.005200000596233e-05,0.00019903099996554374,128.0,,1024,16,389,0.019462081999904512,7.93109999221997e-05
4.0994999949361954e-05,0.0002348460000121122,128.0,,1024,32,389,0.019462081999904512,7.93109999221997e-05
,,,message_size=64B exceeds RSA-OAEP/SHA-256 max plaintext (62B) for a 1024-bit key,1024,64,389,0.019462081999904512,7.93109999221997e-05
,,,message_size=128B exceeds RSA-OAEP/SHA-256 max plaintext (62B) for a 1024-bit key,1024,128,389,0.019462081999904512,7.93109999221997e-05
,,,message_size=256B exceeds RSA-OAEP/SHA-256 max plaintext (62B) for a 1024-bit key,1024,256,389,0.019462081999904512,7.93109999221997e-05
,,,message_size=512B exceeds RSA-OAEP/SHA-256 max plaintext (62B) for a 1024-bit key,1024,512,389,0.019462081999904512,7.93109999221997e-05
,,,message_size=1024B exceeds RSA-OAEP/SHA-256 max plaintext (62B) for a 1024-bit key,1024,1024,389,0.019462081999904512,7.93109999221997e-05
4.2627999960132e-05,0.00022245299999212875,128.0,,1024,16,390,0.0214116350000495,7.986800005710393e-05
3.685399997266359e-05,0.00022940799999560113,128.0,,1024,32,390,0.0214116350000495,7.986800005710393e-05
,,,message_size=64B exceeds RSA-OAEP/SHA-256 max plaintext (62B) for a 1024-bit key,1024,64,390,0.0214116350000495,7.986800005710393e-05
,,,message_size=128B exceeds RSA-OAEP/SHA-256 max plaintext (62B) for a 1024-bit key,1024,128,390,0.0214116350000495,7.986800005710393e-05
,,,message_size=256B exceeds RSA-OAEP/SHA-256 max plaintext (62B) for a 1024-bit key,1024,256,390,0.0214116350000495,7.986800005710393e-05
,,,message_size=512B exceeds RSA-OAEP/SHA-256 max plaintext (62B) for a 1024-bit key,1024,512,390,0.0214116350000495,7.986800005710393e-05
,,,message_size=1024B exceeds RSA-OAEP/SHA-256 max plaintext (62B) for a 1024-bit key,1024,1024,390,0.0214116350000495,7.986800005710393e-05
4.538400003184506e-05,0.00019513600000209408,128.0,,1024,16,391,0.015641662999996697,7.810499994320708e-05
3.802399999131012e-05,0.00019356900008915545,128.0,,1024,32,391,0.015641662999996697,7.810499994320708e-05
,,,message_size=64B exceeds RSA-OAEP/SHA-256 max plaintext (62B) for a 1024-bit key,1024,64,391,0.015641662999996697,7.810499994320708e-05
,,,message_size=128B exceeds RSA-OAEP/SHA-256 max plaintext (62B) for a 1024-bit key,1024,128,391,0.015641662999996697,7.810499994320708e-05
,,,message_size=256B exceeds RSA-OAEP/SHA-256 max plaintext (62B) for a 1024-bit key,1024,256,391,0.015641662999996697,7.810499994320708e-05
,,,message_size=512B exceeds RSA-OAEP/SHA-256 max plaintext (62B) for a 1024-bit key,1024,512,391,0.015641662999996697,7.810499994320708e-05
,,,message_size=1024B exceeds RSA-OAEP/SHA-256 max plaintext (62B) for a 1024-bit key,1024,1024,391,0.015641662999996697,7.810499994320708e-05
6.3235999959943e-05,0.00020580500006417424,128.0,,1024,16,392,0.03239599099993029,8.16840000652519e-05
7.107199996880809e-05,0.0001949039999544766,128.0,,1024,32,392,0.03239599099993029,8.16840000652519e-05
,,,message_size=64B exceeds RSA-OAEP/SHA-256 max plaintext (62B) for a 1024-bit key,1024,64,392,0.03239599099993029,8.16840000652519e-05
,,,message_size=128B exceeds RSA-OAEP/SHA-256 max plaintext (62B) for a 1024-bit key,1024,128,392,0.03239599099993029,8.16840000652519e-05
,,,message_size=256B exceeds RSA-OAEP/SHA-256 max plaintext (62B) for a 1024-bit key,1024,256,392,0.03239599099993029,8.16840000652519e-05
,,,message_size=512B exceeds RSA-OAEP/SHA-256 max plaintext (62B) for a 1024-bit key,1024,512,392,0.03239599099993029,8.16840000652519e-05
,,,message_size=1024B exceeds RSA-OAEP/SHA-256 max plaintext (62B) for a 1024-bit key,1024,1024,392,0.03239599099993029,8.16840000652519e-05
4.8377999974036356e-05,0.00023232299997744121,128.0,,1024,16,393,0.01575945199999751,8.300900003632705e-05
3.740999989076954e-05,0.00021982099997330806,128.0,,1024,32,393,0.01575945199999751,8.300900003632705e-05
,,,message_size=64B exceeds RSA-OAEP/SHA-256 max plaintext (62B) for a 1024-bit key,1024,64,393,0.01575945199999751,8.300900003632705e-05
,,,message_size=128B exceeds RSA-OAEP/SHA-256 max plaintext (62B) for a 1024-bit key,1024,128,393,0.01575945199999751,8.300900003632705e-05
,,,message_size=256B exceeds RSA-OAEP/SHA-256 max plaintext (62B) for a 1024-bit key,1024,256,393,0.01575945199999751,8.300900003632705e-05
,,,message_size=512B exceeds RSA-OAEP/SHA-256 max plaintext (62B) for a 1024-bit key,1024,512,393,0.01575945199999751,8.300900003632705e-05
,,,message_size=1024B exceeds RSA-OAEP/SHA-256 max plaintext (62B) for a 1024-bit key,1024,1024,393,0.01575945199999751,8.300900003632705e-05
5.5559999964316376e-05,0.0002090439999165028,128.0,,1024,16,394,0.017915769000069304,8.818599997084675e-05
3.348600000663282e-05,0.00018949200000406563,128.0,,1024,32,394,0.017915769000069304,8.818599997084675e-05
,,,message_size=64B exceeds RSA-OAEP/SHA-256 max plaintext (62B) for a 1024-bit key,1024,64,394,0.017915769000069304,8.818599997084675e-05
,,,message_size=128B exceeds RSA-OAEP/SHA-256 max plaintext (62B) for a 1024-bit key,1024,128,394,0.017915769000069304,8.818599997084675e-05
,,,message_size=256B exceeds RSA-OAEP/SHA-256 max plaintext (62B) for a 1024-bit key,1024,256,394,0.017915769000069304,8.818599997084675e-05
,,,message_size=512B exceeds RSA-OAEP/SHA-256 max plaintext (62B) for a 1024-bit key,1024,512,394,0.017915769000069304,8.818599997084675e-05
,,,message_size=1024B exceeds RSA-OAEP/SHA-256 max plaintext (62B) for a 1024-bit key,1024,1024,394,0.017915769000069304,8.818599997084675e-05
2.5847999950201483e-05,0.00012949300003128883,128.0,,1024,16,395,0.01908971099999235,8.488499997838517e-05
2.2406999960367102e-05,0.00012096800003291719,128.0,,1024,32,395,0.01908971099999235,8.488499997838517e-05
,,,message_size=64B exceeds RSA-OAEP/SHA-256 max plaintext (62B) for a 1024-bit key,1024,64,395,0.01908971099999235,8.488499997838517e-05
,,,message_size=128B exceeds RSA-OAEP/SHA-256 max plaintext (62B) for a 1024-bit key,1024,128,395,0.01908971099999235,8.488499997838517e-05
,,,message_size=256B exceeds RSA-OAEP/SHA-256 max plaintext (62B) for a 1024-bit key,1024,256,395,0.01908971099999235,8.488499997838517e-05
,,,message_size=512B exceeds RSA-OAEP/SHA-256 max plaintext (62B) for a 1024-bit key,1024,512,395,0.01908971099999235,8.488499997838517e-05
,,,message_size=1024B exceeds RSA-OAEP/SHA-256 max plaintext (62B) for a 1024-bit key,1024,1024,395,0.01908971099999235,8.488499997838517e-05
4.822100004275853e-05,0.00022544199998719705,128.0,,1024,16,396,0.023280460000023595,8.311099998081772e-05
3.954999999677966e-05,0.00022056099999190337,128.0,,1024,32,396,0.023280460000023595,8.311099998081772e-05
,,,message_size=64B exceeds RSA-OAEP/SHA-256 max plaintext (62B) for a 1024-bit key,1024,64,396,0.023280460000023595,8.311099998081772e-05
,,,message_size=128B exceeds RSA-OAEP/SHA-256 max plaintext (62B) for a 1024-bit key,1024,128,396,0.023280460000023595,8.311099998081772e-05
,,,message_size=256B exceeds RSA-OAEP/SHA-256 max plaintext (62B) for a 1024-bit key,1024,256,396,0.023280460000023595,8.311099998081772e-05
,,,message_size=512B exceeds RSA-OAEP/SHA-256 max plaintext (62B) for a 1024-bit key,1024,512,396,0.023280460000023595,8.311099998081772e-05
,,,message_size=1024B exceeds RSA-OAEP/SHA-256 max plaintext (62B) for a 1024-bit key,1024,1024,396,0.023280460000023595,8.311099998081772e-05
6.0826999970231554e-05,0.00020587999995314021,128.0,,1024,16,397,0.02254404399991472,9.179799997127702e-05
4.013199998098571e-05,0.00022444700005053164,128.0,,1024,32,397,0.02254404399991472,9.179799997127702e-05
,,,message_size=64B exceeds RSA-OAEP/SHA-256 max plaintext (62B) for a 1024-bit key,1024,64,397,0.02254404399991472,9.179799997127702e-05
,,,message_size=128B exceeds RSA-OAEP/SHA-256 max plaintext (62B) for a 1024-bit key,1024,128,397,0.02254404399991472,9.179799997127702e-05
,,,message_size=256B exceeds RSA-OAEP/SHA-256 max plaintext (62B) for a 1024-bit key,1024,256,397,0.02254404399991472,9.179799997127702e-05
,,,message_size=512B exceeds RSA-OAEP/SHA-256 max plaintext (62B) for a 1024-bit key,1024,512,397,0.02254404399991472,9.179799997127702e-05
,,,message_size=1024B exceeds RSA-OAEP/SHA-256 max plaintext (62B) for a 1024-bit key,1024,1024,397,0.02254404399991472,9.179799997127702e-05
7.714299999861396e-05,0.00017911899999489833,128.0,,1024,16,398,0.012894842000036988,7.910800002264295e-05
4.308699999455712e-05,0.00015968999991855526,128.0,,1024,32,398,0.012894842000036988,7.910800002264295e-05
,,,message_size=64B exceeds RSA-OAEP/SHA-256 max plaintext (62B) for a 1024-bit key,1024,64,398,0.012894842000036988,7.910800002264295e-05
,,,message_size=128B exceeds RSA-OAEP/SHA-256 max plaintext (62B) for a 1024-bit key,1024,128,398,0.012894842000036988,7.910800002264295e-05
,,,message_size=256B exceeds RSA-OAEP/SHA-256 max plaintext (62B) for a 1024-bit key,1024,256,398,0.012894842000036988,7.910800002264295e-05
,,,message_size=512B exceeds RSA-OAEP/SHA-256 max plaintext (62B) for a 1024-bit key,1024,512,398,0.012894842000036988,7.910800002264295e-05
,,,message_size=1024B exceeds RSA-OAEP/SHA-256 max plaintext (62B) for a 1024-bit key,1024,1024,398,0.012894842000036988,7.910800002264295e-05
4.422699998940516e-05,0.00021545599997807585,128.0,,1024,16,399,0.013024262000044473,7.201699997949618e-05
3.726700003880978e-05,0.00019143800000165356,128.0,,1024,32,399,0.013024262000044473,7.201699997949618e-05
,,,message_size=64B exceeds RSA-OAEP/SHA-256 max plaintext (62B) for a 1024-bit key,1024,64,399,0.013024262000044473,7.201699997949618e-05
,,,message_size=128B exceeds RSA-OAEP/SHA-256 max plaintext (62B) for a 1024-bit key,1024,128,399,0.013024262000044473,7.201699997949618e-05
,,,message_size=256B exceeds RSA-OAEP/SHA-256 max plaintext (62B) for a 1024-bit key,1024,256,399,0.013024262000044473,7.201699997949618e-05
,,,message_size=512B exceeds RSA-OAEP/SHA-256 max plaintext (62B) for a 1024-bit key,1024,512,399,0.013024262000044473,7.201699997949618e-05
,,,message_size=1024B exceeds RSA-OAEP/SHA-256 max plaintext (62B) for a 1024-bit key,1024,1024,399,0.013024262000044473,7.201699997949618e-05
7.384299999557697e-05,0.00022660000001906155,128.0,,1024,16,400,0.01947726799994598,6.986799996866466e-05
4.309799999191455e-05,0.0002022060000399506,128.0,,1024,32,400,0.01947726799994598,6.986799996866466e-05
,,,message_size=64B exceeds RSA-OAEP/SHA-256 max plaintext (62B) for a 1024-bit key,1024,64,400,0.01947726799994598,6.986799996866466e-05
,,,message_size=128B exceeds RSA-OAEP/SHA-256 max plaintext (62B) for a 1024-bit key,1024,128,400,0.01947726799994598,6.986799996866466e-05
,,,message_size=256B exceeds RSA-OAEP/SHA-256 max plaintext (62B) for a 1024-bit key,1024,256,400,0.01947726799994598,6.986799996866466e-05
,,,message_size=512B exceeds RSA-OAEP/SHA-256 max plaintext (62B) for a 1024-bit key,1024,512,400,0.01947726799994598,6.986799996866466e-05
,,,message_size=1024B exceeds RSA-OAEP/SHA-256 max plaintext (62B) for a 1024-bit key,1024,1024,400,0.01947726799994598,6.986799996866466e-05
8.445499997833394e-05,0.00019662200008951913,128.0,,1024,16,401,0.021797880000008263,0.00011210399998162757
4.51110000767585e-05,0.00018784399992455292,128.0,,1024,32,401,0.021797880000008263,0.00011210399998162757
,,,message_size=64B exceeds RSA-OAEP/SHA-256 max plaintext (62B) for a 1024-bit key,1024,64,401,0.021797880000008263,0.00011210399998162757
,,,message_size=128B exceeds RSA-OAEP/SHA-256 max plaintext (62B) for a 1024-bit key,1024,128,401,0.021797880000008263,0.00011210399998162757
,,,message_size=256B exceeds RSA-OAEP/SHA-256 max plaintext (62B) for a 1024-bit key,1024,256,401,0.021797880000008263,0.00011210399998162757
,,,message_size=512B exceeds RSA-OAEP/SHA-256 max plaintext (62B) for a 1024-bit key,1024,512,401,0.021797880000008263,0.00011210399998162757
,,,message_size=1024B exceeds RSA-OAEP/SHA-256 max plaintext (62B) for a 1024-bit key,1024,1024,401,0.021797880000008263,0.00011210399998162757
4.397900011099409e-05,0.00022111700002369616,128.0,,1024,16,402,0.01916417100005674,8.016300000690535e-05
3.812399995695159e-05,0.00022858199997699558,128.0,,1024,32,402,0.01916417100005674,8.016300000690535e-05
,,,message_size=64B exceeds RSA-OAEP/SHA-256 max plaintext (62B) for a 1024-bit key,1024,64,402,0.01916417100005674,8.016300000690535e-05
,,,message_size=128B exceeds RSA-OAEP/SHA-256 max plaintext (62B) for a 1024-bit key,1024,128,402,0.01916417100005674,8.016300000690535e-05
,,,message_size=256B exceeds RSA-OAEP/SHA-256 max plaintext (62B) for a 1024-bit key,1024,256,402,0.01916417100005674,8.016300000690535e-05
,,,message_size=512B exceeds RSA-OAEP/SHA-256 max plaintext (62B) for a 1024-bit key,1024,512,402,0.01916417100005674,8.016300000690535e-05
,,,message_size=1024B exceeds RSA-OAEP/SHA-256 max plaintext (62B) for a 1024-bit key,1024,1024,402,0.01916417100005674,8.016300000690535e-05
4.915900001378759e-05,0.00022171700004491868,128.0,,1024,16,403,0.015591857000003984,8.027799992760265e-05
3.7870999904043856e-05,0.00022012700003415375,128.0,,1024,32,403,0.015591857000003984,8.027799992760265e-05
,,,message_size=64B exceeds RSA-OAEP/SHA-256 max plaintext (62B) for a 1024-bit key,1024,64,403,0.015591857000003984,8.027799992760265e-05
,,,message_size=128B exceeds RSA-OAEP/SHA-256 max plaintext (62B) for a 1024-bit key,1024,128,403,0.015591857000003984,8.027799992760265e-05
,,,message_size=256B exceeds RSA-OAEP/SHA-256 max plaintext (62B) for a 1024-bit key,1024,256,403,0.015591857000003984,8.027799992760265e-05
,,,message_size=512B exceeds RSA-OAEP/SHA-256 max plaintext (62B) for a 1024-bit key,1024,512,403,0.015591857000003984,8.027799992760265e-05
,,,message_size=1024B exceeds RSA-OAEP/SHA-256 max plaintext (62B) for a 1024-bit key,1024,1024,403,0.015591857000003984,8.027799992760265e-05
4.417100001319341e-05,0.0002287270000351782,128.0,,1024,16,404,0.024450588000036078,8.523600001808518e-05
3.830599996490491e-05,0.0002441709999629893,128.0,,1024,32,404,0.024450588000036078,8.523600001808518e-05
,,,message_size=64B exceeds RSA-OAEP/SHA-256 max plaintext (62B) for a 1024-bit key,1024,64,404,0.024450588000036078,8.523600001808518e-05
,,,message_size=128B exceeds RSA-OAEP/SHA-256 max plaintext (62B) for a 1024-bit key,1024,128,404,0.024450588000036078,8.523600001808518e-05
,,,message_size=256B exceeds RSA-OAEP/SHA-256 max plaintext (62B) for a 1024-bit key,1024,256,404,0.024450588000036078,8.523600001808518e-05
,,,message_size=512B exceeds RSA-OAEP/SHA-256 max plaintext (62B) for a 1024-bit key,1024,512,404,0.024450588000036078,8.523600001808518e-05
,,,message_size=1024B exceeds RSA-OAEP/SHA-256 max plaintext (62B) for a 1024-bit key,1024,1024,404,0.024450588000036078,8.523600001808518e-05
4.077000005509035e-05,0.00023214800000914693,128.0,,1024,16,405,0.01912984500006587,7.458100003532309e-05
4.555699990760331e-05,0.00021882099997583282,128.0,,1024,32,405,0.01912984500006587,7.458100003532309e-05
,,,message_size=64B exceeds RSA-OAEP/SHA-256 max plaintext (62B) for a 1024-bit key,1024,64,405,0.01912984500006587,7.458100003532309e-05
,,,message_size=128B exceeds RSA-OAEP/SHA-256 max plaintext (62B) for a 1024-bit key,1024,128,405,0.01912984500006587,7.458100003532309e-05
,,,message_size=256B exceeds RSA-OAEP/SHA-256 max plaintext (62B) for a 1024-bit key,1024,256,405,0.01912984500006587,7.458100003532309e-05
,,,message_size=512B exceeds RSA-OAEP/SHA-256 max plaintext (62B) for a 1024-bit key,1024,512,405,0.01912984500006587,7.458100003532309e-05
,,,message_size=1024B exceeds RSA-OAEP/SHA-256 max plaintext (62B) for a 1024-bit key,1024,1024,405,0.01912984500006587,7.458100003532309e-05
4.866899996613938e-05,0.00022092200003953621,128.0,,1024,16,406,0.016822368000021015,7.777999996960716e-05
3.6683999951492297e-05,0.00021801200000481913,128.0,,1024,32,406,0.016822368000021015,7.777999996960716e-05
,,,message_size=64B exceeds RSA-OAEP/SHA-256 max plaintext (62B) for a 1024-bit key,1024,64,406,0.016822368000021015,7.777999996960716e-05
,,,message_size=128B exceeds RSA-OAEP/SHA-256 max plaintext (62B) for a 1024-bit key,1024,128,406,0.016822368000021015,7.777999996960716e-05
,,,message_size=256B exceeds RSA-OAEP/SHA-256 max plaintext (62B) for a 1024-bit key,1024,256,406,0.016822368000021015,7.777999996960716e-05
,,,message_size=512B exceeds RSA-OAEP/SHA-256 max plaintext (62B) for a 1024-bit key,1024,512,406,0.016822368000021015,7.777999996960716e-05
,,,message_size=1024B exceeds RSA-OAEP/SHA-256 max plaintext (62B) for a 1024-bit key,1024,1024,406,0.016822368000021015,7.777999996960716e-05
4.3033999986619165e-05,0.00022490300000299612,128.0,,1024,16,407,0.017179736000002777,7.503200004066457e-05
3.48549999671377e-05,0.00022385800002666656,128.0,,1024,32,407,0.017179736000002777,7.503200004066457e-05
,,,message_size=64B exceeds RSA-OAEP/SHA-256 max plaintext (62B) for a 1024-bit key,1024,64,407,0.017179736000002777,7.503200004066457e-05
,,,message_size=128B exceeds RSA-OAEP/SHA-256 max plaintext (62B) for a 1024-bit key,1024,128,407,0.017179736000002777,7.503200004066457e-05
,,,message_size=256B exceeds RSA-OAEP/SHA-256 max plaintext (62B) for a 1024-bit key,1024,256,407,0.017179736000002777,7.503200004066457e-05
,,,message_size=512B exceeds RSA-OAEP/SHA-256 max plaintext (62B) for a 1024-bit key,1024,512,407,0.017179736000002777,7.503200004066457e-05
,,,message_size=1024B exceeds RSA-OAEP/SHA-256 max plaintext (62B) for a 1024-bit key,1024,1024,407,0.017179736000002777,7.503200004066457e-05
3.1260000014299294e-05,0.0001512530000127299,128.0,,1024,16,408,0.02672641299989209,9.509199992407957e-05
3.953999998884683e-05,0.00013652200004798942,128.0,,1024,32,408,0.02672641299989209,9.509199992407957e-05
,,,message_size=64B exceeds RSA-OAEP/SHA-256 max plaintext (62B) for a 1024-bit key,1024,64,408,0.02672641299989209,9.509199992407957e-05
,,,message_size=128B exceeds RSA-OAEP/SHA-256 max plaintext (62B) for a 1024-bit key,1024,128,408,0.02672641299989209,9.509199992407957e-05
,,,message_size=256B exceeds RSA-OAEP/SHA-256 max plaintext (62B) for a 1024-bit key,1024,256,408,0.02672641299989209,9.509199992407957e-05
,,,message_size=512B exceeds RSA-OAEP/SHA-256 max plaintext (62B) for a 1024-bit key,1024,512,408,0.02672641299989209,9.509199992407957e-05
,,,message_size=1024B exceeds RSA-OAEP/SHA-256 max plaintext (62B) for a 1024-bit key,1024,1024,408,0.02672641299989209,9.509199992407957e-05
5.7089999927484314e-05,0.00022214099999473547,128.0,,1024,16,409,0.025563823999959823,9.417399996891618e-05
4.426199996032665e-05,0.0002083729999640127,128.0,,1024,32,409,0.025563823999959823,9.417399996891618e-05
,,,message_size=64B exceeds RSA-OAEP/SHA-256 max plaintext (62B) for a 1024-bit key,1024,64,409,0.025563823999959823,9.417399996891618e-05
,,,message_size=128B exceeds RSA-OAEP/SHA-256 max plaintext (62B) for a 1024-bit key,1024,128,409,0.025563823999959823,9.417399996891618e-05
,,,message_size=256B exceeds RSA-OAEP/SHA-256 max plaintext (62B) for a 1024-bit key,1024,256,409,0.025563823999959823,9.417399996891618e-05
,,,message_size=512B exceeds RSA-OAEP/SHA-256 max plaintext (62B) for a 1024-bit key,1024,512,409,0.025563823999959823,9.417399996891618e-05
,,,message_size=1024B exceeds RSA-OAEP/SHA-256 max plaintext (62B) for a 1024-bit key,1024,1024,409,0.025563823999959823,9.417399996891618e-05
4.404499998145184e-05,0.00021520199993574352,128.0,,1024,16,410,0.018800310999949943,8.34549999808587e-05
3.9376999893647735e-05,0.00021264400004383788,128.0,,1024,32,410,0.018800310999949943,8.34549999808587e-05
,,,message_size=64B exceeds RSA-OAEP/SHA-256 max plaintext (62B) for a 1024-bit key,1024,64,410,0.018800310999949943,8.34549999808587e-05
,,,message_size=128B exceeds RSA-OAEP/SHA-256 max plaintext (62B) for a 1024-bit key,1024,128,410,0.018800310999949943,8.34549999808587e-05
,,,message_size=256B exceeds RSA-OAEP/SHA-256 max plaintext (62B) for a 1024-bit key,1024,256,410,0.018800310999949943,8.34549999808587e-05
,,,message_size=512B exceeds RSA-OAEP/SHA-256 max plaintext (62B) for a 1024-bit key,1024,512,410,0.018800310999949943,8.34549999808587e-05
,,,message_size=1024B exceeds RSA-OAEP/SHA-256 max plaintext (62B) for a 1024-bit key,1024,1024,410,0.018800310999949943,8.34549999808587e-05
5.434700005935156e-05,0.00023347399996964668,128.0,,1024,16,411,0.018227679000005992,8.302100002310908e-05
4.2430000007698254e-05,0.0002245079999738664,128.0,,1024,32,411,0.018227679000005992,8.302100002310908e-05
,,,message_size=64B exceeds RSA-OAEP/SHA-256 max plaintext (62B) for a 1024-bit key,1024,64,411,0.018227679000005992,8.302100002310908e-05
,,,message_size=128B exceeds RSA-OAEP/SHA-256 max plaintext (62B) for a 1024-bit key,1024,128,411,0.018227679000005992,8.302100002310908e-05
,,,message_size=256B exceeds RSA-OAEP/SHA-256 max plaintext (62B) for a 1024-bit key,1024,256,411,0.018227679000005992,8.302100002310908e-05
,,,message_size=512B exceeds RSA-OAEP/SHA-256 max plaintext (62B) for a 1024-bit key,1024,512,411,0.018227679000005992,8.302100002310908e-05
,,,message_size=1024B exceeds RSA-OAEP/SHA-256 max plaintext (62B) for a 1024-bit key,1024,1024,411,0.018227679000005992,8.302100002310908e-05
5.15629999426892e-05,0.0002156209999384373,128.0,,1024,16,412,0.021470561999990423,9.149000004526897e-05
3.825399994639156e-05,0.00021380999999109918,128.0,,1024,32,412,0.021470561999990423,9.149000004526897e-05
,,,message_size=64B exceeds RSA-OAEP/SHA-256 max plaintext (62B) for a 1024-bit key,1024,64,412,0.021470561999990423,9.149000004526897e-05
,,,message_size=128B exceeds RSA-OAEP/SHA-256 max plaintext (62B) for a 1024-bit key,1024,128,412,0.021470561999990423,9.149000004526897e-05
,,,message_size=256B exceeds RSA-OAEP/SHA-256 max plaintext (62B) for a 1024-bit key,1024,256,412,0.021470561999990423,9.149000004526897e-05
,,,message_size=512B exceeds RSA-OAEP/SHA-256 max plaintext (62B) for a 1024-bit key,1024,512,412,0.021470561999990423,9.149000004526897e-05
,,,message_size=1024B exceeds RSA-OAEP/SHA-256 max plaintext (62B) for a 1024-bit key,1024,1024,412,0.021470561999990423,9.149000004526897e-05
4.448999993655889e-05,0.00021729000002324028,128.0,,1024,16,413,0.019259899999951813,7.896399995388492e-05
3.7995999946360826e-05,0.0002587810000704849,128.0,,1024,32,413,0.019259899999951813,7.896399995388492e-05
,,,message_size=64B exceeds RSA-OAEP/SHA-256 max plaintext (62B) for a 1024-bit key,1024,64,413,0.019259899999951813,7.896399995388492e-05
,,,message_size=128B exceeds RSA-OAEP/SHA-256 max plaintext (62B) for a 1024-bit key,1024,128,413,0.019259899999951813,7.896399995388492e-05
,,,message_size=256B exceeds RSA-OAEP/SHA-256 max plaintext (62B) for a 1024-bit key,1024,256,413,0.019259899999951813,7.896399995388492e-05
,,,message_size=512B exceeds RSA-OAEP/SHA-256 max plaintext (62B) for a 1024-bit key,1024,512,413,0.019259899999951813,7.896399995388492e-05
,,,message_size=1024B exceeds RSA-OAEP/SHA-256 max plaintext (62B) for a 1024-bit key,1024,1024,413,0.019259899999951813,7.896399995388492e-05
7.286099992143136e-05,0.00020856799994817266,128.0,,1024,16,414,0.024092488000064805,8.270099999663216e-05
4.2806000010386924e-05,0.00025410099999589875,128.0,,1024,32,414,0.024092488000064805,8.270099999663216e-05
,,,message_size=64B exceeds RSA-OAEP/SHA-256 max plaintext (62B) for a 1024-bit key,1024,64,414,0.024092488000064805,8.270099999663216e-05
,,,message_size=128B exceeds RSA-OAEP/SHA-256 max plaintext (62B) for a 1024-bit key,1024,128,414,0.024092488000064805,8.270099999663216e-05
,,,message_size=256B exceeds RSA-OAEP/SHA-256 max plaintext (62B) for a 1024-bit key,1024,256,414,0.024092488000064805,8.270099999663216e-05
,,,message_size=512B exceeds RSA-OAEP/SHA-256 max plaintext (62B) for a 1024-bit key,1024,512,414,0.024092488000064805,8.270099999663216e-05
,,,message_size=1024B exceeds RSA-OAEP/SHA-256 max plaintext (62B) for a 1024-bit key,1024,1024,414,0.024092488000064805,8.270099999663216e-05
4.4356999978845124e-05,0.00022801399995842075,128.0,,1024,16,415,0.015754669999978432,7.881700003053993e-05
3.927699992800626e-05,0.00023535700006505067,128.0,,1024,32,415,0.015754669999978432,7.881700003053993e-05
,,,message_size=64B exceeds RSA-OAEP/SHA-256 max plaintext (62B) for a 1024-bit key,1024,64,415,0.015754669999978432,7.881700003053993e-05
,,,message_size=128B exceeds RSA-OAEP/SHA-256 max plaintext (62B) for a 1024-bit key,1024,128,415,0.015754669999978432,7.881700003053993e-05
,,,message_size=256B exceeds RSA-OAEP/SHA-256 max plaintext (62B) for a 1024-bit key,1024,256,415,0.015754669999978432,7.881700003053993e-05
,,,message_size=512B exceeds RSA-OAEP/SHA-256 max plaintext (62B) for a 1024-bit key,1024,512,415,0.015754669999978432,7.881700003053993e-05
,,,message_size=1024B exceeds RSA-OAEP/SHA-256 max plaintext (62B) for a 1024-bit key,1024,1024,415,0.015754669999978432,7.881700003053993e-05
4.4027999933859974e-05,0.00021364399992762628,128.0,,1024,16,416,0.025408645000084107,8.65549999389259e-05
3.7403999954221945e-05,0.00022020299991254433,128.0,,1024,32,416,0.025408645000084107,8.65549999389259e-05
,,,message_size=64B exceeds RSA-OAEP/SHA-256 max plaintext (62B) for a 1024-bit key,1024,64,416,0.025408645000084107,8.65549999389259e-05
,,,message_size=128B exceeds RSA-OAEP/SHA-256 max plaintext (62B) for a 1024-bit key,1024,128,416,0.025408645000084107,8.65549999389259e-05
,,,message_size=256B exceeds RSA-OAEP/SHA-256 max plaintext (62B) for a 1024-bit key,1024,256,416,0.025408645000084107,8.65549999389259e-05
,,,message_size=512B exceeds RSA-OAEP/SHA-256 max plaintext (62B) for a 1024-bit key,1024,512,416,0.025408645000084107,8.65549999389259e-05
,,,message_size=1024B exceeds RSA-OAEP/SHA-256 max plaintext (62B) for a 1024-bit key,1024,1024,416,0.025408645000084107,8.65549999389259e-05
4.413299996031128e-05,0.0002273609999292603,128.0,,1024,16,417,0.01574127599997155,7.637399994564475e-05
3.665700000965444e-05,0.00022985800001151802,128.0,,1024,32,417,0.01574127599997155,7.637399994564475e-05
,,,message_size=64B exceeds RSA-OAEP/SHA-256 max plaintext (62B) for a 1024-bit key,1024,64,417,0.01574127599997155,7.637399994564475e-05
,,,message_size=128B exceeds RSA-OAEP/SHA-256 max plaintext (62B) for a 1024-bit key,1024,128,417,0.01574127599997155,7.637399994564475e-05
,,,message_size=256B exceeds RSA-OAEP/SHA-256 max plaintext (62B) for a 1024-bit key,1024,256,417,0.01574127599997155,7.637399994564475e-05
,,,message_size=512B exceeds RSA-OAEP/SHA-256 max plaintext (62B) for a 1024-bit key,1024,512,417,0.01574127599997155,7.637399994564475e-05
,,,message_size=1024B exceeds RSA-OAEP/SHA-256 max plaintext (62B) for a 1024-bit key,1024,1024,417,0.01574127599997155,7.637399994564475e-05
5.6760999996186e-05,0.00021655199998349417,128.0,,1024,16,418,0.021261334999962855,8.547400000225025e-05
3.8085000028331706e-05,0.00021379000008892035,128.0,,1024,32,418,0.021261334999962855,8.547400000225025e-05
,,,message_size=64B exceeds RSA-OAEP/SHA-256 max plaintext (62B) for a 1024-bit key,1024,64,418,0.021261334999962855,8.547400000225025e-05
,,,message_size=128B exceeds RSA-OAEP/SHA-256 max plaintext (62B) for a 1024-bit key,1024,128,418,0.021261334999962855,8.547400000225025e-05
,,,message_size=256B exceeds RSA-OAEP/SHA-256 max plaintext (62B) for a 1024-bit key,1024,256,418,0.021261334999962855,8.547400000225025e-05
,,,message_size=512B exceeds RSA-OAEP/SHA-256 max plaintext (62B) for a 1024-bit key,1024,512,418,0.021261334999962855,8.547400000225025e-05
,,,message_size=1024B exceeds RSA-OAEP/SHA-256 max plaintext (62B) for a 1024-bit key,1024,1024,418,0.021261334999962855,8.547400000225025e-05
4.322300003423152e-05,0.00023448399997505476,128.0,,1024,16,419,0.020206135999956132,8.21510000150738e-05
3.937999997560837e-05,0.00021817900005771662,128.0,,1024,32,419,0.020206135999956132,8.21510000150738e-05
,,,message_size=64B exceeds RSA-OAEP/SHA-256 max plaintext (62B) for a 1024-bit key,1024,64,419,0.020206135999956132,8.21510000150738e-05
,,,message_size=128B exceeds RSA-OAEP/SHA-256 max plaintext (62B) for a 1024-bit key,1024,128,419,0.020206135999956132,8.21510000150738e-05
,,,message_size=256B exceeds RSA-OAEP/SHA-256 max plaintext (62B) for a 1024-bit key,1024,256,419,0.020206135999956132,8.21510000150738e-05
,,,message_size=512B exceeds RSA-OAEP/SHA-256 max plaintext (62B) for a 1024-bit key,1024,512,419,0.020206135999956132,8.21510000150738e-05
,,,message_size=1024B exceeds RSA-OAEP/SHA-256 max plaintext (62B) for a 1024-bit key,1024,1024,419,0.020206135999956132,8.21510000150738e-05
7.195200009846303e-05,0.00023068999996667117,128.0,,1024,16,420,0.021047158999977,0.00010663800003385404
6.06629999992947e-05,0.0001945489999570782,128.0,,1024,32,420,0.021047158999977,0.00010663800003385404
,,,message_size=64B exceeds RSA-OAEP/SHA-256 max plaintext (62B) for a 1024-bit key,1024,64,420,0.021047158999977,0.00010663800003385404
,,,message_size=128B exceeds RSA-OAEP/SHA-256 max plaintext (62B) for a 1024-bit key,1024,128,420,0.021047158999977,0.00010663800003385404
,,,message_size=256B exceeds RSA-OAEP/SHA-256 max plaintext (62B) for a 1024-bit key,1024,256,420,0.021047158999977,0.00010663800003385404
,,,message_size=512B exceeds RSA-OAEP/SHA-256 max plaintext (62B) for a 1024-bit key,1024,512,420,0.021047158999977,0.00010663800003385404
,,,message_size=1024B exceeds RSA-OAEP/SHA-256 max plaintext (62B) for a 1024-bit key,1024,1024,420,0.021047158999977,0.00010663800003385404
3.292799999599083e-05,0.0001332120000370196,128.0,,1024,16,421,0.01922303199989983,6.633300006342324e-05
2.3523999971075682e-05,0.0003118110000741581,128.0,,1024,32,421,0.01922303199989983,6.633300006342324e-05
,,,message_size=64B exceeds RSA-OAEP/SHA-256 max plaintext (62B) for a 1024-bit key,1024,64,421,0.01922303199989983,6.633300006342324e-05
,,,message_size=128B exceeds RSA-OAEP/SHA-256 max plaintext (62B) for a 1024-bit key,1024,128,421,0.01922303199989983,6.633300006342324e-05
,,,message_size=256B exceeds RSA-OAEP/SHA-256 max plaintext (62B) for a 1024-bit key,1024,256,421,0.01922303199989983,6.633300006342324e-05
,,,message_size=512B exceeds RSA-OAEP/SHA-256 max plaintext (62B) for a 1024-bit key,1024,512,421,0.01922303199989983,6.633300006342324e-05
,,,message_size=1024B exceeds RSA-OAEP/SHA-256 max plaintext (62B) for a 1024-bit key,1024,1024,421,0.01922303199989983,6.633300006342324e-05
8.878400001322007e-05,0.00018495400001938833,128.0,,1024,16,422,0.014299381999990146,8.97080000186179e-05
3.931300000203919e-05,0.0001754259999415808,128.0,,1024,32,422,0.014299381999990146,8.97080000186179e-05
,,,message_size=64B exceeds RSA-OAEP/SHA-256 max plaintext (62B) for a 1024-bit key,1024,64,422,0.014299381999990146,8.97080000186179e-05
,,,message_size=128B exceeds RSA-OAEP/SHA-256 max plaintext (62B) for a 1024-bit key,1024,128,422,0.014299381999990146,8.97080000186179e-05
,,,message_size=256B exceeds RSA-OAEP/SHA-256 max plaintext (62B) for a 1024-bit key,1024,256,422,0.014299381999990146,8.97080000186179e-05
,,,message_size=512B exceeds RSA-OAEP/SHA-256 max plaintext (62B) for a 1024-bit key,1024,512,422,0.014299381999990146,8.97080000186179e-05
,,,message_size=1024B exceeds RSA-OAEP/SHA-256 max plaintext (62B) for a 1024-bit key,1024,1024,422,0.014299381999990146,8.97080000186179e-05
7.146799998736242e-05,0.00022277699997630407,128.0,,1024,16,423,0.015234472999964055,9.091200001876132e-05
4.917599994769262e-05,0.00020426200001111283,128.0,,1024,32,423,0.015234472999964055,9.091200001876132e-05
,,,message_size=64B exceeds RSA-OAEP/SHA-256 max plaintext (62B) for a 1024-bit key,1024,64,423,0.015234472999964055,9.091200001876132e-05
,,,message_size=128B exceeds RSA-OAEP/SHA-256 max plaintext (62B) for a 1024-bit key,1024,128,423,0.015234472999964055,9.091200001876132e-05
,,,message_size=256B exceeds RSA-OAEP/SHA-256 max plaintext (62B) for a 1024-bit key,1024,256,423,0.015234472999964055,9.091200001876132e-05
,,,message_size=512B exceeds RSA-OAEP/SHA-256 max plaintext (62B) for a 1024-bit key,1024,512,423,0.015234472999964055,9.091200001876132e-05
,,,message_size=1024B exceeds RSA-OAEP/SHA-256 max plaintext (62B) for a 1024-bit key,1024,1024,423,0.015234472999964055,9.091200001876132e-05
7.902200002263271e-05,0.0001944320000575317,128.0,,1024,16,424,0.014897214000029635,8.116399999380519e-05
4.0456999954585626e-05,0.00019357600001512765,128.0,,1024,32,424,0.014897214000029635,8.116399999380519e-05
,,,message_size=64B exceeds RSA-OAEP/SHA-256 max plaintext (62B) for a 1024-bit key,1024,64,424,0.014897214000029635,8.116399999380519e-05
,,,message_size=128B exceeds RSA-OAEP/SHA-256 max plaintext (62B) for a 1024-bit key,1024,128,424,0.014897214000029635,8.116399999380519e-05
,,,message_size=256B exceeds RSA-OAEP/SHA-256 max plaintext (62B) for a 1024-bit key,1024,256,424,0.014897214000029635,8.116399999380519e-05
,,,message_size=512B exceeds RSA-OAEP/SHA-256 max plaintext (62B) for a 1024-bit key,1024,512,424,0.014897214000029635,8.116399999380519e-05
,,,message_size=1024B exceeds RSA-OAEP/SHA-256 max plaintext (62B) for a 1024-bit key,1024,1024,424,0.014897214000029635,8.116399999380519e-05
6.351400008952623e-05,0.0002213430000210792,128.0,,1024,16,425,0.011421023000025343,0.011009816999944633
4.186800003935787e-05,0.00017630600007123576,128.0,,1024,32,425,0.011421023000025343,0.011009816999944633
,,,message_size=64B exceeds RSA-OAEP/SHA-256 max plaintext (62B) for a 1024-bit key,1024,64,425,0.011421023000025343,0.011009816999944633
,,,message_size=128B exceeds RSA-OAEP/SHA-256 max plaintext (62B) for a 1024-bit key,1024,128,425,0.011421023000025343,0.011009816999944633
,,,message_size=256B exceeds RSA-OAEP/SHA-256 max plaintext (62B) for a 1024-bit key,1024,256,425,0.011421023000025343,0.011009816999944633
,,,message_size=512B exceeds RSA-OAEP/SHA-256 max plaintext (62B) for a 1024-bit key,1024,512,425,0.011421023000025343,0.011009816999944633
,,,message_size=1024B exceeds RSA-OAEP/SHA-256 max plaintext (62B) for a 1024-bit key,1024,1024,425,0.011421023000025343,0.011009816999944633
6.837099999756902e-05,0.00025560000005953043,128.0,,1024,16,426,0.020183600999985174,8.478199993078306e-05
4.403199989155837e-05,0.00022195700000793295,128.0,,1024,32,426,0.020183600999985174,8.478199993078306e-05
,,,message_size=64B exceeds RSA-OAEP/SHA-256 max plaintext (62B) for a 1024-bit key,1024,64,426,0.020183600999985174,8.478199993078306e-05
,,,message_size=128B exceeds RSA-OAEP/SHA-256 max plaintext (62B) for a 1024-bit key,1024,128,426,0.020183600999985174,8.478199993078306e-05
,,,message_size=256B exceeds RSA-OAEP/SHA-256 max plaintext (62B) for a 1024-bit key,1024,256,426,0.020183600999985174,8.478199993078306e-05
,,,message_size=512B exceeds RSA-OAEP/SHA-256 max plaintext (62B) for a 1024-bit key,1024,512,426,0.020183600999985174,8.478199993078306e-05
,,,message_size=1024B exceeds RSA-OAEP/SHA-256 max plaintext (62B) for a 1024-bit key,1024,1024,426,0.020183600999985174,8.478199993078306e-05
7.060400002956158e-05,0.00019560999999157502,128.0,,1024,16,427,0.02468205200000284,6.793199997900956e-05
4.57559999631485e-05,0.0002159500000971093,128.0,,1024,32,427,0.02468205200000284,6.793199997900956e-05
,,,message_size=64B exceeds RSA-OAEP/SHA-256 max plaintext (62B) for a 1024-bit key,1024,64,427,0.02468205200000284,6.793199997900956e-05
,,,message_size=128B exceeds RSA-OAEP/SHA-256 max plaintext (62B) for a 1024-bit key,1024,128,427,0.02468205200000284,6.793199997900956e-05
,,,message_size=256B exceeds RSA-OAEP/SHA-256 max plaintext (62B) for a 1024-bit key,1024,256,427,0.02468205200000284,6.793199997900956e-05
,,,message_size=512B exceeds RSA-OAEP/SHA-256 max plaintext (62B) for a 1024-bit key,1024,512,427,0.02468205200000284,6.793199997900956e-05
,,,message_size=1024B exceeds RSA-OAEP/SHA-256 max plaintext (62B) for a 1024-bit key,1024,1024,427,0.02468205200000284,6.793199997900956e-05
8.487499997045234e-05,0.000639256999988902,128.0,,1024,16,428,0.03241256300009354,8.193199994366296e-05
5.2906999940205424e-05,0.0002087120000169307,128.0,,1024,32,428,0.03241256300009354,8.193199994366296e-05
,,,message_size=64B exceeds RSA-OAEP/SHA-256 max plaintext (62B) for a 1024-bit key,1024,64,428,0.03241256300009354,8.193199994366296e-05
,,,message_size=128B exceeds RSA-OAEP/SHA-256 max plaintext (62B) for a 1024-bit key,1024,128,428,0.03241256300009354,8.193199994366296e-05
,,,message_size=256B exceeds RSA-OAEP/SHA-256 max plaintext (62B) for a 1024-bit key,1024,256,428,0.03241256300009354,8.193199994366296e-05
,,,message_size=512B exceeds RSA-OAEP/SHA-256 max plaintext (62B) for a 1024-bit key,1024,512,428,0.03241256300009354,8.193199994366296e-05
,,,message_size=1024B exceeds RSA-OAEP/SHA-256 max plaintext (62B) for a 1024-bit key,1024,1024,428,0.03241256300009354,8.193199994366296e-05
8.15440000678791e-05,0.00023145000000113214,128.0,,1024,16,429,0.029648261999909664,9.383800011164567e-05
4.629000000022643e-05,0.00020014500000797852,128.0,,1024,32,429,0.029648261999909664,9.383800011164567e-05
,,,message_size=64B exceeds RSA-OAEP/SHA-256 max plaintext (62B) for a 1024-bit key,1024,64,429,0.029648261999909664,9.383800011164567e-05
,,,message_size=128B exceeds RSA-OAEP/SHA-256 max plaintext (62B) for a 1024-bit key,1024,128,429,0.029648261999909664,9.383800011164567e-05
,,,message_size=256B exceeds RSA-OAEP/SHA-256 max plaintext (62B) for a 1024-bit key,1024,256,429,0.029648261999909664,9.383800011164567e-05
,,,message_size=512B exceeds RSA-OAEP/SHA-256 max plaintext (62B) for a 1024-bit key,1024,512,429,0.029648261999909664,9.383800011164567e-05
,,,message_size=1024B exceeds RSA-OAEP/SHA-256 max plaintext (62B) for a 1024-bit key,1024,1024,429,0.029648261999909664,9.383800011164567e-05
6.059499992261408e-05,0.0002283169999373058,128.0,,1024,16,430,0.01765698799999882,8.444900004178635e-05
4.9882999974215636e-05,0.00019445800000994495,128.0,,1024,32,430,0.01765698799999882,8.444900004178635e-05
,,,message_size=64B exceeds RSA-OAEP/SHA-256 max plaintext (62B) for a 1024-bit key,1024,64,430,0.01765698799999882,8.444900004178635e-05
,,,message_size=128B exceeds RSA-OAEP/SHA-256 max plaintext (62B) for a 1024-bit key,1024,128,430,0.01765698799999882,8.444900004178635e-05
,,,message_size=256B exceeds RSA-OAEP/SHA-256 max plaintext (62B) for a 1024-bit key,1024,256,430,0.01765698799999882,8.444900004178635e-05
,,,message_size=512B exceeds RSA-OAEP/SHA-256 max plaintext (62B) for a 1024-bit key,1024,512,430,0.01765698799999882,8.444900004178635e-05
,,,message_size=1024B exceeds RSA-OAEP/SHA-256 max plaintext (62B) for a 1024-bit key,1024,1024,430,0.01765698799999882,8.444900004178635e-05
7.772599997224461e-05,0.00021762699998362223,128.0,,1024,16,431,0.02139389100000244,0.0011338809999870136
3.892500001256849e-05,0.0002005279999366394,128.0,,1024,32,431,0.02139389100000244,0.0011338809999870136
,,,message_size=64B exceeds RSA-OAEP/SHA-256 max plaintext (62B) for a 1024-bit key,1024,64,431,0.02139389100000244,0.0011338809999870136
,,,message_size=128B exceeds RSA-OAEP/SHA-256 max plaintext (62B) for a 1024-bit key,1024,128,431,0.02139389100000244,0.0011338809999870136
,,,message_size=256B exceeds RSA-OAEP/SHA-256 max plaintext (62B) for a 1024-bit key,1024,256,431,0.02139389100000244,0.0011338809999870136
,,,message_size=512B exceeds RSA-OAEP/SHA-256 max plaintext (62B) for a 1024-bit key,1024,512,431,0.02139389100000244,0.0011338809999870136
,,,message_size=1024B exceeds RSA-OAEP/SHA-256 max plaintext (62B) for a 1024-bit key,1024,1024,431,0.02139389100000244,0.0011338809999870136
5.323800007772661e-05,0.0002225060000000667,128.0,,1024,16,432,0.025753753999993023,8.337700000993209e-05
4.424799999469542e-05,0.0002132249999249325,128.0,,1024,32,432,0.025753753999993023,8.337700000993209e-05
,,,message_size=64B exceeds RSA-OAEP/SHA-256 max plaintext (62B) for a 1024-bit key,1024,64,432,0.025753753999993023,8.337700000993209e-05
,,,message_size=128B exceeds RSA-OAEP/SHA-256 max plaintext (62B) for a 1024-bit key,1024,128,432,0.025753753999993023,8.337700000993209e-05
,,,message_size=256B exceeds RSA-OAEP/SHA-256 max plaintext (62B) for a 1024-bit key,1024,256,432,0.025753753999993023,8.337700000993209e-05
,,,message_size=512B exceeds RSA-OAEP/SHA-256 max plaintext (62B) for a 1024-bit key,1024,512,432,0.025753753999993023,8.337700000993209e-05
,,,message_size=1024B exceeds RSA-OAEP/SHA-256 max plaintext (62B) for a 1024-bit key,1024,1024,432,0.025753753999993023,8.337700000993209e-05
0.00010934399995221611,0.00023064900005920208,128.0,,1024,16,433,0.015095108000082291,7.90299999380295e-05
4.3844999936482054e-05,0.0002674160000424308,128.0,,1024,32,433,0.015095108000082291,7.90299999380295e-05
,,,message_size=64B exceeds RSA-OAEP/SHA-256 max plaintext (62B) for a 1024-bit key,1024,64,433,0.015095108000082291,7.90299999380295e-05
,,,message_size=128B exceeds RSA-OAEP/SHA-256 max plaintext (62B) for a 1024-bit key,1024,128,433,0.015095108000082291,7.90299999380295e-05
,,,message_size=256B exceeds RSA-OAEP/SHA-256 max plaintext (62B) for a 1024-bit key,1024,256,433,0.015095108000082291,7.90299999380295e-05
,,,message_size=512B exceeds RSA-OAEP/SHA-256 max plaintext (62B) for a 1024-bit key,1024,512,433,0.015095108000082291,7.90299999380295e-05
,,,message_size=1024B exceeds RSA-OAEP/SHA-256 max plaintext (62B) for a 1024-bit key,1024,1024,433,0.015095108000082291,7.90299999380295e-05
7.81720000304631e-05,0.000217973999951937,128.0,,1024,16,434,0.030925942000067153,6.741699996837269e-05
4.0126000044438115e-05,0.002243036999971082,128.0,,1024,32,434,0.030925942000067153,6.741699996837269e-05
,,,message_size=64B exceeds RSA-OAEP/SHA-256 max plaintext (62B) for a 1024-bit key,1024,64,434,0.030925942000067153,6.741699996837269e-05
,,,message_size=128B exceeds RSA-OAEP/SHA-256 max plaintext (62B) for a 1024-bit key,1024,128,434,0.030925942000067153,6.741699996837269e-05
,,,message_size=256B exceeds RSA-OAEP/SHA-256 max plaintext (62B) for a 1024-bit key,1024,256,434,0.030925942000067153,6.741699996837269e-05
,,,message_size=512B exceeds RSA-OAEP/SHA-256 max plaintext (62B) for a 1024-bit key,1024,512,434,0.030925942000067153,6.741699996837269e-05
,,,message_size=1024B exceeds RSA-OAEP/SHA-256 max plaintext (62B) for a 1024-bit key,1024,1024,434,0.030925942000067153,6.741699996837269e-05
7.45190000088769e-05,0.00019225500000175089,128.0,,1024,16,435,0.0309627740000451,7.948299992222019e-05
3.908500002580695e-05,0.0001997939999682785,128.0,,1024,32,435,0.0309627740000451,7.948299992222019e-05
,,,message_size=64B exceeds RSA-OAEP/SHA-256 max plaintext (62B) for a 1024-bit key,1024,64,435,0.0309627740000451,7.948299992222019e-05
,,,message_size=128B exceeds RSA-OAEP/SHA-256 max plaintext (62B) for a 1024-bit key,1024,128,435,0.0309627740000451,7.948299992222019e-05
,,,message_size=256B exceeds RSA-OAEP/SHA-256 max plaintext (62B) for a 1024-bit key,1024,256,435,0.0309627740000451,7.948299992222019e-05
,,,message_size=512B exceeds RSA-OAEP/SHA-256 max plaintext (62B) for a 1024-bit key,1024,512,435,0.0309627740000451,7.948299992222019e-05
,,,message_size=1024B exceeds RSA-OAEP/SHA-256 max plaintext (62B) for a 1024-bit key,1024,1024,435,0.0309627740000451,7.948299992222019e-05
7.203500001651264e-05,0.0005839189999505834,128.0,,1024,16,436,0.03192358400008288,8.690700008173735e-05
8.953399992606137e-05,0.00021444700007577921,128.0,,1024,32,436,0.03192358400008288,8.690700008173735e-05
,,,message_size=64B exceeds RSA-OAEP/SHA-256 max plaintext (62B) for a 1024-bit key,1024,64,436,0.03192358400008288,8.690700008173735e-05
,,,message_size=128B exceeds RSA-OAEP/SHA-256 max plaintext (62B) for a 1024-bit key,1024,128,436,0.03192358400008288,8.690700008173735e-05
,,,message_size=256B exceeds RSA-OAEP/SHA-256 max plaintext (62B) for a 1024-bit key,1024,256,436,0.03192358400008288,8.690700008173735e-05
,,,message_size=512B exceeds RSA-OAEP/SHA-256 max plaintext (62B) for a 1024-bit key,1024,512,436,0.03192358400008288,8.690700008173735e-05
,,,message_size=1024B exceeds RSA-OAEP/SHA-256 max plaintext (62B) for a 1024-bit key,1024,1024,436,0.03192358400008288,8.690700008173735e-05
7.365199996911542e-05,0.00022562499998457497,128.0,,1024,16,437,0.022171780000007857,6.483300001036696e-05
5.364900005133677e-05,0.00020512499997948908,128.0,,1024,32,437,0.022171780000007857,6.483300001036696e-05
,,,message_size=64B exceeds RSA-OAEP/SHA-256 max plaintext (62B) for a 1024-bit key,1024,64,437,0.022171780000007857,6.483300001036696e-05
,,,message_size=128B exceeds RSA-OAEP/SHA-256 max plaintext (62B) for a 1024-bit key,1024,128,437,0.022171780000007857,6.483300001036696e-05
,,,message_size=256B exceeds RSA-OAEP/SHA-256 max plaintext (62B) for a 1024-bit key,1024,256,437,0.022171780000007857,6.483300001036696e-05
,,,message_size=512B exceeds RSA-OAEP/SHA-256 max plaintext (62B) for a 1024-bit key,1024,512,437,0.022171780000007857,6.483300001036696e-05
,,,message_size=1024B exceeds RSA-OAEP/SHA-256 max plaintext (62B) for a 1024-bit key,1024,1024,437,0.022171780000007857,6.483300001036696e-05
9.20300000188945e-05,0.000250324000035107,128.0,,1024,16,438,0.01840429399999266,7.831799996438349e-05
5.810400000427762e-05,0.00023375499995381688,128.0,,1024,32,438,0.01840429399999266,7.831799996438349e-05
,,,message_size=64B exceeds RSA-OAEP/SHA-256 max plaintext (62B) for a 1024-bit key,1024,64,438,0.01840429399999266,7.831799996438349e-05
,,,message_size=128B exceeds RSA-OAEP/SHA-256 max plaintext (62B) for a 1024-bit key,1024,128,438,0.01840429399999266,7.831799996438349e-05
,,,message_size=256B exceeds RSA-OAEP/SHA-256 max plaintext (62B) for a 1024-bit key,1024,256,438,0.01840429399999266,7.831799996438349e-05
,,,message_size=512B exceeds RSA-OAEP/SHA-256 max plaintext (62B) for a 1024-bit key,1024,512,438,0.01840429399999266,7.831799996438349e-05
,,,message_size=1024B exceeds RSA-OAEP/SHA-256 max plaintext (62B) for a 1024-bit key,1024,1024,438,0.01840429399999266,7.831799996438349e-05
2.3694999981671572e-05,0.00012167999989287637,128.0,,1024,16,439,0.01599863900003129,4.82140000030995e-05
2.179299997351336e-05,0.00012044800007515732,128.0,,1024,32,439,0.01599863900003129,4.82140000030995e-05
,,,message_size=64B exceeds RSA-OAEP/SHA-256 max plaintext (62B) for a 1024-bit key,1024,64,439,0.01599863900003129,4.82140000030995e-05
,,,message_size=128B exceeds RSA-OAEP/SHA-256 max plaintext (62B) for a 1024-bit key,1024,128,439,0.01599863900003129,4.82140000030995e-05
,,,message_size=256B exceeds RSA-OAEP/SHA-256 max plaintext (62B) for a 1024-bit key,1024,256,439,0.01599863900003129,4.82140000030995e-05
,,,message_size=512B exceeds RSA-OAEP/SHA-256 max plaintext (62B) for a 1024-bit key,1024,512,439,0.01599863900003129,4.82140000030995e-05
,,,message_size=1024B exceeds RSA-OAEP/SHA-256 max plaintext (62B) for a 1024-bit key,1024,1024,439,0.01599863900003129,4.82140000030995e-05
7.632200004081824e-05,0.00013129600006323017,128.0,,1024,16,440,0.01103612899999007,4.201599995212746e-05
2.440100001876999e-05,0.0001358790000267618,128.0,,1024,32,440,0.01103612899999007,4.201599995212746e-05
,,,message_size=64B exceeds RSA-OAEP/SHA-256 max plaintext (62B) for a 1024-bit key,1024,64,440,0.01103612899999007,4.201599995212746e-05
,,,message_size=128B exceeds RSA-OAEP/SHA-256 max plaintext (62B) for a 1024-bit key,1024,128,440,0.01103612899999007,4.201599995212746e-05
,,,message_size=256B exceeds RSA-OAEP/SHA-256 max plaintext (62B) for a 1024-bit key,1024,256,440,0.01103612899999007,4.201599995212746e-05
,,,message_size=512B exceeds RSA-OAEP/SHA-256 max plaintext (62B) for a 1024-bit key,1024,512,440,0.01103612899999007,4.201599995212746e-05
,,,message_size=1024B exceeds RSA-OAEP/SHA-256 max plaintext (62B) for a 1024-bit key,1024,1024,440,0.01103612899999007,4.201599995212746e-05
3.048800010674313e-05,0.00012208199996166513,128.0,,1024,16,441,0.014043992999972943,4.948200000853831e-05
2.1403000005193462e-05,0.00013245699994968163,128.0,,1024,32,441,0.014043992999972943,4.948200000853831e-05
,,,message_size=64B exceeds RSA-OAEP/SHA-256 max plaintext (62B) for a 1024-bit key,1024,64,441,0.014043992999972943,4.948200000853831e-05
,,,message_size=128B exceeds RSA-OAEP/SHA-256 max plaintext (62B) for a 1024-bit key,1024,128,441,0.014043992999972943,4.948200000853831e-05
,,,message_size=256B exceeds RSA-OAEP/SHA-256 max plaintext (62B) for a 1024-bit key,1024,256,441,0.014043992999972943,4.948200000853831e-05
,,,message_size=512B exceeds RSA-OAEP/SHA-256 max plaintext (62B) for a 1024-bit key,1024,512,441,0.014043992999972943,4.948200000853831e-05
,,,message_size=1024B exceeds RSA-OAEP/SHA-256 max plaintext (62B) for a 1024-bit key,1024,1024,441,0.014043992999972943,4.948200000853831e-05
2.4815000074340787e-05,0.00013590599996859964,128.0,,1024,16,442,0.014697959000045557,5.193999993480247e-05
2.380900002663111e-05,0.00012515399998846988,128.0,,1024,32,442,0.014697959000045557,5.193999993480247e-05
,,,message_size=64B exceeds RSA-OAEP/SHA-256 max plaintext (62B) for a 1024-bit key,1024,64,442,0.014697959000045557,5.193999993480247e-05
,,,message_size=128B exceeds RSA-OAEP/SHA-256 max plaintext (62B) for a 1024-bit key,1024,128,442,0.014697959000045557,5.193999993480247e-05
,,,message_size=256B exceeds RSA-OAEP/SHA-256 max plaintext (62B) for a 1024-bit key,1024,256,442,0.014697959000045557,5.193999993480247e-05
,,,message_size=512B exceeds RSA-OAEP/SHA-256 max plaintext (62B) for a 1024-bit key,1024,512,442,0.014697959000045557,5.193999993480247e-05
,,,message_size=1024B exceeds RSA-OAEP/SHA-256 max plaintext (62B) for a 1024-bit key,1024,1024,442,0.014697959000045557,5.193999993480247e-05
2.389299993410532e-05,0.00015223100001549028,128.0,,1024,16,443,0.008575693000011597,5.175899991627375e-05
2.6954999952977232e-05,0.00012556299998323084,128.0,,1024,32,443,0.008575693000011597,5.175899991627375e-05
,,,message_size=64B exceeds RSA-OAEP/SHA-256 max plaintext (62B) for a 1024-bit key,1024,64,443,0.008575693000011597,5.175899991627375e-05
,,,message_size=128B exceeds RSA-OAEP/SHA-256 max plaintext (62B) for a 1024-bit key,1024,128,443,0.008575693000011597,5.175899991627375e-05
,,,message_size=256B exceeds RSA-OAEP/SHA-256 max plaintext (62B) for a 1024-bit key,1024,256,443,0.008575693000011597,5.175899991627375e-05
,,,message_size=512B exceeds RSA-OAEP/SHA-256 max plaintext (62B) for a 1024-bit key,1024,512,443,0.008575693000011597,5.175899991627375e-05
,,,message_size=1024B exceeds RSA-OAEP/SHA-256 max plaintext (62B) for a 1024-bit key,1024,1024,443,0.008575693000011597,5.175899991627375e-05
4.968400003235729e-05,0.0002328780000198094,128.0,,1024,16,444,0.012018033000003925,5.880000003344321e-05
4.371199997876829e-05,0.00022708799997417373,128.0,,1024,32,444,0.012018033000003925,5.880000003344321e-05
,,,message_size=64B exceeds RSA-OAEP/SHA-256 max plaintext (62B) for a 1024-bit key,1024,64,444,0.012018033000003925,5.880000003344321e-05
,,,message_size=128B exceeds RSA-OAEP/SHA-256 max plaintext (62B) for a 1024-bit key,1024,128,444,0.012018033000003925,5.880000003344321e-05
,,,message_size=256B exceeds RSA-OAEP/SHA-256 max plaintext (62B) for a 1024-bit key,1024,256,444,0.012018033000003925,5.880000003344321e-05
,,,message_size=512B exceeds RSA-OAEP/SHA-256 max plaintext (62B) for a 1024-bit key,1024,512,444,0.012018033000003925,5.880000003344321e-05
,,,message_size=1024B exceeds RSA-OAEP/SHA-256 max plaintext (62B) for a 1024-bit key,1024,1024,444,0.012018033000003925,5.880000003344321e-05
2.6541000011093274e-05,0.00012222700001984776,128.0,,1024,16,445,0.008759145999988505,4.577699996843876e-05
2.2195999918039888e-05,0.00013003200001548976,128.0,,1024,32,445,0.008759145999988505,4.577699996843876e-05
,,,message_size=64B exceeds RSA-OAEP/SHA-256 max plaintext (62B) for a 1024-bit key,1024,64,445,0.008759145999988505,4.577699996843876e-05
,,,message_size=128B exceeds RSA-OAEP/SHA-256 max plaintext (62B) for a 1024-bit key,1024,128,445,0.008759145999988505,4.577699996843876e-05
,,,message_size=256B exceeds RSA-OAEP/SHA-256 max plaintext (62B) for a 1024-bit key,1024,256,445,0.008759145999988505,4.577699996843876e-05
,,,message_size=512B exceeds RSA-OAEP/SHA-256 max plaintext (62B) for a 1024-bit key,1024,512,445,0.008759145999988505,4.577699996843876e-05
,,,message_size=1024B exceeds RSA-OAEP/SHA-256 max plaintext (62B) for a 1024-bit key,1024,1024,445,0.008759145999988505,4.577699996843876e-05
2.4434000010842283e-05,0.00012156100001448067,128.0,,1024,16,446,0.016229586000008567,5.203599994274555e-05
2.1844000002602115e-05,0.00013071499995476188,128.0,,1024,32,446,0.016229586000008567,5.203599994274555e-05
,,,message_size=64B exceeds RSA-OAEP/SHA-256 max plaintext (62B) for a 1024-bit key,1024,64,446,0.016229586000008567,5.203599994274555e-05
,,,message_size=128B exceeds RSA-OAEP/SHA-256 max plaintext (62B) for a 1024-bit key,1024,128,446,0.016229586000008567,5.203599994274555e-05
,,,message_size=256B exceeds RSA-OAEP/SHA-256 max plaintext (62B) for a 1024-bit key,1024,256,446,0.016229586000008567,5.203599994274555e-05
,,,message_size=512B exceeds RSA-OAEP/SHA-256 max plaintext (62B) for a 1024-bit key,1024,512,446,0.016229586000008567,5.203599994274555e-05
,,,message_size=1024B exceeds RSA-OAEP/SHA-256 max plaintext (62B) for a 1024-bit key,1024,1024,446,0.016229586000008567,5.203599994274555e-05
2.4740000071687973e-05,0.00012929500007885508,128.0,,1024,16,447,0.009188924000000043,4.915800002436299e-05
2.2118000060800114e-05,0.00012043200001699006,128.0,,1024,32,447,0.009188924000000043,4.915800002436299e-05
,,,message_size=64B exceeds RSA-OAEP/SHA-256 max plaintext (62B) for a 1024-bit key,1024,64,447,0.009188924000000043,4.915800002436299e-05
,,,message_size=128B exceeds RSA-OAEP/SHA-256 max plaintext (62B) for a 1024-bit key,1024,128,447,0.009188924000000043,4.915800002436299e-05
,,,message_size=256B exceeds RSA-OAEP/SHA-256 max plaintext (62B) for a 1024-bit key,1024,256,447,0.009188924000000043,4.915800002436299e-05
,,,message_size=512B exceeds RSA-OAEP/SHA-256 max plaintext (62B) for a 1024-bit key,1024,512,447,0.009188924000000043,4.915800002436299e-05
,,,message_size=1024B exceeds RSA-OAEP/SHA-256 max plaintext (62B) for a 1024-bit key,1024,1024,447,0.009188924000000043,4.915800002436299e-05
3.148400003283314e-05,0.0001231279999274193,128.0,,1024,16,448,0.012567321000005904,5.357299994557252e-05
2.2423000018534367e-05,0.0001210489999721176,128.0,,1024,32,448,0.012567321000005904,5.357299994557252e-05
,,,message_size=64B exceeds RSA-OAEP/SHA-256 max plaintext (62B) for a 1024-bit key,1024,64,448,0.012567321000005904,5.357299994557252e-05
,,,message_size=128B exceeds RSA-OAEP/SHA-256 max plaintext (62B) for a 1024-bit key,1024,128,448,0.012567321000005904,5.357299994557252e-05
,,,message_size=256B exceeds RSA-OAEP/SHA-256 max plaintext (62B) for a 1024-bit key,1024,256,448,0.012567321000005904,5.357299994557252e-05
,,,message_size=512B exceeds RSA-OAEP/SHA-256 max plaintext (62B) for a 1024-bit key,1024,512,448,0.012567321000005904,5.357299994557252e-05
,,,message_size=1024B exceeds RSA-OAEP/SHA-256 max plaintext (62B) for a 1024-bit key,1024,1024,448,0.012567321000005904,5.357299994557252e-05
2.4930999984462687e-05,0.00012200300000131392,128.0,,1024,16,449,0.011190511999984665,4.8139000000446686e-05
2.1580000066023786e-05,0.00012808799999675102,128.0,,1024,32,449,0.011190511999984665,4.8139000000446686e-05
,,,message_size=64B exceeds RSA-OAEP/SHA-256 max plaintext (62B) for a 1024-bit key,1024,64,449,0.011190511999984665,4.8139000000446686e-05
,,,message_size=128B exceeds RSA-OAEP/SHA-256 max plaintext (62B) for a 1024-bit key,1024,128,449,0.011190511999984665,4.8139000000446686e-05
,,,message_size=256B exceeds RSA-OAEP/SHA-256 max plaintext (62B) for a 1024-bit key,1024,256,449,0.011190511999984665,4.8139000000446686e-05
,,,message_size=512B exceeds RSA-OAEP/SHA-256 max plaintext (62B) for a 1024-bit key,1024,512,449,0.011190511999984665,4.8139000000446686e-05
,,,message_size=1024B exceeds RSA-OAEP/SHA-256 max plaintext (62B) for a 1024-bit key,1024,1024,449,0.011190511999984665,4.8139000000446686e-05
2.4811000002955552e-05,0.00013286600005812943,128.0,,1024,16,450,0.008370581000008315,5.326100006186607e-05
2.29560000661877e-05,0.00012077999997472944,128.0,,1024,32,450,0.008370581000008315,5.326100006186607e-05
,,,message_size=64B exceeds RSA-OAEP/SHA-256 max plaintext (62B) for a 1024-bit key,1024,64,450,0.008370581000008315,5.326100006186607e-05
,,,message_size=128B exceeds RSA-OAEP/SHA-256 max plaintext (62B) for a 1024-bit key,1024,128,450,0.008370581000008315,5.326100006186607e-05
,,,message_size=256B exceeds RSA-OAEP/SHA-256 max plaintext (62B) for a 1024-bit key,1024,256,450,0.008370581000008315,5.326100006186607e-05
,,,message_size=512B exceeds RSA-OAEP/SHA-256 max plaintext (62B) for a 1024-bit key,1024,512,450,0.008370581000008315,5.326100006186607e-05
,,,message_size=1024B exceeds RSA-OAEP/SHA-256 max plaintext (62B) for a 1024-bit key,1024,1024,450,0.008370581000008315,5.326100006186607e-05
2.464399995005806e-05,0.00017140599993581418,128.0,,1024,16,451,0.0099846539999362,4.424999997354462e-05
2.4501000098098302e-05,0.00012115100003029511,128.0,,1024,32,451,0.0099846539999362,4.424999997354462e-05
,,,message_size=64B exceeds RSA-OAEP/SHA-256 max plaintext (62B) for a 1024-bit key,1024,64,451,0.0099846539999362,4.424999997354462e-05
,,,message_size=128B exceeds RSA-OAEP/SHA-256 max plaintext (62B) for a 1024-bit key,1024,128,451,0.0099846539999362,4.424999997354462e-05
,,,message_size=256B exceeds RSA-OAEP/SHA-256 max plaintext (62B) for a 1024-bit key,1024,256,451,0.0099846539999362,4.424999997354462e-05
,,,message_size=512B exceeds RSA-OAEP/SHA-256 max plaintext (62B) for a 1024-bit key,1024,512,451,0.0099846539999362,4.424999997354462e-05
,,,message_size=1024B exceeds RSA-OAEP/SHA-256 max plaintext (62B) for a 1024-bit key,1024,1024,451,0.0099846539999362,4.424999997354462e-05
2.4667000047884358e-05,0.00012158599997746933,128.0,,1024,16,452,0.008824673000049188,4.207100005260145e-05
2.1449999962896982e-05,0.00012056800005666446,128.0,,1024,32,452,0.008824673000049188,4.207100005260145e-05
,,,message_size=64B exceeds RSA-OAEP/SHA-256 max plaintext (62B) for a 1024-bit key,1024,64,452,0.008824673000049188,4.207100005260145e-05
,,,message_size=128B exceeds RSA-OAEP/SHA-256 max plaintext (62B) for a 1024-bit key,1024,128,452,0.008824673000049188,4.207100005260145e-05
,,,message_size=256B exceeds RSA-OAEP/SHA-256 max plaintext (62B) for a 1024-bit key,1024,256,452,0.008824673000049188,4.207100005260145e-05
,,,message_size=512B exceeds RSA-OAEP/SHA-256 max plaintext (62B) for a 1024-bit key,1024,512,452,0.008824673000049188,4.207100005260145e-05
,,,message_size=1024B exceeds RSA-OAEP/SHA-256 max plaintext (62B) for a 1024-bit key,1024,1024,452,0.008824673000049188,4.207100005260145e-05
2.5888999971357407e-05,0.0001222040000357083,128.0,,1024,16,453,0.01352838899993003,5.3655000101571204e-05
2.2275999981502537e-05,0.00012043900005664909,128.0,,1024,32,453,0.01352838899993003,5.3655000101571204e-05
,,,message_size=64B exceeds RSA-OAEP/SHA-256 max plaintext (62B) for a 1024-bit key,1024,64,453,0.01352838899993003,5.3655000101571204e-05
,,,message_size=128B exceeds RSA-OAEP/SHA-256 max plaintext (62B) for a 1024-bit key,1024,128,453,0.01352838899993003,5.3655000101571204e-05
,,,message_size=256B exceeds RSA-OAEP/SHA-256 max plaintext (62B) for a 1024-bit key,1024,256,453,0.01352838899993003,5.3655000101571204e-05
,,,message_size=512B exceeds RSA-OAEP/SHA-256 max plaintext (62B) for a 1024-bit key,1024,512,453,0.01352838899993003,5.3655000101571204e-05
,,,message_size=1024B exceeds RSA-OAEP/SHA-256 max plaintext (62B) for a 1024-bit key,1024,1024,453,0.01352838899993003,5.3655000101571204e-05
2.4491999965903233e-05,0.00012795299994650122,128.0,,1024,16,454,0.012277988000050755,5.083600001398736e-05
2.2470999965662486e-05,0.00012083000001439359,128.0,,1024,32,454,0.012277988000050755,5.083600001398736e-05
,,,message_size=64B exceeds RSA-OAEP/SHA-256 max plaintext (62B) for a 1024-bit key,1024,64,454,0.012277988000050755,5.083600001398736e-05
,,,message_size=128B exceeds RSA-OAEP/SHA-256 max plaintext (62B) for a 1024-bit key,1024,128,454,0.012277988000050755,5.083600001398736e-05
,,,message_size=256B exceeds RSA-OAEP/SHA-256 max plaintext (62B) for a 1024-bit key,1024,256,454,0.012277988000050755,5.083600001398736e-05
,,,message_size=512B exceeds RSA-OAEP/SHA-256 max plaintext (62B) for a 1024-bit key,1024,512,454,0.012277988000050755,5.083600001398736e-05
,,,message_size=1024B exceeds RSA-OAEP/SHA-256 max plaintext (62B) for a 1024-bit key,1024,1024,454,0.012277988000050755,5.083600001398736e-05
2.687899996089982e-05,0.0001219870000568335,128.0,,1024,16,455,0.008329486999969049,4.670999999234482e-05
2.1820000029038056e-05,0.00012031099993237149,128.0,,1024,32,455,0.008329486999969049,4.670999999234482e-05
,,,message_size=64B exceeds RSA-OAEP/SHA-256 max plaintext (62B) for a 1024-bit key,1024,64,455,0.008329486999969049,4.670999999234482e-05
,,,message_size=128B exceeds RSA-OAEP/SHA-256 max plaintext (62B) for a 1024-bit key,1024,128,455,0.008329486999969049,4.670999999234482e-05
,,,message_size=256B exceeds RSA-OAEP/SHA-256 max plaintext (62B) for a 1024-bit key,1024,256,455,0.008329486999969049,4.670999999234482e-05
,,,message_size=512B exceeds RSA-OAEP/SHA-256 max plaintext (62B) for a 1024-bit key,1024,512,455,0.008329486999969049,4.670999999234482e-05
,,,message_size=1024B exceeds RSA-OAEP/SHA-256 max plaintext (62B) for a 1024-bit key,1024,1024,455,0.008329486999969049,4.670999999234482e-05
2.5386000061189407e-05,0.00013563499999236228,128.0,,1024,16,456,0.013214718999961406,5.0728000019262254e-05
2.3089000023901463e-05,0.00012162899997747445,128.0,,1024,32,456,0.013214718999961406,5.0728000019262254e-05
,,,message_size=64B exceeds RSA-OAEP/SHA-256 max plaintext (62B) for a 1024-bit key,1024,64,456,0.013214718999961406,5.0728000019262254e-05
,,,message_size=128B exceeds RSA-OAEP/SHA-256 max plaintext (62B) for a 1024-bit key,1024,128,456,0.013214718999961406,5.0728000019262254e-05
,,,message_size=256B exceeds RSA-OAEP/SHA-256 max plaintext (62B) for a 1024-bit key,1024,256,456,0.013214718999961406,5.0728000019262254e-05
,,,message_size=512B exceeds RSA-OAEP/SHA-256 max plaintext (62B) for a 1024-bit key,1024,512,456,0.013214718999961406,5.0728000019262254e-05
,,,message_size=1024B exceeds RSA-OAEP/SHA-256 max plaintext (62B) for a 1024-bit key,1024,1024,456,0.013214718999961406,5.0728000019262254e-05
2.9005999977016472e-05,0.00012993300003927288,128.0,,1024,16,457,0.024549860999968587,4.934300000059011e-05
2.2758999989491713e-05,0.00012042299999848183,128.0,,1024,32,457,0.024549860999968587,4.934300000059011e-05
,,,message_size=64B exceeds RSA-OAEP/SHA-256 max plaintext (62B) for a 1024-bit key,1024,64,457,0.024549860999968587,4.934300000059011e-05
,,,message_size=128B exceeds RSA-OAEP/SHA-256 max plaintext (62B) for a 1024-bit key,1024,128,457,0.024549860999968587,4.934300000059011e-05
,,,message_size=256B exceeds RSA-OAEP/SHA-256 max plaintext (62B) for a 1024-bit key,1024,256,457,0.024549860999968587,4.934300000059011e-05
,,,message_size=512B exceeds RSA-OAEP/SHA-256 max plaintext (62B) for a 1024-bit key,1024,512,457,0.024549860999968587,4.934300000059011e-05
,,,message_size=1024B exceeds RSA-OAEP/SHA-256 max plaintext (62B) for a 1024-bit key,1024,1024,457,0.024549860999968587,4.934300000059011e-05
2.562100007708068e-05,0.00012183000001186883,128.0,,1024,16,458,0.01682210399997075,5.2892000098836434e-05
2.237599994714401e-05,0.00012398399996982334,128.0,,1024,32,458,0.01682210399997075,5.2892000098836434e-05
,,,message_size=64B exceeds RSA-OAEP/SHA-256 max plaintext (62B) for a 1024-bit key,1024,64,458,0.01682210399997075,5.2892000098836434e-05
,,,message_size=128B exceeds RSA-OAEP/SHA-256 max plaintext (62B) for a 1024-bit key,1024,128,458,0.01682210399997075,5.2892000098836434e-05
,,,message_size=256B exceeds RSA-OAEP/SHA-256 max plaintext (62B) for a 1024-bit key,1024,256,458,0.01682210399997075,5.2892000098836434e-05
,,,message_size=512B exceeds RSA-OAEP/SHA-256 max plaintext (62B) for a 1024-bit key,1024,512,458,0.01682210399997075,5.2892000098836434e-05
,,,message_size=1024B exceeds RSA-OAEP/SHA-256 max plaintext (62B) for a 1024-bit key,1024,1024,458,0.01682210399997075,5.2892000098836434e-05
2.5912999944921467e-05,0.00012207899999339134,128.0,,1024,16,459,0.01894215900006202,5.265999993753212e-05
2.2024000031706237e-05,0.0001202439999588023,128.0,,1024,32,459,0.01894215900006202,5.265999993753212e-05
,,,message_size=64B exceeds RSA-OAEP/SHA-256 max plaintext (62B) for a 1024-bit key,1024,64,459,0.01894215900006202,5.265999993753212e-05
,,,message_size=128B exceeds RSA-OAEP/SHA-256 max plaintext (62B) for a 1024-bit key,1024,128,459,0.01894215900006202,5.265999993753212e-05
,,,message_size=256B exceeds RSA-OAEP/SHA-256 max plaintext (62B) for a 1024-bit key,1024,256,459,0.01894215900006202,5.265999993753212e-05
,,,message_size=512B exceeds RSA-OAEP/SHA-256 max plaintext (62B) for a 1024-bit key,1024,512,459,0.01894215900006202,5.265999993753212e-05
,,,message_size=1024B exceeds RSA-OAEP/SHA-256 max plaintext (62B) for a 1024-bit key,1024,1024,459,0.01894215900006202,5.265999993753212e-05
2.4582000037298712e-05,0.0001214349999827391,128.0,,1024,16,460,0.010842189000072722,4.7559999984514434e-05
2.182799994443485e-05,0.0001335709999921164,128.0,,1024,32,460,0.010842189000072722,4.7559999984514434e-05
,,,message_size=64B exceeds RSA-OAEP/SHA-256 max plaintext (62B) for a 1024-bit key,1024,64,460,0.010842189000072722,4.7559999984514434e-05
,,,message_size=128B exceeds RSA-OAEP/SHA-256 max plaintext (62B) for a 1024-bit key,1024,128,460,0.010842189000072722,4.7559999984514434e-05
,,,message_size=256B exceeds RSA-OAEP/SHA-256 max plaintext (62B) for a 1024-bit key,1024,256,460,0.010842189000072722,4.7559999984514434e-05
,,,message_size=512B exceeds RSA-OAEP/SHA-256 max plaintext (62B) for a 1024-bit key,1024,512,460,0.010842189000072722,4.7559999984514434e-05
,,,message_size=1024B exceeds RSA-OAEP/SHA-256 max plaintext (62B) for a 1024-bit key,1024,1024,460,0.010842189000072722,4.7559999984514434e-05
2.5808000032156997e-05,0.00012218400001984264,128.0,,1024,16,461,0.009183280000002014,4.387100000258215e-05
2.1943999968243588e-05,0.00012387999993279664,128.0,,1024,32,461,0.009183280000002014,4.387100000258215e-05
,,,message_size=64B exceeds RSA-OAEP/SHA-256 max plaintext (62B) for a 1024-bit key,1024,64,461,0.009183280000002014,4.387100000258215e-05
,,,message_size=128B exceeds RSA-OAEP/SHA-256 max plaintext (62B) for a 1024-bit key,1024,128,461,0.009183280000002014,4.387100000258215e-05
,,,message_size=256B exceeds RSA-OAEP/SHA-256 max plaintext (62B) for a 1024-bit key,1024,256,461,0.009183280000002014,4.387100000258215e-05
,,,message_size=512B exceeds RSA-OAEP/SHA-256 max plaintext (62B) for a 1024-bit key,1024,512,461,0.009183280000002014,4.387100000258215e-05
,,,message_size=1024B exceeds RSA-OAEP/SHA-256 max plaintext (62B) for a 1024-bit key,1024,1024,461,0.009183280000002014,4.387100000258215e-05
2.5127000071734074e-05,0.00012540000000171858,128.0,,1024,16,462,0.013019293999946058,5.150999993475125e-05
3.739600003882515e-05,0.00012166099998012214,128.0,,1024,32,462,0.013019293999946058,5.150999993475125e-05
,,,message_size=64B exceeds RSA-OAEP/SHA-256 max plaintext (62B) for a 1024-bit key,1024,64,462,0.013019293999946058,5.150999993475125e-05
,,,message_size=128B exceeds RSA-OAEP/SHA-256 max plaintext (62B) for a 1024-bit key,1024,128,462,0.013019293999946058,5.150999993475125e-05
,,,message_size=256B exceeds RSA-OAEP/SHA-256 max plaintext (62B) for a 1024-bit key,1024,256,462,0.013019293999946058,5.150999993475125e-05
,,,message_size=512B exceeds RSA-OAEP/SHA-256 max plaintext (62B) for a 1024-bit key,1024,512,462,0.013019293999946058,5.150999993475125e-05
,,,message_size=1024B exceeds RSA-OAEP/SHA-256 max plaintext (62B) for a 1024-bit key,1024,1024,462,0.013019293999946058,5.150999993475125e-05
2.790200005620136e-05,0.00012142299999595707,128.0,,1024,16,463,0.009799745000009352,4.936599998472957e-05
2.1969000044919085e-05,0.00016690099994320917,128.0,,1024,32,463,0.009799745000009352,4.936599998472957e-05
,,,message_size=64B exceeds RSA-OAEP/SHA-256 max plaintext (62B) for a 1024-bit key,1024,64,463,0.009799745000009352,4.936599998472957e-05
,,,message_size=128B exceeds RSA-OAEP/SHA-256 max plaintext (62B) for a 1024-bit key,1024,128,463,0.009799745000009352,4.936599998472957e-05
,,,message_size=256B exceeds RSA-OAEP/SHA-256 max plaintext (62B) for a 1024-bit key,1024,256,463,0.009799745000009352,4.936599998472957e-05
,,,message_size=512B exceeds RSA-OAEP/SHA-256 max plaintext (62B) for a 1024-bit key,1024,512,463,0.009799745000009352,4.936599998472957e-05
,,,message_size=1024B exceeds RSA-OAEP/SHA-256 max plaintext (62B) for a 1024-bit key,1024,1024,463,0.009799745000009352,4.936599998472957e-05
6.47829999707028e-05,0.00022142599993912881,128.0,,1024,16,464,0.022455733000015243,6.250599994928052e-05
4.579599999487982e-05,0.0002076600000009421,128.0,,1024,32,464,0.022455733000015243,6.250599994928052e-05
,,,message_size=64B exceeds RSA-OAEP/SHA-256 max plaintext (62B) for a 1024-bit key,1024,64,464,0.022455733000015243,6.250599994928052e-05
,,,message_size=128B exceeds RSA-OAEP/SHA-256 max plaintext (62B) for a 1024-bit key,1024,128,464,0.022455733000015243,6.250599994928052e-05
,,,message_size=256B exceeds RSA-OAEP/SHA-256 max plaintext (62B) for a 1024-bit key,1024,256,464,0.022455733000015243,6.250599994928052e-05
,,,message_size=512B exceeds RSA-OAEP/SHA-256 max plaintext (62B) for a 1024-bit key,1024,512,464,0.022455733000015243,6.250599994928052e-05
,,,message_size=1024B exceeds RSA-OAEP/SHA-256 max plaintext (62B) for a 1024-bit key,1024,1024,464,0.022455733000015243,6.250599994928052e-05
2.6173000037488237e-05,0.0001292439999360795,128.0,,1024,16,465,0.01565636899999845,5.215800001678872e-05
2.2832000013295328e-05,0.00012092899999061046,128.0,,1024,32,465,0.01565636899999845,5.215800001678872e-05
,,,message_size=64B exceeds RSA-OAEP/SHA-256 max plaintext (62B) for a 1024-bit key,1024,64,465,0.01565636899999845,5.215800001678872e-05
,,,message_size=128B exceeds RSA-OAEP/SHA-256 max plaintext (62B) for a 1024-bit key,1024,128,465,0.01565636899999845,5.215800001678872e-05
,,,message_size=256B exceeds RSA-OAEP/SHA-256 max plaintext (62B) for a 1024-bit key,1024,256,465,0.01565636899999845,5.215800001678872e-05
,,,message_size=512B exceeds RSA-OAEP/SHA-256 max plaintext (62B) for a 1024-bit key,1024,512,465,0.01565636899999845,5.215800001678872e-05
,,,message_size=1024B exceeds RSA-OAEP/SHA-256 max plaintext (62B) for a 1024-bit key,1024,1024,465,0.01565636899999845,5.215800001678872e-05
3.594600002543302e-05,0.00013152999997601,128.0,,1024,16,466,0.007437340000024051,4.629800002931006e-05
2.343400001336704e-05,0.000120768999977372,128.0,,1024,32,466,0.007437340000024051,4.629800002931006e-05
,,,message_size=64B exceeds RSA-OAEP/SHA-256 max plaintext (62B) for a 1024-bit key,1024,64,466,0.007437340000024051,4.629800002931006e-05
,,,message_size=128B exceeds RSA-OAEP/SHA-256 max plaintext (62B) for a 1024-bit key,1024,128,466,0.007437340000024051,4.629800002931006e-05
,,,message_size=256B exceeds RSA-OAEP/SHA-256 max plaintext (62B) for a 1024-bit key,1024,256,466,0.007437340000024051,4.629800002931006e-05
,,,message_size=512B exceeds RSA-OAEP/SHA-256 max plaintext (62B) for a 1024-bit key,1024,512,466,0.007437340000024051,4.629800002931006e-05
,,,message_size=1024B exceeds RSA-OAEP/SHA-256 max plaintext (62B) for a 1024-bit key,1024,1024,466,0.007437340000024051,4.629800002931006e-05
4.803599995284458e-05,0.00012763699999140954,128.0,,1024,16,467,0.013537156000097639,6.251599995721335e-05
2.3077000037119433e-05,0.00015876700001626887,128.0,,1024,32,467,0.013537156000097639,6.251599995721335e-05
,,,message_size=64B exceeds RSA-OAEP/SHA-256 max plaintext (62B) for a 1024-bit key,1024,64,467,0.013537156000097639,6.251599995721335e-05
,,,message_size=128B exceeds RSA-OAEP/SHA-256 max plaintext (62B) for a 1024-bit key,1024,128,467,0.013537156000097639,6.251599995721335e-05
,,,message_size=256B exceeds RSA-OAEP/SHA-256 max plaintext (62B) for a 1024-bit key,1024,256,467,0.013537156000097639,6.251599995721335e-05
,,,message_size=512B exceeds RSA-OAEP/SHA-256 max plaintext (62B) for a 1024-bit key,1024,512,467,0.013537156000097639,6.251599995721335e-05
,,,message_size=1024B exceeds RSA-OAEP/SHA-256 max plaintext (62B) for a 1024-bit key,1024,1024,467,0.013537156000097639,6.251599995721335e-05
2.5766000021576474e-05,0.0001223489999802041,128.0,,1024,16,468,0.012397761999977774,5.394300001171359e-05
2.4375000066356733e-05,0.00012413299998570437,128.0,,1024,32,468,0.012397761999977774,5.394300001171359e-05
,,,message_size=64B exceeds RSA-OAEP/SHA-256 max plaintext (62B) for a 1024-bit key,1024,64,468,0.012397761999977774,5.394300001171359e-05
,,,message_size=128B exceeds RSA-OAEP/SHA-256 max plaintext (62B) for a 1024-bit key,1024,128,468,0.012397761999977774,5.394300001171359e-05
,,,message_size=256B exceeds RSA-OAEP/SHA-256 max plaintext (62B) for a 1024-bit key,1024,256,468,0.012397761999977774,5.394300001171359e-05
,,,message_size=512B exceeds RSA-OAEP/SHA-256 max plaintext (62B) for a 1024-bit key,1024,512,468,0.012397761999977774,5.394300001171359e-05
,,,message_size=1024B exceeds RSA-OAEP/SHA-256 max plaintext (62B) for a 1024-bit key,1024,1024,468,0.012397761999977774,5.394300001171359e-05
2.5833999984570255e-05,0.00014096400002472365,128.0,,1024,16,469,0.012972410999964268,5.270700000892248e-05
3.081800002746604e-05,0.0001287070000444146,128.0,,1024,32,469,0.012972410999964268,5.270700000892248e-05
,,,message_size=64B exceeds RSA-OAEP/SHA-256 max plaintext (62B) for a 1024-bit key,1024,64,469,0.012972410999964268,5.270700000892248e-05
,,,message_size=128B exceeds RSA-OAEP/SHA-256 max plaintext (62B) for a 1024-bit key,1024,128,469,0.012972410999964268,5.270700000892248e-05
,,,message_size=256B exceeds RSA-OAEP/SHA-256 max plaintext (62B) for a 1024-bit key,1024,256,469,0.012972410999964268,5.270700000892248e-05
,,,message_size=512B exceeds RSA-OAEP/SHA-256 max plaintext (62B) for a 1024-bit key,1024,512,469,0.012972410999964268,5.270700000892248e-05
,,,message_size=1024B exceeds RSA-OAEP/SHA-256 max plaintext (62B) for a 1024-bit key,1024,1024,469,0.012972410999964268,5.270700000892248e-05
2.8411000016603793e-05,0.00012905700009469,128.0,,1024,16,470,0.012693034999983865,4.802900002687238e-05
2.2763000060876948e-05,0.00012134199994306982,128.0,,1024,32,470,0.012693034999983865,4.802900002687238e-05
,,,message_size=64B exceeds RSA-OAEP/SHA-256 max plaintext (62B) for a 1024-bit key,1024,64,470,0.012693034999983865,4.802900002687238e-05
,,,message_size=128B exceeds RSA-OAEP/SHA-256 max plaintext (62B) for a 1024-bit key,1024,128,470,0.012693034999983865,4.802900002687238e-05
,,,message_size=256B exceeds RSA-OAEP/SHA-256 max plaintext (62B) for a 1024-bit key,1024,256,470,0.012693034999983865,4.802900002687238e-05
,,,message_size=512B exceeds RSA-OAEP/SHA-256 max plaintext (62B) for a 1024-bit key,1024,512,470,0.012693034999983865,4.802900002687238e-05
,,,message_size=1024B exceeds RSA-OAEP/SHA-256 max plaintext (62B) for a 1024-bit key,1024,1024,470,0.012693034999983865,4.802900002687238e-05
6.898999993154575e-05,0.00016818200003854145,128.0,,1024,16,471,0.011731312999927468,5.4477000048791524e-05
4.8469000034856435e-05,0.00018651899995347776,128.0,,1024,32,471,0.011731312999927468,5.4477000048791524e-05
,,,message_size=64B exceeds RSA-OAEP/SHA-256 max plaintext (62B) for a 1024-bit key,1024,64,471,0.011731312999927468,5.4477000048791524e-05
,,,message_size=128B exceeds RSA-OAEP/SHA-256 max plaintext (62B) for a 1024-bit key,1024,128,471,0.011731312999927468,5.4477000048791524e-05
,,,message_size=256B exceeds RSA-OAEP/SHA-256 max plaintext (62B) for a 1024-bit key,1024,256,471,0.011731312999927468,5.4477000048791524e-05
,,,message_size=512B exceeds RSA-OAEP/SHA-256 max plaintext (62B) for a 1024-bit key,1024,512,471,0.011731312999927468,5.4477000048791524e-05
,,,message_size=1024B exceeds RSA-OAEP/SHA-256 max plaintext (62B) for a 1024-bit key,1024,1024,471,0.011731312999927468,5.4477000048791524e-05
2.7440000053502445e-05,0.00012254000000666565,128.0,,1024,16,472,0.009967777000042588,5.384299993238528e-05
2.1879999962948204e-05,0.00012771900003372139,128.0,,1024,32,472,0.009967777000042588,5.384299993238528e-05
,,,message_size=64B exceeds RSA-OAEP/SHA-256 max plaintext (62B) for a 1024-bit key,1024,64,472,0.009967777000042588,5.384299993238528e-05
,,,message_size=128B exceeds RSA-OAEP/SHA-256 max plaintext (62B) for a 1024-bit key,1024,128,472,0.009967777000042588,5.384299993238528e-05
,,,message_size=256B exceeds RSA-OAEP/SHA-256 max plaintext (62B) for a 1024-bit key,1024,256,472,0.009967777000042588,5.384299993238528e-05
,,,message_size=512B exceeds RSA-OAEP/SHA-256 max plaintext (62B) for a 1024-bit key,1024,512,472,0.009967777000042588,5.384299993238528e-05
,,,message_size=1024B exceeds RSA-OAEP/SHA-256 max plaintext (62B) for a 1024-bit key,1024,1024,472,0.009967777000042588,5.384299993238528e-05
2.4918999997680658e-05,0.00012229100002514315,128.0,,1024,16,473,0.010248639999986153,5.0224999995407416e-05
3.557299999101815e-05,0.0001216800000065632,128.0,,1024,32,473,0.010248639999986153,5.0224999995407416e-05
,,,message_size=64B exceeds RSA-OAEP/SHA-256 max plaintext (62B) for a 1024-bit key,1024,64,473,0.010248639999986153,5.0224999995407416e-05
,,,message_size=128B exceeds RSA-OAEP/SHA-256 max plaintext (62B) for a 1024-bit key,1024,128,473,0.010248639999986153,5.0224999995407416e-05
,,,message_size=256B exceeds RSA-OAEP/SHA-256 max plaintext (62B) for a 1024-bit key,1024,256,473,0.010248639999986153,5.0224999995407416e-05
,,,message_size=512B exceeds RSA-OAEP/SHA-256 max plaintext (62B) for a 1024-bit key,1024,512,473,0.010248639999986153,5.0224999995407416e-05
,,,message_size=1024B exceeds RSA-OAEP/SHA-256 max plaintext (62B) for a 1024-bit key,1024,1024,473,0.010248639999986153,5.0224999995407416e-05
2.556599997660669e-05,0.0001222089999828313,128.0,,1024,16,474,0.007010726000089562,4.2336999968028977e-05
2.2172999933900428e-05,0.00012707400003364455,128.0,,1024,32,474,0.007010726000089562,4.2336999968028977e-05
,,,message_size=64B exceeds RSA-OAEP/SHA-256 max plaintext (62B) for a 1024-bit key,1024,64,474,0.007010726000089562,4.2336999968028977e-05
,,,message_size=128B exceeds RSA-OAEP/SHA-256 max plaintext (62B) for a 1024-bit key,1024,128,474,0.007010726000089562,4.2336999968028977e-05
,,,message_size=256B exceeds RSA-OAEP/SHA-256 max plaintext (62B) for a 1024-bit key,1024,256,474,0.007010726000089562,4.2336999968028977e-05
,,,message_size=512B exceeds RSA-OAEP/SHA-256 max plaintext (62B) for a 1024-bit key,1024,512,474,0.007010726000089562,4.2336999968028977e-05
,,,message_size=1024B exceeds RSA-OAEP/SHA-256 max plaintext (62B) for a 1024-bit key,1024,1024,474,0.007010726000089562,4.2336999968028977e-05
2.4865000000318105e-05,0.00012057599997206125,128.0,,1024,16,475,0.009909937000088576,4.882999996880244e-05
2.1768000010524702e-05,0.0001192229999560368,128.0,,1024,32,475,0.009909937000088576,4.882999996880244e-05
,,,message_size=64B exceeds RSA-OAEP/SHA-256 max plaintext (62B) for a 1024-bit key,1024,64,475,0.009909937000088576,4.882999996880244e-05
,,,message_size=128B exceeds RSA-OAEP/SHA-256 max plaintext (62B) for a 1024-bit key,1024,128,475,0.009909937000088576,4.882999996880244e-05
,,,message_size=256B exceeds RSA-OAEP/SHA-256 max plaintext (62B) for a 1024-bit key,1024,256,475,0.009909937000088576,4.882999996880244e-05
,,,message_size=512B exceeds RSA-OAEP/SHA-256 max plaintext (62B) for a 1024-bit key,1024,512,475,0.009909937000088576,4.882999996880244e-05
,,,message_size=1024B exceeds RSA-OAEP/SHA-256 max plaintext (62B) for a 1024-bit key,1024,1024,475,0.009909937000088576,4.882999996880244e-05
2.4740999947425735e-05,0.0001217149999774847,128.0,,1024,16,476,0.010846734999972796,4.626600002666237e-05
2.7462000048217305e-05,0.0001206530000672501,128.0,,1024,32,476,0.010846734999972796,4.626600002666237e-05
,,,message_size=64B exceeds RSA-OAEP/SHA-256 max plaintext (62B) for a 1024-bit key,1024,64,476,0.010846734999972796,4.626600002666237e-05
,,,message_size=128B exceeds RSA-OAEP/SHA-256 max plaintext (62B) for a 1024-bit key,1024,128,476,0.010846734999972796,4.626600002666237e-05
,,,message_size=256B exceeds RSA-OAEP/SHA-256 max plaintext (62B) for a 1024-bit key,1024,256,476,0.010846734999972796,4.626600002666237e-05
,,,message_size=512B exceeds RSA-OAEP/SHA-256 max plaintext (62B) for a 1024-bit key,1024,512,476,0.010846734999972796,4.626600002666237e-05
,,,message_size=1024B exceeds RSA-OAEP/SHA-256 max plaintext (62B) for a 1024-bit key,1024,1024,476,0.010846734999972796,4.626600002666237e-05
2.539200011142384e-05,0.00012224600004628883,128.0,,1024,16,477,0.010153639999998632,4.268300006060599e-05
2.196699995238305e-05,0.00012064899999586487,128.0,,1024,32,477,0.010153639999998632,4.268300006060599e-05
,,,message_size=64B exceeds RSA-OAEP/SHA-256 max plaintext (62B) for a 1024-bit key,1024,64,477,0.010153639999998632,4.268300006060599e-05
,,,message_size=128B exceeds RSA-OAEP/SHA-256 max plaintext (62B) for a 1024-bit key,1024,128,477,0.010153639999998632,4.268300006060599e-05
,,,message_size=256B exceeds RSA-OAEP/SHA-256 max plaintext (62B) for a 1024-bit key,1024,256,477,0.010153639999998632,4.268300006060599e-05
,,,message_size=512B exceeds RSA-OAEP/SHA-256 max plaintext (62B) for a 1024-bit key,1024,512,477,0.010153639999998632,4.268300006060599e-05
,,,message_size=1024B exceeds RSA-OAEP/SHA-256 max plaintext (62B) for a 1024-bit key,1024,1024,477,0.010153639999998632,4.268300006060599e-05
2.5340999968648248e-05,0.00012450300005184545,128.0,,1024,16,478,0.009719945999904667,4.51160000238815e-05
2.194099999996979e-05,0.00012781899999936286,128.0,,1024,32,478,0.009719945999904667,4.51160000238815e-05
,,,message_size=64B exceeds RSA-OAEP/SHA-256 max plaintext (62B) for a 1024-bit key,1024,64,478,0.009719945999904667,4.51160000238815e-05
,,,message_size=128B exceeds RSA-OAEP/SHA-256 max plaintext (62B) for a 1024-bit key,1024,128,478,0.009719945999904667,4.51160000238815e-05
,,,message_size=256B exceeds RSA-OAEP/SHA-256 max plaintext (62B) for a 1024-bit key,1024,256,478,0.009719945999904667,4.51160000238815e-05
,,,message_size=512B exceeds RSA-OAEP/SHA-256 max plaintext (62B) for a 1024-bit key,1024,512,478,0.009719945999904667,4.51160000238815e-05
,,,message_size=1024B exceeds RSA-OAEP/SHA-256 max plaintext (62B) for a 1024-bit key,1024,1024,478,0.009719945999904667,4.51160000238815e-05
2.53949999660108e-05,0.00012190999996164464,128.0,,1024,16,479,0.010538492000023325,4.868300004545745e-05
2.1408000066003297e-05,0.00012029399999846646,128.0,,1024,32,479,0.010538492000023325,4.868300004545745e-05
,,,message_size=64B exceeds RSA-OAEP/SHA-256 max plaintext (62B) for a 1024-bit key,1024,64,479,0.010538492000023325,4.868300004545745e-05
,,,message_size=128B exceeds RSA-OAEP/SHA-256 max plaintext (62B) for a 1024-bit key,1024,128,479,0.010538492000023325,4.868300004545745e-05
,,,message_size=256B exceeds RSA-OAEP/SHA-256 max plaintext (62B) for a 1024-bit key,1024,256,479,0.010538492000023325,4.868300004545745e-05
,,,message_size=512B exceeds RSA-OAEP/SHA-256 max plaintext (62B) for a 1024-bit key,1024,512,479,0.010538492000023325,4.868300004545745e-05
,,,message_size=1024B exceeds RSA-OAEP/SHA-256 max plaintext (62B) for a 1024-bit key,1024,1024,479,0.010538492000023325,4.868300004545745e-05
2.6336000019000494e-05,0.000122459999943203,128.0,,1024,16,480,0.017574040999988938,5.174800003260316e-05
2.1763999939139467e-05,0.00012031200003548292,128.0,,1024,32,480,0.017574040999988938,5.174800003260316e-05
,,,message_size=64B exceeds RSA-OAEP/SHA-256 max plaintext (62B) for a 1024-bit key,1024,64,480,0.017574040999988938,5.174800003260316e-05
,,,message_size=128B exceeds RSA-OAEP/SHA-256 max plaintext (62B) for a 1024-bit key,1024,128,480,0.017574040999988938,5.174800003260316e-05
,,,message_size=256B exceeds RSA-OAEP/SHA-256 max plaintext (62B) for a 1024-bit key,1024,256,480,0.017574040999988938,5.174800003260316e-05
,,,message_size=512B exceeds RSA-OAEP/SHA-256 max plaintext (62B) for a 1024-bit key,1024,512,480,0.017574040999988938,5.174800003260316e-05
,,,message_size=1024B exceeds RSA-OAEP/SHA-256 max plaintext (62B) for a 1024-bit key,1024,1024,480,0.017574040999988938,5.174800003260316e-05
2.4947999918367714e-05,0.00012199700006476633,128.0,,1024,16,481,0.01099993100001484,4.7902000005706213e-05
2.134700002898171e-05,0.00012394999998832645,128.0,,1024,32,481,0.01099993100001484,4.7902000005706213e-05
,,,message_size=64B exceeds RSA-OAEP/SHA-256 max plaintext (62B) for a 1024-bit key,1024,64,481,0.01099993100001484,4.7902000005706213e-05
,,,message_size=128B exceeds RSA-OAEP/SHA-256 max plaintext (62B) for a 1024-bit key,1024,128,481,0.01099993100001484,4.7902000005706213e-05
,,,message_size=256B exceeds RSA-OAEP/SHA-256 max plaintext (62B) for a 1024-bit key,1024,256,481,0.01099993100001484,4.7902000005706213e-05
,,,message_size=512B exceeds RSA-OAEP/SHA-256 max plaintext (62B) for a 1024-bit key,1024,512,481,0.01099993100001484,4.7902000005706213e-05
,,,message_size=1024B exceeds RSA-OAEP/SHA-256 max plaintext (62B) for a 1024-bit key,1024,1024,481,0.01099993100001484,4.7902000005706213e-05
2.478999999766529e-05,0.00012183000001186883,128.0,,1024,16,482,0.01589086599994971,4.9428000011175754e-05
2.15210000078514e-05,0.00013074999992568337,128.0,,1024,32,482,0.01589086599994971,4.9428000011175754e-05
,,,message_size=64B exceeds RSA-OAEP/SHA-256 max plaintext (62B) for a 1024-bit key,1024,64,482,0.01589086599994971,4.9428000011175754e-05
,,,message_size=128B exceeds RSA-OAEP/SHA-256 max plaintext (62B) for a 1024-bit key,1024,128,482,0.01589086599994971,4.9428000011175754e-05
,,,message_size=256B exceeds RSA-OAEP/SHA-256 max plaintext (62B) for a 1024-bit key,1024,256,482,0.01589086599994971,4.9428000011175754e-05
,,,message_size=512B exceeds RSA-OAEP/SHA-256 max plaintext (62B) for a 1024-bit key,1024,512,482,0.01589086599994971,4.9428000011175754e-05
,,,message_size=1024B exceeds RSA-OAEP/SHA-256 max plaintext (62B) for a 1024-bit key,1024,1024,482,0.01589086599994971,4.9428000011175754e-05
2.4730000063755142e-05,0.0001221300000224801,128.0,,1024,16,483,0.011921328999960679,4.670999999234482e-05
2.1456000013131415e-05,0.0001205269999218217,128.0,,1024,32,483,0.011921328999960679,4.670999999234482e-05
,,,message_size=64B exceeds RSA-OAEP/SHA-256 max plaintext (62B) for a 1024-bit key,1024,64,483,0.011921328999960679,4.670999999234482e-05
,,,message_size=128B exceeds RSA-OAEP/SHA-256 max plaintext (62B) for a 1024-bit key,1024,128,483,0.011921328999960679,4.670999999234482e-05
,,,message_size=256B exceeds RSA-OAEP/SHA-256 max plaintext (62B) for a 1024-bit key,1024,256,483,0.011921328999960679,4.670999999234482e-05
,,,message_size=512B exceeds RSA-OAEP/SHA-256 max plaintext (62B) for a 1024-bit key,1024,512,483,0.011921328999960679,4.670999999234482e-05
,,,message_size=1024B exceeds RSA-OAEP/SHA-256 max plaintext (62B) for a 1024-bit key,1024,1024,483,0.011921328999960679,4.670999999234482e-05
3.740799991192034e-05,0.00012371000002531218,128.0,,1024,16,484,0.011513747999970292,5.3668999953515595e-05
2.243199992335576e-05,0.00012124800002766278,128.0,,1024,32,484,0.011513747999970292,5.3668999953515595e-05
,,,message_size=64B exceeds RSA-OAEP/SHA-256 max plaintext (62B) for a 1024-bit key,1024,64,484,0.011513747999970292,5.3668999953515595e-05
,,,message_size=128B exceeds RSA-OAEP/SHA-256 max plaintext (62B) for a 1024-bit key,1024,128,484,0.011513747999970292,5.3668999953515595e-05
,,,message_size=256B exceeds RSA-OAEP/SHA-256 max plaintext (62B) for a 1024-bit key,1024,256,484,0.011513747999970292,5.3668999953515595e-05
,,,message_size=512B exceeds RSA-OAEP/SHA-256 max plaintext (62B) for a 1024-bit key,1024,512,484,0.011513747999970292,5.3668999953515595e-05
,,,message_size=1024B exceeds RSA-OAEP/SHA-256 max plaintext (62B) for a 1024-bit key,1024,1024,484,0.011513747999970292,5.3668999953515595e-05
2.6116000071851886e-05,0.00012353699992218026,128.0,,1024,16,485,0.0075052910000295014,4.930000000058499e-05
2.22959999973682e-05,0.00012183000001186883,128.0,,1024,32,485,0.0075052910000295014,4.930000000058499e-05
,,,message_size=64B exceeds RSA-OAEP/SHA-256 max plaintext (62B) for a 1024-bit key,1024,64,485,0.0075052910000295014,4.930000000058499e-05
,,,message_size=128B exceeds RSA-OAEP/SHA-256 max plaintext (62B) for a 1024-bit key,1024,128,485,0.0075052910000295014,4.930000000058499e-05
,,,message_size=256B exceeds RSA-OAEP/SHA-256 max plaintext (62B) for a 1024-bit key,1024,256,485,0.0075052910000295014,4.930000000058499e-05
,,,message_size=512B exceeds RSA-OAEP/SHA-256 max plaintext (62B) for a 1024-bit key,1024,512,485,0.0075052910000295014,4.930000000058499e-05
,,,message_size=1024B exceeds RSA-OAEP/SHA-256 max plaintext (62B) for a 1024-bit key,1024,1024,485,0.0075052910000295014,4.930000000058499e-05
2.5011000047925336e-05,0.00012197900002774986,128.0,,1024,16,486,0.009963089999928343,5.780899994078936e-05
2.1295999999892956e-05,0.00012056299999585463,128.0,,1024,32,486,0.009963089999928343,5.780899994078936e-05
,,,message_size=64B exceeds RSA-OAEP/SHA-256 max plaintext (62B) for a 1024-bit key,1024,64,486,0.009963089999928343,5.780899994078936e-05
,,,message_size=128B exceeds RSA-OAEP/SHA-256 max plaintext (62B) for a 1024-bit key,1024,128,486,0.009963089999928343,5.780899994078936e-05
,,,message_size=256B exceeds RSA-OAEP/SHA-256 max plaintext (62B) for a 1024-bit key,1024,256,486,0.009963089999928343,5.780899994078936e-05
,,,message_size=512B exceeds RSA-OAEP/SHA-256 max plaintext (62B) for a 1024-bit key,1024,512,486,0.009963089999928343,5.780899994078936e-05
,,,message_size=1024B exceeds RSA-OAEP/SHA-256 max plaintext (62B) for a 1024-bit key,1024,1024,486,0.009963089999928343,5.780899994078936e-05
2.5516999926367134e-05,0.00013146499998129002,128.0,,1024,16,487,0.01849194500005069,5.7952000020122796e-05
2.3112999997465522e-05,0.00012704599998869526,128.0,,1024,32,487,0.01849194500005069,5.7952000020122796e-05
,,,message_size=64B exceeds RSA-OAEP/SHA-256 max plaintext (62B) for a 1024-bit key,1024,64,487,0.01849194500005069,5.7952000020122796e-05
,,,message_size=128B exceeds RSA-OAEP/SHA-256 max plaintext (62B) for a 1024-bit key,1024,128,487,0.01849194500005069,5.7952000020122796e-05
,,,message_size=256B exceeds RSA-OAEP/SHA-256 max plaintext (62B) for a 1024-bit key,1024,256,487,0.01849194500005069,5.7952000020122796e-05
,,,message_size=512B exceeds RSA-OAEP/SHA-256 max plaintext (62B) for a 1024-bit key,1024,512,487,0.01849194500005069,5.7952000020122796e-05
,,,message_size=1024B exceeds RSA-OAEP/SHA-256 max plaintext (62B) for a 1024-bit key,1024,1024,487,0.01849194500005069,5.7952000020122796e-05
2.4771999960648827e-05,0.00013035099993885524,128.0,,1024,16,488,0.010753316999966955,4.9416000024393725e-05
3.287599997747748e-05,0.00012329899993801519,128.0,,1024,32,488,0.010753316999966955,4.9416000024393725e-05
,,,message_size=64B exceeds RSA-OAEP/SHA-256 max plaintext (62B) for a 1024-bit key,1024,64,488,0.010753316999966955,4.9416000024393725e-05
,,,message_size=128B exceeds RSA-OAEP/SHA-256 max plaintext (62B) for a 1024-bit key,1024,128,488,0.010753316999966955,4.9416000024393725e-05
,,,message_size=256B exceeds RSA-OAEP/SHA-256 max plaintext (62B) for a 1024-bit key,1024,256,488,0.010753316999966955,4.9416000024393725e-05
,,,message_size=512B exceeds RSA-OAEP/SHA-256 max plaintext (62B) for a 1024-bit key,1024,512,488,0.010753316999966955,4.9416000024393725e-05
,,,message_size=1024B exceeds RSA-OAEP/SHA-256 max plaintext (62B) for a 1024-bit key,1024,1024,488,0.010753316999966955,4.9416000024393725e-05
2.5437999966015923e-05,0.0001221019999775308,128.0,,1024,16,489,0.009954003999951055,4.5860000000175205e-05
2.1489000005203707e-05,0.00012026000001696957,128.0,,1024,32,489,0.009954003999951055,4.5860000000175205e-05
,,,message_size=64B exceeds RSA-OAEP/SHA-256 max plaintext (62B) for a 1024-bit key,1024,64,489,0.009954003999951055,4.5860000000175205e-05
,,,message_size=128B exceeds RSA-OAEP/SHA-256 max plaintext (62B) for a 1024-bit key,1024,128,489,0.009954003999951055,4.5860000000175205e-05
,,,message_size=256B exceeds RSA-OAEP/SHA-256 max plaintext (62B) for a 1024-bit key,1024,256,489,0.009954003999951055,4.5860000000175205e-05
,,,message_size=512B exceeds RSA-OAEP/SHA-256 max plaintext (62B) for a 1024-bit key,1024,512,489,0.009954003999951055,4.5860000000175205e-05
,,,message_size=1024B exceeds RSA-OAEP/SHA-256 max plaintext (62B) for a 1024-bit key,1024,1024,489,0.009954003999951055,4.5860000000175205e-05
4.327500005274487e-05,0.00014375099999597296,128.0,,1024,16,490,0.010080858000037551,6.15420000258382e-05
2.37300000662799e-05,0.000121961999980158,128.0,,1024,32,490,0.010080858000037551,6.15420000258382e-05
,,,message_size=64B exceeds RSA-OAEP/SHA-256 max plaintext (62B) for a 1024-bit key,1024,64,490,0.010080858000037551,6.15420000258382e-05
,,,message_size=128B exceeds RSA-OAEP/SHA-256 max plaintext (62B) for a 1024-bit key,1024,128,490,0.010080858000037551,6.15420000258382e-05
,,,message_size=256B exceeds RSA-OAEP/SHA-256 max plaintext (62B) for a 1024-bit key,1024,256,490,0.010080858000037551,6.15420000258382e-05
,,,message_size=512B exceeds RSA-OAEP/SHA-256 max plaintext (62B) for a 1024-bit key,1024,512,490,0.010080858000037551,6.15420000258382e-05
,,,message_size=1024B exceeds RSA-OAEP/SHA-256 max plaintext (62B) for a 1024-bit key,1024,1024,490,0.010080858000037551,6.15420000258382e-05
3.0133999985082482e-05,0.00014197500001955632,128.0,,1024,16,491,0.02044452600000568,4.849599997669429e-05
2.3202999955174164e-05,0.0001333180000528955,128.0,,1024,32,491,0.02044452600000568,4.849599997669429e-05
,,,message_size=64B exceeds RSA-OAEP/SHA-256 max plaintext (62B) for a 1024-bit key,1024,64,491,0.02044452600000568,4.849599997669429e-05
,,,message_size=128B exceeds RSA-OAEP/SHA-256 max plaintext (62B) for a 1024-bit key,1024,128,491,0.02044452600000568,4.849599997669429e-05
,,,message_size=256B exceeds RSA-OAEP/SHA-256 max plaintext (62B) for a 1024-bit key,1024,256,491,0.02044452600000568,4.849599997669429e-05
,,,message_size=512B exceeds RSA-OAEP/SHA-256 max plaintext (62B) for a 1024-bit key,1024,512,491,0.02044452600000568,4.849599997669429e-05
,,,message_size=1024B exceeds RSA-OAEP/SHA-256 max plaintext (62B) for a 1024-bit key,1024,1024,491,0.02044452600000568,4.849599997669429e-05
2.3843000008128e-05,0.00012219699999604927,128.0,,1024,16,492,0.0071291660000269985,4.46999999894615e-05
2.2139999941828137e-05,0.0001204139999799736,128.0,,1024,32,492,0.0071291660000269985,4.46999999894615e-05
,,,message_size=64B exceeds RSA-OAEP/SHA-256 max plaintext (62B) for a 1024-bit key,1024,64,492,0.0071291660000269985,4.46999999894615e-05
,,,message_size=128B exceeds RSA-OAEP/SHA-256 max plaintext (62B) for a 1024-bit key,1024,128,492,0.0071291660000269985,4.46999999894615e-05
,,,message_size=256B exceeds RSA-OAEP/SHA-256 max plaintext (62B) for a 1024-bit key,1024,256,492,0.0071291660000269985,4.46999999894615e-05
,,,message_size=512B exceeds RSA-OAEP/SHA-256 max plaintext (62B) for a 1024-bit key,1024,512,492,0.0071291660000269985,4.46999999894615e-05
,,,message_size=1024B exceeds RSA-OAEP/SHA-256 max plaintext (62B) for a 1024-bit key,1024,1024,492,0.0071291660000269985,4.46999999894615e-05
3.2261999990623735e-05,0.0001361710000082894,128.0,,1024,16,493,0.01237125099999048,5.200999999033229e-05
2.3295000005418842e-05,0.00012088800008314138,128.0,,1024,32,493,0.01237125099999048,5.200999999033229e-05
,,,message_size=64B exceeds RSA-OAEP/SHA-256 max plaintext (62B) for a 1024-bit key,1024,64,493,0.01237125099999048,5.200999999033229e-05
,,,message_size=128B exceeds RSA-OAEP/SHA-256 max plaintext (62B) for a 1024-bit key,1024,128,493,0.01237125099999048,5.200999999033229e-05
,,,message_size=256B exceeds RSA-OAEP/SHA-256 max plaintext (62B) for a 1024-bit key,1024,256,493,0.01237125099999048,5.200999999033229e-05
,,,message_size=512B exceeds RSA-OAEP/SHA-256 max plaintext (62B) for a 1024-bit key,1024,512,493,0.01237125099999048,5.200999999033229e-05
,,,message_size=1024B exceeds RSA-OAEP/SHA-256 max plaintext (62B) for a 1024-bit key,1024,1024,493,0.01237125099999048,5.200999999033229e-05
5.649799993534543e-05,0.0001263220000282672,128.0,,1024,16,494,0.00794979699992382,4.4024999965586176e-05
2.2558000068784168e-05,0.0001281780000681465,128.0,,1024,32,494,0.00794979699992382,4.4024999965586176e-05
,,,message_size=64B exceeds RSA-OAEP/SHA-256 max plaintext (62B) for a 1024-bit key,1024,64,494,0.00794979699992382,4.4024999965586176e-05
,,,message_size=128B exceeds RSA-OAEP/SHA-256 max plaintext (62B) for a 1024-bit key,1024,128,494,0.00794979699992382,4.4024999965586176e-05
,,,message_size=256B exceeds RSA-OAEP/SHA-256 max plaintext (62B) for a 1024-bit key,1024,256,494,0.00794979699992382,4.4024999965586176e-05
,,,message_size=512B exceeds RSA-OAEP/SHA-256 max plaintext (62B) for a 1024-bit key,1024,512,494,0.00794979699992382,4.4024999965586176e-05
,,,message_size=1024B exceeds RSA-OAEP/SHA-256 max plaintext (62B) for a 1024-bit key,1024,1024,494,0.00794979699992382,4.4024999965586176e-05
2.4874000018826337e-05,0.00012644699995689734,128.0,,1024,16,495,0.010956084999975246,4.871900000580354e-05
2.2389000037037476e-05,0.000121601000046212,128.0,,1024,32,495,0.010956084999975246,4.871900000580354e-05
,,,message_size=64B exceeds RSA-OAEP/SHA-256 max plaintext (62B) for a 1024-bit key,1024,64,495,0.010956084999975246,4.871900000580354e-05
,,,message_size=128B exceeds RSA-OAEP/SHA-256 max plaintext (62B) for a 1024-bit key,1024,128,495,0.010956084999975246,4.871900000580354e-05
,,,message_size=256B exceeds RSA-OAEP/SHA-256 max plaintext (62B) for a 1024-bit key,1024,256,495,0.010956084999975246,4.871900000580354e-05
,,,message_size=512B exceeds RSA-OAEP/SHA-256 max plaintext (62B) for a 1024-bit key,1024,512,495,0.010956084999975246,4.871900000580354e-05
,,,message_size=1024B exceeds RSA-OAEP/SHA-256 max plaintext (62B) for a 1024-bit key,1024,1024,495,0.010956084999975246,4.871900000580354e-05
2.4966999944808776e-05,0.00012127799993777444,128.0,,1024,16,496,0.011679372999992665,5.825400000958325e-05
2.1828000058121688e-05,0.0001236499999777152,128.0,,1024,32,496,0.011679372999992665,5.825400000958325e-05
,,,message_size=64B exceeds RSA-OAEP/SHA-256 max plaintext (62B) for a 1024-bit key,1024,64,496,0.011679372999992665,5.825400000958325e-05
,,,message_size=128B exceeds RSA-OAEP/SHA-256 max plaintext (62B) for a 1024-bit key,1024,128,496,0.011679372999992665,5.825400000958325e-05
,,,message_size=256B exceeds RSA-OAEP/SHA-256 max plaintext (62B) for a 1024-bit key,1024,256,496,0.011679372999992665,5.825400000958325e-05
,,,message_size=512B exceeds RSA-OAEP/SHA-256 max plaintext (62B) for a 1024-bit key,1024,512,496,0.011679372999992665,5.825400000958325e-05
,,,message_size=1024B exceeds RSA-OAEP/SHA-256 max plaintext (62B) for a 1024-bit key,1024,1024,496,0.011679372999992665,5.825400000958325e-05
5.547299997488153e-05,0.000150730999962434,128.0,,1024,16,497,0.011935981999954492,4.9690999958329485e-05
2.8899999961140566e-05,0.00013063299991245003,128.0,,1024,32,497,0.011935981999954492,4.9690999958329485e-05
,,,message_size=64B exceeds RSA-OAEP/SHA-256 max plaintext (62B) for a 1024-bit key,1024,64,497,0.011935981999954492,4.9690999958329485e-05
,,,message_size=128B exceeds RSA-OAEP/SHA-256 max plaintext (62B) for a 1024-bit key,1024,128,497,0.011935981999954492,4.9690999958329485e-05
,,,message_size=256B exceeds RSA-OAEP/SHA-256 max plaintext (62B) for a 1024-bit key,1024,256,497,0.011935981999954492,4.9690999958329485e-05
,,,message_size=512B exceeds RSA-OAEP/SHA-256 max plaintext (62B) for a 1024-bit key,1024,512,497,0.011935981999954492,4.9690999958329485e-05
,,,message_size=1024B exceeds RSA-OAEP/SHA-256 max plaintext (62B) for a 1024-bit key,1024,1024,497,0.011935981999954492,4.9690999958329485e-05
2.4771000084911066e-05,0.00012199799994050409,128.0,,1024,16,498,0.008821982000085882,5.2415000027394854e-05
2.3005999992165016e-05,0.00012108300006730133,128.0,,1024,32,498,0.008821982000085882,5.2415000027394854e-05
,,,message_size=64B exceeds RSA-OAEP/SHA-256 max plaintext (62B) for a 1024-bit key,1024,64,498,0.008821982000085882,5.2415000027394854e-05
,,,message_size=128B exceeds RSA-OAEP/SHA-256 max plaintext (62B) for a 1024-bit key,1024,128,498,0.008821982000085882,5.2415000027394854e-05
,,,message_size=256B exceeds RSA-OAEP/SHA-256 max plaintext (62B) for a 1024-bit key,1024,256,498,0.008821982000085882,5.2415000027394854e-05
,,,message_size=512B exceeds RSA-OAEP/SHA-256 max plaintext (62B) for a 1024-bit key,1024,512,498,0.008821982000085882,5.2415000027394854e-05
,,,message_size=1024B exceeds RSA-OAEP/SHA-256 max plaintext (62B) for a 1024-bit key,1024,1024,498,0.008821982000085882,5.2415000027394854e-05
2.536099998451391e-05,0.00012190000006739865,128.0,,1024,16,499,0.009429819000047246,4.878300001109892e-05
2.1517999925890763e-05,0.00012048899998262641,128.0,,1024,32,499,0.009429819000047246,4.878300001109892e-05
,,,message_size=64B exceeds RSA-OAEP/SHA-256 max plaintext (62B) for a 1024-bit key,1024,64,499,0.009429819000047246,4.878300001109892e-05
,,,message_size=128B exceeds RSA-OAEP/SHA-256 max plaintext (62B) for a 1024-bit key,1024,128,499,0.009429819000047246,4.878300001109892e-05
,,,message_size=256B exceeds RSA-OAEP/SHA-256 max plaintext (62B) for a 1024-bit key,1024,256,499,0.009429819000047246,4.878300001109892e-05
,,,message_size=512B exceeds RSA-OAEP/SHA-256 max plaintext (62B) for a 1024-bit key,1024,512,499,0.009429819000047246,4.878300001109892e-05
,,,message_size=1024B exceeds RSA-OAEP/SHA-256 max plaintext (62B) for a 1024-bit key,1024,1024,499,0.009429819000047246,4.878300001109892e-05
4.447300000265386e-05,0.0007717350000575607,256.0,,2048,16,0,0.12424310100004732,6.0495999946397205e-05
4.09640000498257e-05,0.0007669490000807855,256.0,,2048,32,0,0.12424310100004732,6.0495999946397205e-05
4.6965000024101755e-05,0.00076224099996125,256.0,,2048,64,0,0.12424310100004732,6.0495999946397205e-05
3.912700003638747e-05,0.0007827020000377161,256.0,,2048,128,0,0.12424310100004732,6.0495999946397205e-05
,,,message_size=256B exceeds RSA-OAEP/SHA-256 max plaintext (190B) for a 2048-bit key,2048,256,0,0.12424310100004732,6.0495999946397205e-05
,,,message_size=512B exceeds RSA-OAEP/SHA-256 max plaintext (190B) for a 2048-bit key,2048,512,0,0.12424310100004732,6.0495999946397205e-05
,,,message_size=1024B exceeds RSA-OAEP/SHA-256 max plaintext (190B) for a 2048-bit key,2048,1024,0,0.12424310100004732,6.0495999946397205e-05
4.474999991543882e-05,0.0007671469999195324,256.0,,2048,16,1,0.027266899999972338,6.397100003141531e-05
4.515000000537839e-05,0.0008113479999565243,256.0,,2048,32,1,0.027266899999972338,6.397100003141531e-05
4.829399995287531e-05,0.0007781979999208488,256.0,,2048,64,1,0.027266899999972338,6.397100003141531e-05
3.9739000044392014e-05,0.000822083000002749,256.0,,2048,128,1,0.027266899999972338,6.397100003141531e-05
,,,message_size=256B exceeds RSA-OAEP/SHA-256 max plaintext (190B) for a 2048-bit key,2048,256,1,0.027266899999972338,6.397100003141531e-05
,,,message_size=512B exceeds RSA-OAEP/SHA-256 max plaintext (190B) for a 2048-bit key,2048,512,1,0.027266899999972338,6.397100003141531e-05
,,,message_size=1024B exceeds RSA-OAEP/SHA-256 max plaintext (190B) for a 2048-bit key,2048,1024,1,0.027266899999972338,6.397100003141531e-05
4.638399991563347e-05,0.0007729640000206928,256.0,,2048,16,2,0.15429400499999701,6.116899999142333e-05
4.118300000754971e-05,0.0007713489999332523,256.0,,2048,32,2,0.15429400499999701,6.116899999142333e-05
3.9167000068118796e-05,0.0007729379999545927,256.0,,2048,64,2,0.15429400499999701,6.116899999142333e-05
3.9114999935918604e-05,0.0007737890000498737,256.0,,2048,128,2,0.15429400499999701,6.116899999142333e-05
,,,message_size=256B exceeds RSA-OAEP/SHA-256 max plaintext (190B) for a 2048-bit key,2048,256,2,0.15429400499999701,6.116899999142333e-05
,,,message_size=512B exceeds RSA-OAEP/SHA-256 max plaintext (190B) for a 2048-bit key,2048,512,2,0.15429400499999701,6.116899999142333e-05
,,,message_size=1024B exceeds RSA-OAEP/SHA-256 max plaintext (190B) for a 2048-bit key,2048,1024,2,0.15429400499999701,6.116899999142333e-05
4.444100000000617e-05,0.0007819969999900422,256.0,,2048,16,3,0.03702881999993224,5.399199994826631e-05
4.018699996777286e-05,0.0007789050000610587,256.0,,2048,32,3,0.03702881999993224,5.399199994826631e-05
4.036399991491635e-05,0.0007952679999334578,256.0,,2048,64,3,0.03702881999993224,5.399199994826631e-05
4.3455999957586755e-05,0.0007659540000304332,256.0,,2048,128,3,0.03702881999993224,5.399199994826631e-05
,,,message_size=256B exceeds RSA-OAEP/SHA-256 max plaintext (190B) for a 2048-bit key,2048,256,3,0.03702881999993224,5.399199994826631e-05
,,,message_size=512B exceeds RSA-OAEP/SHA-256 max plaintext (190B) for a 2048-bit key,2048,512,3,0.03702881999993224,5.399199994826631e-05
,,,message_size=1024B exceeds RSA-OAEP/SHA-256 max plaintext (190B) for a 2048-bit key,2048,1024,3,0.03702881999993224,5.399199994826631e-05
5.085099996904319e-05,0.0007643139999800042,256.0,,2048,16,4,0.06800464299999476,5.607900004633848e-05
4.0559000012763136e-05,0.0007696929999383428,256.0,,2048,32,4,0.06800464299999476,5.607900004633848e-05
3.919400000995665e-05,0.0007726249999677748,256.0,,2048,64,4,0.06800464299999476,5.607900004633848e-05
3.8428000038948085e-05,0.0007711659999358744,256.0,,2048,128,4,0.06800464299999476,5.607900004633848e-05
,,,message_size=256B exceeds RSA-OAEP/SHA-256 max plaintext (190B) for a 2048-bit key,2048,256,4,0.06800464299999476,5.607900004633848e-05
,,,message_size=512B exceeds RSA-OAEP/SHA-256 max plaintext (190B) for a 2048-bit key,2048,512,4,0.06800464299999476,5.607900004633848e-05
,,,message_size=1024B exceeds RSA-OAEP/SHA-256 max plaintext (190B) for a 2048-bit key,2048,1024,4,0.06800464299999476,5.607900004633848e-05
4.3524000034267374e-05,0.000923006000107307,256.0,,2048,16,5,0.0706917219999923,5.677299998296803e-05
8.044300000165094e-05,0.0012582860000520668,256.0,,2048,32,5,0.0706917219999923,5.677299998296803e-05
9.64309999744728e-05,0.0013845709999031897,256.0,,2048,64,5,0.0706917219999923,5.677299998296803e-05
0.00010895899993101921,0.0013350120000268362,256.0,,2048,128,5,0.0706917219999923,5.677299998296803e-05
,,,message_size=256B exceeds RSA-OAEP/SHA-256 max plaintext (190B) for a 2048-bit key,2048,256,5,0.0706917219999923,5.677299998296803e-05
,,,message_size=512B exceeds RSA-OAEP/SHA-256 max plaintext (190B) for a 2048-bit key,2048,512,5,0.0706917219999923,5.677299998296803e-05
,,,message_size=1024B exceeds RSA-OAEP/SHA-256 max plaintext (190B) for a 2048-bit key,2048,1024,5,0.0706917219999923,5.677299998296803e-05
5.0864000058936654e-05,0.0007883529999617167,256.0,,2048,16,6,0.08727406100001645,5.6610000001455774e-05
4.5589999899675604e-05,0.0008131639999646723,256.0,,2048,32,6,0.08727406100001645,5.6610000001455774e-05
4.29010000289054e-05,0.0007638939999878858,256.0,,2048,64,6,0.08727406100001645,5.6610000001455774e-05
4.5438999904945376e-05,0.0007627469999533787,256.0,,2048,128,6,0.08727406100001645,5.6610000001455774e-05
,,,message_size=256B exceeds RSA-OAEP/SHA-256 max plaintext (190B) for a 2048-bit key,2048,256,6,0.08727406100001645,5.6610000001455774e-05
,,,message_size=512B exceeds RSA-OAEP/SHA-256 max plaintext (190B) for a 2048-bit key,2048,512,6,0.08727406100001645,5.6610000001455774e-05
,,,message_size=1024B exceeds RSA-OAEP/SHA-256 max plaintext (190B) for a 2048-bit key,2048,1024,6,0.08727406100001645,5.6610000001455774e-05
4.5531999944614654e-05,0.0008121179999989181,256.0,,2048,16,7,0.05585665600005996,5.638499999349733e-05
4.3714000071304326e-05,0.0007705979999172996,256.0,,2048,32,7,0.05585665600005996,5.638499999349733e-05
3.9752000020598643e-05,0.0007928279999305232,256.0,,2048,64,7,0.05585665600005996,5.638499999349733e-05
4.0479999938725086e-05,0.0007730490000312784,256.0,,2048,128,7,0.05585665600005996,5.638499999349733e-05
,,,message_size=256B exceeds RSA-OAEP/SHA-256 max plaintext (190B) for a 2048-bit key,2048,256,7,0.05585665600005996,5.638499999349733e-05
,,,message_size=512B exceeds RSA-OAEP/SHA-256 max plaintext (190B) for a 2048-bit key,2048,512,7,0.05585665600005996,5.638499999349733e-05
,,,message_size=1024B exceeds RSA-OAEP/SHA-256 max plaintext (190B) for a 2048-bit key,2048,1024,7,0.05585665600005996,5.638499999349733e-05
5.576600005952059e-05,0.0007703609999225591,256.0,,2048,16,8,0.10028500700002496,5.578099990088958e-05
4.1506999991725024e-05,0.0007768970000370246,256.0,,2048,32,8,0.10028500700002496,5.578099990088958e-05
3.946999993331701e-05,0.0007674749999750929,256.0,,2048,64,8,0.10028500700002496,5.578099990088958e-05
3.973599996243138e-05,0.0007678959999566359,256.0,,2048,128,8,0.10028500700002496,5.578099990088958e-05
,,,message_size=256B exceeds RSA-OAEP/SHA-256 max plaintext (190B) for a 2048-bit key,2048,256,8,0.10028500700002496,5.578099990088958e-05
,,,message_size=512B exceeds RSA-OAEP/SHA-256 max plaintext (190B) for a 2048-bit key,2048,512,8,0.10028500700002496,5.578099990088958e-05
,,,message_size=1024B exceeds RSA-OAEP/SHA-256 max plaintext (190B) for a 2048-bit key,2048,1024,8,0.10028500700002496,5.578099990088958e-05
4.3686999902092793e-05,0.0007732329999043941,256.0,,2048,16,9,0.0896432229999391,5.706100000679726e-05
3.962199991747184e-05,0.0007656630000383302,256.0,,2048,32,9,0.0896432229999391,5.706100000679726e-05
3.881999998611718e-05,0.0007635969999455483,256.0,,2048,64,9,0.0896432229999391,5.706100000679726e-05
4.274699995221454e-05,0.0008014950000188037,256.0,,2048,128,9,0.0896432229999391,5.706100000679726e-05
,,,message_size=256B exceeds RSA-OAEP/SHA-256 max plaintext (190B) for a 2048-bit key,2048,256,9,0.0896432229999391,5.706100000679726e-05
,,,message_size=512B exceeds RSA-OAEP/SHA-256 max plaintext (190B) for a 2048-bit key,2048,512,9,0.0896432229999391,5.706100000679726e-05
,,,message_size=1024B exceeds RSA-OAEP/SHA-256 max plaintext (190B) for a 2048-bit key,2048,1024,9,0.0896432229999391,5.706100000679726e-05
4.269999999451102e-05,0.0007732709999572762,256.0,,2048,16,10,0.07174060700003793,5.751100002271414e-05
4.112399994937732e-05,0.0007757949999813718,256.0,,2048,32,10,0.07174060700003793,5.751100002271414e-05
3.934500000468688e-05,0.0007639279999693827,256.0,,2048,64,10,0.07174060700003793,5.751100002271414e-05
3.866399993057712e-05,0.0007725629999413286,256.0,,2048,128,10,0.07174060700003793,5.751100002271414e-05
,,,message_size=256B exceeds RSA-OAEP/SHA-256 max plaintext (190B) for a 2048-bit key,2048,256,10,0.07174060700003793,5.751100002271414e-05
,,,message_size=512B exceeds RSA-OAEP/SHA-256 max plaintext (190B) for a 2048-bit key,2048,512,10,0.07174060700003793,5.751100002271414e-05
,,,message_size=1024B exceeds RSA-OAEP/SHA-256 max plaintext (190B) for a 2048-bit key,2048,1024,10,0.07174060700003793,5.751100002271414e-05
4.3116999904668774e-05,0.0007675620000782146,256.0,,2048,16,11,0.06424072200002229,5.8065000075657736e-05
3.965600001265557e-05,0.0007965859999785607,256.0,,2048,32,11,0.06424072200002229,5.8065000075657736e-05
4.4251000076656055e-05,0.0007582760000559574,256.0,,2048,64,11,0.06424072200002229,5.8065000075657736e-05
3.840800002308242e-05,0.0007637190000195915,256.0,,2048,128,11,0.06424072200002229,5.8065000075657736e-05
,,,message_size=256B exceeds RSA-OAEP/SHA-256 max plaintext (190B) for a 2048-bit key,2048,256,11,0.06424072200002229,5.8065000075657736e-05
,,,message_size=512B exceeds RSA-OAEP/SHA-256 max plaintext (190B) for a 2048-bit key,2048,512,11,0.06424072200002229,5.8065000075657736e-05
,,,message_size=1024B exceeds RSA-OAEP/SHA-256 max plaintext (190B) for a 2048-bit key,2048,1024,11,0.06424072200002229,5.8065000075657736e-05
4.360999992059078e-05,0.0007651610000039,256.0,,2048,16,12,0.11828668499993,5.8741999964695424e-05
4.717799993159133e-05,0.000803206999989925,256.0,,2048,32,12,0.11828668499993,5.8741999964695424e-05
4.5243000045047665e-05,0.0007802000000083353,256.0,,2048,64,12,0.11828668499993,5.8741999964695424e-05
3.9431999994121725e-05,0.0007690009999805625,256.0,,2048,128,12,0.11828668499993,5.8741999964695424e-05
,,,message_size=256B exceeds RSA-OAEP/SHA-256 max plaintext (190B) for a 2048-bit key,2048,256,12,0.11828668499993,5.8741999964695424e-05
,,,message_size=512B exceeds RSA-OAEP/SHA-256 max plaintext (190B) for a 2048-bit key,2048,512,12,0.11828668499993,5.8741999964695424e-05
,,,message_size=1024B exceeds RSA-OAEP/SHA-256 max plaintext (190B) for a 2048-bit key,2048,1024,12,0.11828668499993,5.8741999964695424e-05
4.300199998397147e-05,0.0007675360000121145,256.0,,2048,16,13,0.06635808199996518,5.5822000035732344e-05
3.962700009196851e-05,0.0007716269999491487,256.0,,2048,32,13,0.06635808199996518,5.5822000035732344e-05
3.916200000730896e-05,0.0007631589999164134,256.0,,2048,64,13,0.06635808199996518,5.5822000035732344e-05
3.8243000062720967e-05,0.0007725479999862728,256.0,,2048,128,13,0.06635808199996518,5.5822000035732344e-05
,,,message_size=256B exceeds RSA-OAEP/SHA-256 max plaintext (190B) for a 2048-bit key,2048,256,13,0.06635808199996518,5.5822000035732344e-05
,,,message_size=512B exceeds RSA-OAEP/SHA-256 max plaintext (190B) for a 2048-bit key,2048,512,13,0.06635808199996518,5.5822000035732344e-05
,,,message_size=1024B exceeds RSA-OAEP/SHA-256 max plaintext (190B) for a 2048-bit key,2048,1024,13,0.06635808199996518,5.5822000035732344e-05
4.219499999180698e-05,0.0007689729999356132,256.0,,2048,16,14,0.05607591900002262,5.798000006507209e-05
4.000899991751794e-05,0.0007631789999322791,256.0,,2048,32,14,0.05607591900002262,5.798000006507209e-05
3.83610000653789e-05,0.0007930100000521634,256.0,,2048,64,14,0.05607591900002262,5.798000006507209e-05
5.051899995578424e-05,0.0007975780000606392,256.0,,2048,128,14,0.05607591900002262,5.798000006507209e-05
,,,message_size=256B exceeds RSA-OAEP/SHA-256 max plaintext (190B) for a 2048-bit key,2048,256,14,0.05607591900002262,5.798000006507209e-05
,,,message_size=512B exceeds RSA-OAEP/SHA-256 max plaintext (190B) for a 2048-bit key,2048,512,14,0.05607591900002262,5.798000006507209e-05
,,,message_size=1024B exceeds RSA-OAEP/SHA-256 max plaintext (190B) for a 2048-bit key,2048,1024,14,0.05607591900002262,5.798000006507209e-05
4.3559000005188864e-05,0.0007741190000842835,256.0,,2048,16,15,0.0533070349999889,5.594000003839028e-05
3.988499997831241e-05,0.0007652310000594298,256.0,,2048,32,15,0.0533070349999889,5.594000003839028e-05
4.7889000029499584e-05,0.0007713290000310735,256.0,,2048,64,15,0.0533070349999889,5.594000003839028e-05
3.88880000627978e-05,0.0007614849999981743,256.0,,2048,128,15,0.0533070349999889,5.594000003839028e-05
,,,message_size=256B exceeds RSA-OAEP/SHA-256 max plaintext (190B) for a 2048-bit key,2048,256,15,0.0533070349999889,5.594000003839028e-05
,,,message_size=512B exceeds RSA-OAEP/SHA-256 max plaintext (190B) for a 2048-bit key,2048,512,15,0.0533070349999889,5.594000003839028e-05
,,,message_size=1024B exceeds RSA-OAEP/SHA-256 max plaintext (190B) for a 2048-bit key,2048,1024,15,0.0533070349999889,5.594000003839028e-05
6.778799991025153e-05,0.000774575000036748,256.0,,2048,16,16,0.05287825100003829,5.9025999917139416e-05
4.723500001091452e-05,0.0008156439999993381,256.0,,2048,32,16,0.05287825100003829,5.9025999917139416e-05
4.9907999937204295e-05,0.0007989150000184964,256.0,,2048,64,16,0.05287825100003829,5.9025999917139416e-05
4.2759000052683405e-05,0.0007937750000337473,256.0,,2048,128,16,0.05287825100003829,5.9025999917139416e-05
,,,message_size=256B exceeds RSA-OAEP/SHA-256 max plaintext (190B) for a 2048-bit key,2048,256,16,0.05287825100003829,5.9025999917139416e-05
,,,message_size=512B exceeds RSA-OAEP/SHA-256 max plaintext (190B) for a 2048-bit key,2048,512,16,0.05287825100003829,5.9025999917139416e-05
,,,message_size=1024B exceeds RSA-OAEP/SHA-256 max plaintext (190B) for a 2048-bit key,2048,1024,16,0.05287825100003829,5.9025999917139416e-05
4.994599999008642e-05,0.0007733879999705096,256.0,,2048,16,17,0.10994690299992271,5.747900002006645e-05
3.988200001003861e-05,0.0007700959999965562,256.0,,2048,32,17,0.10994690299992271,5.747900002006645e-05
3.893200005222752e-05,0.0007691859999567896,256.0,,2048,64,17,0.10994690299992271,5.747900002006645e-05
3.8530999972863356e-05,0.0007679049999751442,256.0,,2048,128,17,0.10994690299992271,5.747900002006645e-05
,,,message_size=256B exceeds RSA-OAEP/SHA-256 max plaintext (190B) for a 2048-bit key,2048,256,17,0.10994690299992271,5.747900002006645e-05
,,,message_size=512B exceeds RSA-OAEP/SHA-256 max plaintext (190B) for a 2048-bit key,2048,512,17,0.10994690299992271,5.747900002006645e-05
,,,message_size=1024B exceeds RSA-OAEP/SHA-256 max plaintext (190B) for a 2048-bit key,2048,1024,17,0.10994690299992271,5.747900002006645e-05
0.00012865400003647665,0.0014165960000127598,256.0,,2048,16,18,0.04484649600010471,7.189099994775461e-05
9.683400003268616e-05,0.0013827359999822875,256.0,,2048,32,18,0.04484649600010471,7.189099994775461e-05
8.80210000104853e-05,0.0014027129999476529,256.0,,2048,64,18,0.04484649600010471,7.189099994775461e-05
8.840399993914616e-05,0.0013860930000646476,256.0,,2048,128,18,0.04484649600010471,7.189099994775461e-05
,,,message_size=256B exceeds RSA-OAEP/SHA-256 max plaintext (190B) for a 2048-bit key,2048,256,18,0.04484649600010471,7.189099994775461e-05
,,,message_size=512B exceeds RSA-OAEP/SHA-256 max plaintext (190B) for a 2048-bit key,2048,512,18,0.04484649600010471,7.189099994775461e-05
,,,message_size=1024B exceeds RSA-OAEP/SHA-256 max plaintext (190B) for a 2048-bit key,2048,1024,18,0.04484649600010471,7.189099994775461e-05
6.991399993694358e-05,0.0010450920000266706,256.0,,2048,16,19,0.044872265999970296,8.121400003346935e-05
6.741199990756286e-05,0.0008992919999855076,256.0,,2048,32,19,0.044872265999970296,8.121400003346935e-05
6.750299996838294e-05,0.000919631999977355,256.0,,2048,64,19,0.044872265999970296,8.121400003346935e-05
5.4831999932503095e-05,0.0008845449999625998,256.0,,2048,128,19,0.044872265999970296,8.121400003346935e-05
,,,message_size=256B exceeds RSA-OAEP/SHA-256 max plaintext (190B) for a 2048-bit key,2048,256,19,0.044872265999970296,8.121400003346935e-05
,,,message_size=512B exceeds RSA-OAEP/SHA-256 max plaintext (190B) for a 2048-bit key,2048,512,19,0.044872265999970296,8.121400003346935e-05
,,,message_size=1024B exceeds RSA-OAEP/SHA-256 max plaintext (190B) for a 2048-bit key,2048,1024,19,0.044872265999970296,8.121400003346935e-05
4.446000002644723e-05,0.0007880420000674349,256.0,,2048,16,20,0.09204989900001692,5.884400002287293e-05
4.1276000047218986e-05,0.0007750739999892176,256.0,,2048,32,20,0.09204989900001692,5.884400002287293e-05
3.981400004704483e-05,0.000772828999970443,256.0,,2048,64,20,0.09204989900001692,5.884400002287293e-05
3.922899998087814e-05,0.0007664490000252044,256.0,,2048,128,20,0.09204989900001692,5.884400002287293e-05
,,,message_size=256B exceeds RSA-OAEP/SHA-256 max plaintext (190B) for a 2048-bit key,2048,256,20,0.09204989900001692,5.884400002287293e-05
,,,message_size=512B exceeds RSA-OAEP/SHA-256 max plaintext (190B) for a 2048-bit key,2048,512,20,0.09204989900001692,5.884400002287293e-05
,,,message_size=1024B exceeds RSA-OAEP/SHA-256 max plaintext (190B) for a 2048-bit key,2048,1024,20,0.09204989900001692,5.884400002287293e-05
4.500099998949736e-05,0.0007726580000735339,256.0,,2048,16,21,0.12260147699998925,5.74250000227039e-05
4.023799999686162e-05,0.0007711179999887463,256.0,,2048,32,21,0.12260147699998925,5.74250000227039e-05
3.9647999983571935e-05,0.0007810670000480968,256.0,,2048,64,21,0.12260147699998925,5.74250000227039e-05
3.97759999941627e-05,0.0007689370000889539,256.0,,2048,128,21,0.12260147699998925,5.74250000227039e-05
,,,message_size=256B exceeds RSA-OAEP/SHA-256 max plaintext (190B) for a 2048-bit key,2048,256,21,0.12260147699998925,5.74250000227039e-05
,,,message_size=512B exceeds RSA-OAEP/SHA-256 max plaintext (190B) for a 2048-bit key,2048,512,21,0.12260147699998925,5.74250000227039e-05
,,,message_size=1024B exceeds RSA-OAEP/SHA-256 max plaintext (190B) for a 2048-bit key,2048,1024,21,0.12260147699998925,5.74250000227039e-05
4.767099994751334e-05,0.0007835469999690758,256.0,,2048,16,22,0.07371191300001101,6.346500003928668e-05
4.379800009246537e-05,0.0007671560000517275,256.0,,2048,32,22,0.07371191300001101,6.346500003928668e-05
4.186299997854803e-05,0.0007969399999865345,256.0,,2048,64,22,0.07371191300001101,6.346500003928668e-05
4.4379999962984584e-05,0.0007825200000297627,256.0,,2048,128,22,0.07371191300001101,6.346500003928668e-05
,,,message_size=256B exceeds RSA-OAEP/SHA-256 max plaintext (190B) for a 2048-bit key,2048,256,22,0.07371191300001101,6.346500003928668e-05
,,,message_size=512B exceeds RSA-OAEP/SHA-256 max plaintext (190B) for a 2048-bit key,2048,512,22,0.07371191300001101,6.346500003928668e-05
,,,message_size=1024B exceeds RSA-OAEP/SHA-256 max plaintext (190B) for a 2048-bit key,2048,1024,22,0.07371191300001101,6.346500003928668e-05
5.086099997697602e-05,0.0007652489999827594,256.0,,2048,16,23,0.10213082900008885,6.231199995454517e-05
3.932499998882122e-05,0.0007744569999204032,256.0,,2048,32,23,0.10213082900008885,6.231199995454517e-05
3.975599997829704e-05,0.0007890539999380053,256.0,,2048,64,23,0.10213082900008885,6.231199995454517e-05
3.953999998884683e-05,0.0008063620000484661,256.0,,2048,128,23,0.10213082900008885,6.231199995454517e-05
,,,message_size=256B exceeds RSA-OAEP/SHA-256 max plaintext (190B) for a 2048-bit key,2048,256,23,0.10213082900008885,6.231199995454517e-05
,,,message_size=512B exceeds RSA-OAEP/SHA-256 max plaintext (190B) for a 2048-bit key,2048,512,23,0.10213082900008885,6.231199995454517e-05
,,,message_size=1024B exceeds RSA-OAEP/SHA-256 max plaintext (190B) for a 2048-bit key,2048,1024,23,0.10213082900008885,6.231199995454517e-05
4.458699993392656e-05,0.0007651450000594195,256.0,,2048,16,24,0.06542118099991967,7.651600003555359e-05
3.961099992011441e-05,0.0007740119999652961,256.0,,2048,32,24,0.06542118099991967,7.651600003555359e-05
4.0061999925455893e-05,0.0007694319999700383,256.0,,2048,64,24,0.06542118099991967,7.651600003555359e-05
3.9361000062854146e-05,0.0007780920000186597,256.0,,2048,128,24,0.06542118099991967,7.651600003555359e-05
,,,message_size=256B exceeds RSA-OAEP/SHA-256 max plaintext (190B) for a 2048-bit key,2048,256,24,0.06542118099991967,7.651600003555359e-05
,,,message_size=512B exceeds RSA-OAEP/SHA-256 max plaintext (190B) for a 2048-bit key,2048,512,24,0.06542118099991967,7.651600003555359e-05
,,,message_size=1024B exceeds RSA-OAEP/SHA-256 max plaintext (190B) for a 2048-bit key,2048,1024,24,0.06542118099991967,7.651600003555359e-05
5.293200001688092e-05,0.0007674210000914172,256.0,,2048,16,25,0.029669079999962378,7.212200000594748e-05
4.778400000304828e-05,0.0007718790000126319,256.0,,2048,32,25,0.029669079999962378,7.212200000594748e-05
3.962200003115868e-05,0.0007701069999939136,256.0,,2048,64,25,0.029669079999962378,7.212200000594748e-05
3.871000001254288e-05,0.0007775220000212357,256.0,,2048,128,25,0.029669079999962378,7.212200000594748e-05
,,,message_size=256B exceeds RSA-OAEP/SHA-256 max plaintext (190B) for a 2048-bit key,2048,256,25,0.029669079999962378,7.212200000594748e-05
,,,message_size=512B exceeds RSA-OAEP/SHA-256 max plaintext (190B) for a 2048-bit key,2048,512,25,0.029669079999962378,7.212200000594748e-05
,,,message_size=1024B exceeds RSA-OAEP/SHA-256 max plaintext (190B) for a 2048-bit key,2048,1024,25,0.029669079999962378,7.212200000594748e-05
4.8835000029612274e-05,0.0007693530000096871,256.0,,2048,16,26,0.11901838899996164,8.188999993308244e-05
4.079500001807901e-05,0.0007755120000183524,256.0,,2048,32,26,0.11901838899996164,8.188999993308244e-05
3.957600006287976e-05,0.0007707049999226001,256.0,,2048,64,26,0.11901838899996164,8.188999993308244e-05
3.874000003634137e-05,0.0007766500000343513,256.0,,2048,128,26,0.11901838899996164,8.188999993308244e-05
,,,message_size=256B exceeds RSA-OAEP/SHA-256 max plaintext (190B) for a 2048-bit key,2048,256,26,0.11901838899996164,8.188999993308244e-05
,,,message_size=512B exceeds RSA-OAEP/SHA-256 max plaintext (190B) for a 2048-bit key,2048,512,26,0.11901838899996164,8.188999993308244e-05
,,,message_size=1024B exceeds RSA-OAEP/SHA-256 max plaintext (190B) for a 2048-bit key,2048,1024,26,0.11901838899996164,8.188999993308244e-05
0.00012774300000728545,0.0007814210000560706,256.0,,2048,16,27,0.048722129999987374,9.088800004519726e-05
4.330000001573353e-05,0.0008040719999371504,256.0,,2048,32,27,0.048722129999987374,9.088800004519726e-05
4.477000004499132e-05,0.0007914169999594378,256.0,,2048,64,27,0.048722129999987374,9.088800004519726e-05
4.184199997325777e-05,0.0008116320000226551,256.0,,2048,128,27,0.048722129999987374,9.088800004519726e-05
,,,message_size=256B exceeds RSA-OAEP/SHA-256 max plaintext (190B) for a 2048-bit key,2048,256,27,0.048722129999987374,9.088800004519726e-05
,,,message_size=512B exceeds RSA-OAEP/SHA-256 max plaintext (190B) for a 2048-bit key,2048,512,27,0.048722129999987374,9.088800004519726e-05
,,,message_size=1024B exceeds RSA-OAEP/SHA-256 max plaintext (190B) for a 2048-bit key,2048,1024,27,0.048722129999987374,9.088800004519726e-05
4.341400006069307e-05,0.0007837189999690963,256.0,,2048,16,28,0.02418899200006308,7.069399998727022e-05
4.114699993351678e-05,0.0007722110000258908,256.0,,2048,32,28,0.02418899200006308,7.069399998727022e-05
3.9362999928016507e-05,0.0007627610000326968,256.0,,2048,64,28,0.02418899200006308,7.069399998727022e-05
3.862599999138183e-05,0.0007688569999118045,256.0,,2048,128,28,0.02418899200006308,7.069399998727022e-05
,,,message_size=256B exceeds RSA-OAEP/SHA-256 max plaintext (190B) for a 2048-bit key,2048,256,28,0.02418899200006308,7.069399998727022e-05
,,,message_size=512B exceeds RSA-OAEP/SHA-256 max plaintext (190B) for a 2048-bit key,2048,512,28,0.02418899200006308,7.069399998727022e-05
,,,message_size=1024B exceeds RSA-OAEP/SHA-256 max plaintext (190B) for a 2048-bit key,2048,1024,28,0.02418899200006308,7.069399998727022e-05
4.904499996882805e-05,0.000776617000042279,256.0,,2048,16,29,0.07106562900003155,7.95569999354484e-05
4.1040999917640875e-05,0.0007893629999671248,256.0,,2048,32,29,0.07106562900003155,7.95569999354484e-05
4.073800005244266e-05,0.0007708809999940058,256.0,,2048,64,29,0.07106562900003155,7.95569999354484e-05
3.8839000012558245e-05,0.000766928999951233,256.0,,2048,128,29,0.07106562900003155,7.95569999354484e-05
,,,message_size=256B exceeds RSA-OAEP/SHA-256 max plaintext (190B) for a 2048-bit key,2048,256,29,0.07106562900003155,7.95569999354484e-05
,,,message_size=512B exceeds RSA-OAEP/SHA-256 max plaintext (190B) for a 2048-bit key,2048,512,29,0.07106562900003155,7.95569999354484e-05
,,,message_size=1024B exceeds RSA-OAEP/SHA-256 max plaintext (190B) for a 2048-bit key,2048,1024,29,0.07106562900003155,7.95569999354484e-05
4.428900001585134e-05,0.0007759850000184088,256.0,,2048,16,30,0.02891966599997886,7.400200001939083e-05
4.089499998372048e-05,0.0007659460000013496,256.0,,2048,32,30,0.02891966599997886,7.400200001939083e-05
3.88649999649715e-05,0.0007665900000120018,256.0,,2048,64,30,0.02891966599997886,7.400200001939083e-05
3.894799999670795e-05,0.0007682110000359899,256.0,,2048,128,30,0.02891966599997886,7.400200001939083e-05
,,,message_size=256B exceeds RSA-OAEP/SHA-256 max plaintext (190B) for a 2048-bit key,2048,256,30,0.02891966599997886,7.400200001939083e-05
,,,message_size=512B exceeds RSA-OAEP/SHA-256 max plaintext (190B) for a 2048-bit key,2048,512,30,0.02891966599997886,7.400200001939083e-05
,,,message_size=1024B exceeds RSA-OAEP/SHA-256 max plaintext (190B) for a 2048-bit key,2048,1024,30,0.02891966599997886,7.400200001939083e-05
0.00012529000002814428,0.0012058769999612196,256.0,,2048,16,31,0.05278313500002696,7.865500003845227e-05
0.00011452400008238328,0.0013190329999588357,256.0,,2048,32,31,0.05278313500002696,7.865500003845227e-05
0.0001035650000176247,0.0013048239999307043,256.0,,2048,64,31,0.05278313500002696,7.865500003845227e-05
9.38530000667015e-05,0.001325814999972863,256.0,,2048,128,31,0.05278313500002696,7.865500003845227e-05
,,,message_size=256B exceeds RSA-OAEP/SHA-256 max plaintext (190B) for a 2048-bit key,2048,256,31,0.05278313500002696,7.865500003845227e-05
,,,message_size=512B exceeds RSA-OAEP/SHA-256 max plaintext (190B) for a 2048-bit key,2048,512,31,0.05278313500002696,7.865500003845227e-05
,,,message_size=1024B exceeds RSA-OAEP/SHA-256 max plaintext (190B) for a 2048-bit key,2048,1024,31,0.05278313500002696,7.865500003845227e-05
0.00014853100003620057,0.0013871139999537263,256.0,,2048,16,32,0.033062301999962074,9.567400002197246e-05
9.415800002443575e-05,0.0013514980000763899,256.0,,2048,32,32,0.033062301999962074,9.567400002197246e-05
0.00010011000006215909,0.0013116589999526695,256.0,,2048,64,32,0.033062301999962074,9.567400002197246e-05
9.041499993145408e-05,0.0013858840000011696,256.0,,2048,128,32,0.033062301999962074,9.567400002197246e-05
,,,message_size=256B exceeds RSA-OAEP/SHA-256 max plaintext (190B) for a 2048-bit key,2048,256,32,0.033062301999962074,9.567400002197246e-05
,,,message_size=512B exceeds RSA-OAEP/SHA-256 max plaintext (190B) for a 2048-bit key,2048,512,32,0.033062301999962074,9.567400002197246e-05
,,,message_size=1024B exceeds RSA-OAEP/SHA-256 max plaintext (190B) for a 2048-bit key,2048,1024,32,0.033062301999962074,9.567400002197246e-05
4.30129999813289e-05,0.0007658299999775409,256.0,,2048,16,33,0.1095335329999898,7.947299991428736e-05
3.99120000338371e-05,0.000784664999969209,256.0,,2048,32,33,0.1095335329999898,7.947299991428736e-05
4.0002999980970344e-05,0.000771008000015172,256.0,,2048,64,33,0.1095335329999898,7.947299991428736e-05
4.0205000004789326e-05,0.0007673669999803678,256.0,,2048,128,33,0.1095335329999898,7.947299991428736e-05
,,,message_size=256B exceeds RSA-OAEP/SHA-256 max plaintext (190B) for a 2048-bit key,2048,256,33,0.1095335329999898,7.947299991428736e-05
,,,message_size=512B exceeds RSA-OAEP/SHA-256 max plaintext (190B) for a 2048-bit key,2048,512,33,0.1095335329999898,7.947299991428736e-05
,,,message_size=1024B exceeds RSA-OAEP/SHA-256 max plaintext (190B) for a 2048-bit key,2048,1024,33,0.1095335329999898,7.947299991428736e-05
4.517299998951785e-05,0.0008220930000106819,256.0,,2048,16,34,0.07853039100007209,7.512599995607161e-05
4.8515000003135356e-05,0.0008274470000060319,256.0,,2048,32,34,0.07853039100007209,7.512599995607161e-05
6.433199996536132e-05,0.0007667669999591453,256.0,,2048,64,34,0.07853039100007209,7.512599995607161e-05
3.8996000057522906e-05,0.0007712379999702534,256.0,,2048,128,34,0.07853039100007209,7.512599995607161e-05
,,,message_size=256B exceeds RSA-OAEP/SHA-256 max plaintext (190B) for a 2048-bit key,2048,256,34,0.07853039100007209,7.512599995607161e-05
,,,message_size=512B exceeds RSA-OAEP/SHA-256 max plaintext (190B) for a 2048-bit key,2048,512,34,0.07853039100007209,7.512599995607161e-05
,,,message_size=1024B exceeds RSA-OAEP/SHA-256 max plaintext (190B) for a 2048-bit key,2048,1024,34,0.07853039100007209,7.512599995607161e-05
5.252300002211996e-05,0.0008448060000318947,256.0,,2048,16,35,0.06822289100000489,7.753799991405685e-05
4.902300008780003e-05,0.0008264059999874007,256.0,,2048,32,35,0.06822289100000489,7.753799991405685e-05
4.955899999004032e-05,0.0007731559999228921,256.0,,2048,64,35,0.06822289100000489,7.753799991405685e-05
3.946099991480878e-05,0.0007806450000771292,256.0,,2048,128,35,0.06822289100000489,7.753799991405685e-05
,,,message_size=256B exceeds RSA-OAEP/SHA-256 max plaintext (190B) for a 2048-bit key,2048,256,35,0.06822289100000489,7.753799991405685e-05
,,,message_size=512B exceeds RSA-OAEP/SHA-256 max plaintext (190B) for a 2048-bit key,2048,512,35,0.06822289100000489,7.753799991405685e-05
,,,message_size=1024B exceeds RSA-OAEP/SHA-256 max plaintext (190B) for a 2048-bit key,2048,1024,35,0.06822289100000489,7.753799991405685e-05
5.004900003768853e-05,0.0007698059999938778,256.0,,2048,16,36,0.0366239149999501,7.103299992650136e-05
4.010500003914785e-05,0.0008143989999780388,256.0,,2048,32,36,0.0366239149999501,7.103299992650136e-05
5.13109999928929e-05,0.0007767040000317138,256.0,,2048,64,36,0.0366239149999501,7.103299992650136e-05
3.993699999682576e-05,0.0007710439999755181,256.0,,2048,128,36,0.0366239149999501,7.103299992650136e-05
,,,message_size=256B exceeds RSA-OAEP/SHA-256 max plaintext (190B) for a 2048-bit key,2048,256,36,0.0366239149999501,7.103299992650136e-05
,,,message_size=512B exceeds RSA-OAEP/SHA-256 max plaintext (190B) for a 2048-bit key,2048,512,36,0.0366239149999501,7.103299992650136e-05
,,,message_size=1024B exceeds RSA-OAEP/SHA-256 max plaintext (190B) for a 2048-bit key,2048,1024,36,0.0366239149999501,7.103299992650136e-05
4.397399993649742e-05,0.0008490849999134298,256.0,,2048,16,37,0.04187284299996463,8.07469999699606e-05
5.4497000064657186e-05,0.0008675520000451797,256.0,,2048,32,37,0.04187284299996463,8.07469999699606e-05
4.8824999907992606e-05,0.0008457479999606221,256.0,,2048,64,37,0.04187284299996463,8.07469999699606e-05
4.928300006667996e-05,0.0007795540000188339,256.0,,2048,128,37,0.04187284299996463,8.07469999699606e-05
,,,message_size=256B exceeds RSA-OAEP/SHA-256 max plaintext (190B) for a 2048-bit key,2048,256,37,0.04187284299996463,8.07469999699606e-05
,,,message_size=512B exceeds RSA-OAEP/SHA-256 max plaintext (190B) for a 2048-bit key,2048,512,37,0.04187284299996463,8.07469999699606e-05
,,,message_size=1024B exceeds RSA-OAEP/SHA-256 max plaintext (190B) for a 2048-bit key,2048,1024,37,0.04187284299996463,8.07469999699606e-05
0.00010943799998130999,0.0012233659999765223,256.0,,2048,16,38,0.029930057000001398,7.376700000349956e-05
9.662100001150975e-05,0.0012306969999826833,256.0,,2048,32,38,0.029930057000001398,7.376700000349956e-05
9.092300001611875e-05,0.0011033040000256733,256.0,,2048,64,38,0.029930057000001398,7.376700000349956e-05
0.00010028399992734194,0.001175432999957593,256.0,,2048,128,38,0.029930057000001398,7.376700000349956e-05
,,,message_size=256B exceeds RSA-OAEP/SHA-256 max plaintext (190B) for a 2048-bit key,2048,256,38,0.029930057000001398,7.376700000349956e-05
,,,message_size=512B exceeds RSA-OAEP/SHA-256 max plaintext (190B) for a 2048-bit key,2048,512,38,0.029930057000001398,7.376700000349956e-05
,,,message_size=1024B exceeds RSA-OAEP/SHA-256 max plaintext (190B) for a 2048-bit key,2048,1024,38,0.029930057000001398,7.376700000349956e-05
4.390499998407904e-05,0.000776717999997345,256.0,,2048,16,39,0.06610710400002517,7.202000006145681e-05
4.054200007885811e-05,0.0007663039999670218,256.0,,2048,32,39,0.06610710400002517,7.202000006145681e-05
3.905799997028225e-05,0.0007771939999656752,256.0,,2048,64,39,0.06610710400002517,7.202000006145681e-05
4.094000007626164e-05,0.0007709779999913735,256.0,,2048,128,39,0.06610710400002517,7.202000006145681e-05
,,,message_size=256B exceeds RSA-OAEP/SHA-256 max plaintext (190B) for a 2048-bit key,2048,256,39,0.06610710400002517,7.202000006145681e-05
,,,message_size=512B exceeds RSA-OAEP/SHA-256 max plaintext (190B) for a 2048-bit key,2048,512,39,0.06610710400002517,7.202000006145681e-05
,,,message_size=1024B exceeds RSA-OAEP/SHA-256 max plaintext (190B) for a 2048-bit key,2048,1024,39,0.06610710400002517,7.202000006145681e-05
4.384800001844269e-05,0.0007709370000839044,256.0,,2048,16,40,0.03299939999999424,7.107099997938349e-05
4.088299999693845e-05,0.0007767880000528748,256.0,,2048,32,40,0.03299939999999424,7.107099997938349e-05
3.937399992537394e-05,0.0007776230000899886,256.0,,2048,64,40,0.03299939999999424,7.107099997938349e-05
3.951300004700897e-05,0.0007626760000221111,256.0,,2048,128,40,0.03299939999999424,7.107099997938349e-05
,,,message_size=256B exceeds RSA-OAEP/SHA-256 max plaintext (190B) for a 2048-bit key,2048,256,40,0.03299939999999424,7.107099997938349e-05
,,,message_size=512B exceeds RSA-OAEP/SHA-256 max plaintext (190B) for a 2048-bit key,2048,512,40,0.03299939999999424,7.107099997938349e-05
,,,message_size=1024B exceeds RSA-OAEP/SHA-256 max plaintext (190B) for a 2048-bit key,2048,1024,40,0.03299939999999424,7.107099997938349e-05
4.8733999960859364e-05,0.0007860980000486961,256.0,,2048,16,41,0.10934933500004718,6.419400006052456e-05
4.386900002373295e-05,0.0007763600000316728,256.0,,2048,32,41,0.10934933500004718,6.419400006052456e-05
4.2178999933639716e-05,0.0007914410000466887,256.0,,2048,64,41,0.10934933500004718,6.419400006052456e-05
4.2748999931063736e-05,0.0007772100000238424,256.0,,2048,128,41,0.10934933500004718,6.419400006052456e-05
,,,message_size=256B exceeds RSA-OAEP/SHA-256 max plaintext (190B) for a 2048-bit key,2048,256,41,0.10934933500004718,6.419400006052456e-05
,,,message_size=512B exceeds RSA-OAEP/SHA-256 max plaintext (190B) for a 2048-bit key,2048,512,41,0.10934933500004718,6.419400006052456e-05
,,,message_size=1024B exceeds RSA-OAEP/SHA-256 max plaintext (190B) for a 2048-bit key,2048,1024,41,0.10934933500004718,6.419400006052456e-05
4.3955000023743196e-05,0.0007867189999615221,256.0,,2048,16,42,0.04776840799991078,5.979599995953322e-05
4.218699996272335e-05,0.000805907999961164,256.0,,2048,32,42,0.04776840799991078,5.979599995953322e-05
7.177699990279507e-05,0.0007884550000198942,256.0,,2048,64,42,0.04776840799991078,5.979599995953322e-05
4.0138999906957906e-05,0.0007858120000037161,256.0,,2048,128,42,0.04776840799991078,5.979599995953322e-05
,,,message_size=256B exceeds RSA-OAEP/SHA-256 max plaintext (190B) for a 2048-bit key,2048,256,42,0.04776840799991078,5.979599995953322e-05
,,,message_size=512B exceeds RSA-OAEP/SHA-256 max plaintext (190B) for a 2048-bit key,2048,512,42,0.04776840799991078,5.979599995953322e-05
,,,message_size=1024B exceeds RSA-OAEP/SHA-256 max plaintext (190B) for a 2048-bit key,2048,1024,42,0.04776840799991078,5.979599995953322e-05
4.306300002099306e-05,0.0007663999999749649,256.0,,2048,16,43,0.10407070499991278,5.536000003303343e-05
4.060700007357809e-05,0.0007564889999684965,256.0,,2048,32,43,0.10407070499991278,5.536000003303343e-05
3.8143999972817255e-05,0.0007628280000062659,256.0,,2048,64,43,0.10407070499991278,5.536000003303343e-05
3.862899995965563e-05,0.0007629699999824879,256.0,,2048,128,43,0.10407070499991278,5.536000003303343e-05
,,,message_size=256B exceeds RSA-OAEP/SHA-256 max plaintext (190B) for a 2048-bit key,2048,256,43,0.10407070499991278,5.536000003303343e-05
,,,message_size=512B exceeds RSA-OAEP/SHA-256 max plaintext (190B) for a 2048-bit key,2048,512,43,0.10407070499991278,5.536000003303343e-05
,,,message_size=1024B exceeds RSA-OAEP/SHA-256 max plaintext (190B) for a 2048-bit key,2048,1024,43,0.10407070499991278,5.536000003303343e-05
6.085600000460545e-05,0.000884869000060462,256.0,,2048,16,44,0.0952340709999362,6.10460000416424e-05
5.279300000893272e-05,0.0007713179999200293,256.0,,2048,32,44,0.0952340709999362,6.10460000416424e-05
3.9979000007406285e-05,0.0008531049999191964,256.0,,2048,64,44,0.0952340709999362,6.10460000416424e-05
7.940399996186898e-05,0.0010254609999265085,256.0,,2048,128,44,0.0952340709999362,6.10460000416424e-05
,,,message_size=256B exceeds RSA-OAEP/SHA-256 max plaintext (190B) for a 2048-bit key,2048,256,44,0.0952340709999362,6.10460000416424e-05
,,,message_size=512B exceeds RSA-OAEP/SHA-256 max plaintext (190B) for a 2048-bit key,2048,512,44,0.0952340709999362,6.10460000416424e-05
,,,message_size=1024B exceeds RSA-OAEP/SHA-256 max plaintext (190B) for a 2048-bit key,2048,1024,44,0.0952340709999362,6.10460000416424e-05
4.653700000289973e-05,0.0007839809999268255,256.0,,2048,16,45,0.07202796399997169,6.083300002046599e-05
4.322999996020371e-05,0.0007697070000176609,256.0,,2048,32,45,0.07202796399997169,6.083300002046599e-05
4.219499999180698e-05,0.0007659970000304384,256.0,,2048,64,45,0.07202796399997169,6.083300002046599e-05
5.353899996407563e-05,0.0007689300000492949,256.0,,2048,128,45,0.07202796399997169,6.083300002046599e-05
,,,message_size=256B exceeds RSA-OAEP/SHA-256 max plaintext (190B) for a 2048-bit key,2048,256,45,0.07202796399997169,6.083300002046599e-05
,,,message_size=512B exceeds RSA-OAEP/SHA-256 max plaintext (190B) for a 2048-bit key,2048,512,45,0.07202796399997169,6.083300002046599e-05
,,,message_size=1024B exceeds RSA-OAEP/SHA-256 max plaintext (190B) for a 2048-bit key,2048,1024,45,0.07202796399997169,6.083300002046599e-05
0.00010749099999429745,0.0012239850000241859,256.0,,2048,16,46,0.036928573000068354,6.527200002892641e-05
0.00010058800000933843,0.0013377120000086506,256.0,,2048,32,46,0.036928573000068354,6.527200002892641e-05
9.453200004827522e-05,0.0012748759999112735,256.0,,2048,64,46,0.036928573000068354,6.527200002892641e-05
8.468700002595142e-05,0.0013066980000076,256.0,,2048,128,46,0.036928573000068354,6.527200002892641e-05
,,,message_size=256B exceeds RSA-OAEP/SHA-256 max plaintext (190B) for a 2048-bit key,2048,256,46,0.036928573000068354,6.527200002892641e-05
,,,message_size=512B exceeds RSA-OAEP/SHA-256 max plaintext (190B) for a 2048-bit key,2048,512,46,0.036928573000068354,6.527200002892641e-05
,,,message_size=1024B exceeds RSA-OAEP/SHA-256 max plaintext (190B) for a 2048-bit key,2048,1024,46,0.036928573000068354,6.527200002892641e-05
0.00011502799998197588,0.0013329109999631328,256.0,,2048,16,47,0.028190514000016265,7.232100006149267e-05
7.473599998775171e-05,0.0008217639999656967,256.0,,2048,32,47,0.028190514000016265,7.232100006149267e-05
4.76889999845298e-05,0.0008135000000493164,256.0,,2048,64,47,0.028190514000016265,7.232100006149267e-05
4.8400000082438055e-05,0.0007939530000840023,256.0,,2048,128,47,0.028190514000016265,7.232100006149267e-05
,,,message_size=256B exceeds RSA-OAEP/SHA-256 max plaintext (190B) for a 2048-bit key,2048,256,47,0.028190514000016265,7.232100006149267e-05
,,,message_size=512B exceeds RSA-OAEP/SHA-256 max plaintext (190B) for a 2048-bit key,2048,512,47,0.028190514000016265,7.232100006149267e-05
,,,message_size=1024B exceeds RSA-OAEP/SHA-256 max plaintext (190B) for a 2048-bit key,2048,1024,47,0.028190514000016265,7.232100006149267e-05
6.20710000021063e-05,0.0007731189999731214,256.0,,2048,16,48,0.026527740000005906,5.9139999962098955e-05
4.385799991268868e-05,0.0007799700000532539,256.0,,2048,32,48,0.026527740000005906,5.9139999962098955e-05
4.2406000034134195e-05,0.000774728999999752,256.0,,2048,64,48,0.026527740000005906,5.9139999962098955e-05
4.294600000775972e-05,0.0007735219999176479,256.0,,2048,128,48,0.026527740000005906,5.9139999962098955e-05
,,,message_size=256B exceeds RSA-OAEP/SHA-256 max plaintext (190B) for a 2048-bit key,2048,256,48,0.026527740000005906,5.9139999962098955e-05
,,,message_size=512B exceeds RSA-OAEP/SHA-256 max plaintext (190B) for a 2048-bit key,2048,512,48,0.026527740000005906,5.9139999962098955e-05
,,,message_size=1024B exceeds RSA-OAEP/SHA-256 max plaintext (190B) for a 2048-bit key,2048,1024,48,0.026527740000005906,5.9139999962098955e-05
4.550800008473743e-05,0.0007786950000081561,256.0,,2048,16,49,0.03236213000002408,5.96080000150323e-05
4.3559000005188864e-05,0.0007749320000129956,256.0,,2048,32,49,0.03236213000002408,5.96080000150323e-05
4.1985000052591204e-05,0.0008068169998978192,256.0,,2048,64,49,0.03236213000002408,5.96080000150323e-05
4.952899996624183e-05,0.0007776880000847086,256.0,,2048,128,49,0.03236213000002408,5.96080000150323e-05
,,,message_size=256B exceeds RSA-OAEP/SHA-256 max plaintext (190B) for a 2048-bit key,2048,256,49,0.03236213000002408,5.96080000150323e-05
,,,message_size=512B exceeds RSA-OAEP/SHA-256 max plaintext (190B) for a 2048-bit key,2048,512,49,0.03236213000002408,5.96080000150323e-05
,,,message_size=1024B exceeds RSA-OAEP/SHA-256 max plaintext (190B) for a 2048-bit key,2048,1024,49,0.03236213000002408,5.96080000150323e-05
5.23399999110552e-05,0.0007736170000498532,256.0,,2048,16,50,0.07830699199996616,6.216400004177558e-05
4.391599998143647e-05,0.0008290429999533444,256.0,,2048,32,50,0.07830699199996616,6.216400004177558e-05
6.186299992805289e-05,0.0011069089999864445,256.0,,2048,64,50,0.07830699199996616,6.216400004177558e-05
8.581100007631903e-05,0.0008530229999905714,256.0,,2048,128,50,0.07830699199996616,6.216400004177558e-05
,,,message_size=256B exceeds RSA-OAEP/SHA-256 max plaintext (190B) for a 2048-bit key,2048,256,50,0.07830699199996616,6.216400004177558e-05
,,,message_size=512B exceeds RSA-OAEP/SHA-256 max plaintext (190B) for a 2048-bit key,2048,512,50,0.07830699199996616,6.216400004177558e-05
,,,message_size=1024B exceeds RSA-OAEP/SHA-256 max plaintext (190B) for a 2048-bit key,2048,1024,50,0.07830699199996616,6.216400004177558e-05
5.384100006722292e-05,0.0007861329999059308,256.0,,2048,16,51,0.04871382099997845,6.065000002308807e-05
4.382299994176719e-05,0.0007710259999385016,256.0,,2048,32,51,0.04871382099997845,6.065000002308807e-05
4.1883999983838294e-05,0.0007736380000551435,256.0,,2048,64,51,0.04871382099997845,6.065000002308807e-05
4.1837999901872536e-05,0.0007734319999599393,256.0,,2048,128,51,0.04871382099997845,6.065000002308807e-05
,,,message_size=256B exceeds RSA-OAEP/SHA-256 max plaintext (190B) for a 2048-bit key,2048,256,51,0.04871382099997845,6.065000002308807e-05
,,,message_size=512B exceeds RSA-OAEP/SHA-256 max plaintext (190B) for a 2048-bit key,2048,512,51,0.04871382099997845,6.065000002308807e-05
,,,message_size=1024B exceeds RSA-OAEP/SHA-256 max plaintext (190B) for a 2048-bit key,2048,1024,51,0.04871382099997845,6.065000002308807e-05
6.464099999448081e-05,0.0008241180000823078,256.0,,2048,16,52,0.05092125399994529,6.174000009195879e-05
4.895500001111941e-05,0.0007801680000056876,256.0,,2048,32,52,0.05092125399994529,6.174000009195879e-05
4.2337999957453576e-05,0.0007740180000155306,256.0,,2048,64,52,0.05092125399994529,6.174000009195879e-05
4.186699993624643e-05,0.0007734499999969557,256.0,,2048,128,52,0.05092125399994529,6.174000009195879e-05
,,,message_size=256B exceeds RSA-OAEP/SHA-256 max plaintext (190B) for a 2048-bit key,2048,256,52,0.05092125399994529,6.174000009195879e-05
,,,message_size=512B exceeds RSA-OAEP/SHA-256 max plaintext (190B) for a 2048-bit key,2048,512,52,0.05092125399994529,6.174000009195879e-05
,,,message_size=1024B exceeds RSA-OAEP/SHA-256 max plaintext (190B) for a 2048-bit key,2048,1024,52,0.05092125399994529,6.174000009195879e-05
4.579199980980775e-05,0.0007756869999866467,256.0,,2048,16,53,0.07781378900006075,6.393100011337083e-05
4.28789999205037e-05,0.0007692760000281851,256.0,,2048,32,53,0.07781378900006075,6.393100011337083e-05
4.216499996800849e-05,0.0008028469999317167,256.0,,2048,64,53,0.07781378900006075,6.393100011337083e-05
5.839599998580525e-05,0.0007679880000068806,256.0,,2048,128,53,0.07781378900006075,6.393100011337083e-05
,,,message_size=256B exceeds RSA-OAEP/SHA-256 max plaintext (190B) for a 2048-bit key,2048,256,53,0.07781378900006075,6.393100011337083e-05
,,,message_size=512B exceeds RSA-OAEP/SHA-256 max plaintext (190B) for a 2048-bit key,2048,512,53,0.07781378900006075,6.393100011337083e-05
,,,message_size=1024B exceeds RSA-OAEP/SHA-256 max plaintext (190B) for a 2048-bit key,2048,1024,53,0.07781378900006075,6.393100011337083e-05
4.6713000074305455e-05,0.0007810449999396951,256.0,,2048,16,54,0.04398452600003111,6.0598999880312476e-05
4.38120000580966e-05,0.0007885249999617372,256.0,,2048,32,54,0.04398452600003111,6.0598999880312476e-05
4.9574000058782985e-05,0.0007690850000017235,256.0,,2048,64,54,0.04398452600003111,6.0598999880312476e-05
4.158999990977463e-05,0.0007678020001549157,256.0,,2048,128,54,0.04398452600003111,6.0598999880312476e-05
,,,message_size=256B exceeds RSA-OAEP/SHA-256 max plaintext (190B) for a 2048-bit key,2048,256,54,0.04398452600003111,6.0598999880312476e-05
,,,message_size=512B exceeds RSA-OAEP/SHA-256 max plaintext (190B) for a 2048-bit key,2048,512,54,0.04398452600003111,6.0598999880312476e-05
,,,message_size=1024B exceeds RSA-OAEP/SHA-256 max plaintext (190B) for a 2048-bit key,2048,1024,54,0.04398452600003111,6.0598999880312476e-05
4.6077999968474614e-05,0.0007801950000612123,256.0,,2048,16,55,0.02135973200006447,6.503899999188434e-05
4.295599978831888e-05,0.0007690869999805727,256.0,,2048,32,55,0.02135973200006447,6.503899999188434e-05
4.1485999872747925e-05,0.0007664400000066962,256.0,,2048,64,55,0.02135973200006447,6.503899999188434e-05
5.060800003775512e-05,0.0007647949998954573,256.0,,2048,128,55,0.02135973200006447,6.503899999188434e-05
,,,message_size=256B exceeds RSA-OAEP/SHA-256 max plaintext (190B) for a 2048-bit key,2048,256,55,0.02135973200006447,6.503899999188434e-05
,,,message_size=512B exceeds RSA-OAEP/SHA-256 max plaintext (190B) for a 2048-bit key,2048,512,55,0.02135973200006447,6.503899999188434e-05
,,,message_size=1024B exceeds RSA-OAEP/SHA-256 max plaintext (190B) for a 2048-bit key,2048,1024,55,0.02135973200006447,6.503899999188434e-05
4.4696000031763106e-05,0.0007860730001993943,256.0,,2048,16,56,0.059076669999967635,7.885400009399746e-05
4.8436000042784144e-05,0.0007665739999538346,256.0,,2048,32,56,0.059076669999967635,7.885400009399746e-05
3.8839999888296006e-05,0.0007716359998539701,256.0,,2048,64,56,0.059076669999967635,7.885400009399746e-05
3.9603999994142214e-05,0.0007759299999179348,256.0,,2048,128,56,0.059076669999967635,7.885400009399746e-05
,,,message_size=256B exceeds RSA-OAEP/SHA-256 max plaintext (190B) for a 2048-bit key,2048,256,56,0.059076669999967635,7.885400009399746e-05
,,,message_size=512B exceeds RSA-OAEP/SHA-256 max plaintext (190B) for a 2048-bit key,2048,512,56,0.059076669999967635,7.885400009399746e-05
,,,message_size=1024B exceeds RSA-OAEP/SHA-256 max plaintext (190B) for a 2048-bit key,2048,1024,56,0.059076669999967635,7.885400009399746e-05
0.0001206590000037977,0.0012094579999484267,256.0,,2048,16,57,0.054096339000125226,7.63430000461085e-05
0.00011544499989213364,0.00129708499980552,256.0,,2048,32,57,0.054096339000125226,7.63430000461085e-05
0.00010200799988524523,0.0011564799999632669,256.0,,2048,64,57,0.054096339000125226,7.63430000461085e-05
8.676699985699088e-05,0.0012858740001320257,256.0,,2048,128,57,0.054096339000125226,7.63430000461085e-05
,,,message_size=256B exceeds RSA-OAEP/SHA-256 max plaintext (190B) for a 2048-bit key,2048,256,57,0.054096339000125226,7.63430000461085e-05
,,,message_size=512B exceeds RSA-OAEP/SHA-256 max plaintext (190B) for a 2048-bit key,2048,512,57,0.054096339000125226,7.63430000461085e-05
,,,message_size=1024B exceeds RSA-OAEP/SHA-256 max plaintext (190B) for a 2048-bit key,2048,1024,57,0.054096339000125226,7.63430000461085e-05
4.376700007924228e-05,0.0007809070000348584,256.0,,2048,16,58,0.04603132200008986,7.55749999825639e-05
4.182800012131338e-05,0.0007664549998480652,256.0,,2048,32,58,0.04603132200008986,7.55749999825639e-05
3.885699993588787e-05,0.0007691220000651811,256.0,,2048,64,58,0.04603132200008986,7.55749999825639e-05
3.860400011035381e-05,0.0007665759999326838,256.0,,2048,128,58,0.04603132200008986,7.55749999825639e-05
,,,message_size=256B exceeds RSA-OAEP/SHA-256 max plaintext (190B) for a 2048-bit key,2048,256,58,0.04603132200008986,7.55749999825639e-05
,,,message_size=512B exceeds RSA-OAEP/SHA-256 max plaintext (190B) for a 2048-bit key,2048,512,58,0.04603132200008986,7.55749999825639e-05
,,,message_size=1024B exceeds RSA-OAEP/SHA-256 max plaintext (190B) for a 2048-bit key,2048,1024,58,0.04603132200008986,7.55749999825639e-05
4.5862999968449e-05,0.0007780199998705939,256.0,,2048,16,59,0.20024294299992107,7.930900005703734e-05
4.140700002608355e-05,0.0007724439999492461,256.0,,2048,32,59,0.20024294299992107,7.930900005703734e-05
3.932200002054742e-05,0.0007648809998954675,256.0,,2048,64,59,0.20024294299992107,7.930900005703734e-05
4.5480000153474975e-05,0.0007745210000393854,256.0,,2048,128,59,0.20024294299992107,7.930900005703734e-05
,,,message_size=256B exceeds RSA-OAEP/SHA-256 max plaintext (190B) for a 2048-bit key,2048,256,59,0.20024294299992107,7.930900005703734e-05
,,,message_size=512B exceeds RSA-OAEP/SHA-256 max plaintext (190B) for a 2048-bit key,2048,512,59,0.20024294299992107,7.930900005703734e-05
,,,message_size=1024B exceeds RSA-OAEP/SHA-256 max plaintext (190B) for a 2048-bit key,2048,1024,59,0.20024294299992107,7.930900005703734e-05
4.465999995773018e-05,0.0007790669999394595,256.0,,2048,16,60,0.13561734299992168,8.080200018412143e-05
4.142900002079841e-05,0.0007723430001078668,256.0,,2048,32,60,0.13561734299992168,8.080200018412143e-05
4.748899982587318e-05,0.0007670429999961925,256.0,,2048,64,60,0.13561734299992168,8.080200018412143e-05
3.904799996234942e-05,0.000770284000054744,256.0,,2048,128,60,0.13561734299992168,8.080200018412143e-05
,,,message_size=256B exceeds RSA-OAEP/SHA-256 max plaintext (190B) for a 2048-bit key,2048,256,60,0.13561734299992168,8.080200018412143e-05
,,,message_size=512B exceeds RSA-OAEP/SHA-256 max plaintext (190B) for a 2048-bit key,2048,512,60,0.13561734299992168,8.080200018412143e-05
,,,message_size=1024B exceeds RSA-OAEP/SHA-256 max plaintext (190B) for a 2048-bit key,2048,1024,60,0.13561734299992168,8.080200018412143e-05
5.556399992201477e-05,0.0007676150000861526,256.0,,2048,16,61,0.07382166799993684,7.309700004043407e-05
3.9989000015339116e-05,0.0007837690000087605,256.0,,2048,32,61,0.07382166799993684,7.309700004043407e-05
4.408699987834552e-05,0.0007760569999391009,256.0,,2048,64,61,0.07382166799993684,7.309700004043407e-05
3.910300006282341e-05,0.0007708069999807776,256.0,,2048,128,61,0.07382166799993684,7.309700004043407e-05
,,,message_size=256B exceeds RSA-OAEP/SHA-256 max plaintext (190B) for a 2048-bit key,2048,256,61,0.07382166799993684,7.309700004043407e-05
,,,message_size=512B exceeds RSA-OAEP/SHA-256 max plaintext (190B) for a 2048-bit key,2048,512,61,0.07382166799993684,7.309700004043407e-05
,,,message_size=1024B exceeds RSA-OAEP/SHA-256 max plaintext (190B) for a 2048-bit key,2048,1024,61,0.07382166799993684,7.309700004043407e-05
4.4604000095205265e-05,0.0007768650000343769,256.0,,2048,16,62,0.04814298999986022,9.142700014308502e-05
4.0421999983664136e-05,0.0007714920000125858,256.0,,2048,32,62,0.04814298999986022,9.142700014308502e-05
3.933500011044089e-05,0.0007798179999554122,256.0,,2048,64,62,0.04814298999986022,9.142700014308502e-05
3.988399998888781e-05,0.0007582200000797457,256.0,,2048,128,62,0.04814298999986022,9.142700014308502e-05
,,,message_size=256B exceeds RSA-OAEP/SHA-256 max plaintext (190B) for a 2048-bit key,2048,256,62,0.04814298999986022,9.142700014308502e-05
,,,message_size=512B exceeds RSA-OAEP/SHA-256 max plaintext (190B) for a 2048-bit key,2048,512,62,0.04814298999986022,9.142700014308502e-05
,,,message_size=1024B exceeds RSA-OAEP/SHA-256 max plaintext (190B) for a 2048-bit key,2048,1024,62,0.04814298999986022,9.142700014308502e-05
5.0875999932031846e-05,0.0007695950000652374,256.0,,2048,16,63,0.03962459200010926,7.076500014591147e-05
4.083999988324649e-05,0.0007784130000345613,256.0,,2048,32,63,0.03962459200010926,7.076500014591147e-05
3.959300011047162e-05,0.0007796630000029836,256.0,,2048,64,63,0.03962459200010926,7.076500014591147e-05
4.079699988324137e-05,0.0007761060001030273,256.0,,2048,128,63,0.03962459200010926,7.076500014591147e-05
,,,message_size=256B exceeds RSA-OAEP/SHA-256 max plaintext (190B) for a 2048-bit key,2048,256,63,0.03962459200010926,7.076500014591147e-05
,,,message_size=512B exceeds RSA-OAEP/SHA-256 max plaintext (190B) for a 2048-bit key,2048,512,63,0.03962459200010926,7.076500014591147e-05
,,,message_size=1024B exceeds RSA-OAEP/SHA-256 max plaintext (190B) for a 2048-bit key,2048,1024,63,0.03962459200010926,7.076500014591147e-05
4.3555000047490466e-05,0.0007676089999222313,256.0,,2048,16,64,0.03504822500008231,7.107399983397045e-05
3.9662999824940925e-05,0.0007654369999272603,256.0,,2048,32,64,0.03504822500008231,7.107399983397045e-05
3.9228999867191305e-05,0.0007626200001595862,256.0,,2048,64,64,0.03504822500008231,7.107399983397045e-05
3.952899987780256e-05,0.0007629659999111027,256.0,,2048,128,64,0.03504822500008231,7.107399983397045e-05
,,,message_size=256B exceeds RSA-OAEP/SHA-256 max plaintext (190B) for a 2048-bit key,2048,256,64,0.03504822500008231,7.107399983397045e-05
,,,message_size=512B exceeds RSA-OAEP/SHA-256 max plaintext (190B) for a 2048-bit key,2048,512,64,0.03504822500008231,7.107399983397045e-05
,,,message_size=1024B exceeds RSA-OAEP/SHA-256 max plaintext (190B) for a 2048-bit key,2048,1024,64,0.03504822500008231,7.107399983397045e-05
4.409799998938979e-05,0.0008047689998420537,256.0,,2048,16,65,0.12462918200003514,7.472800007235492e-05
4.1332000137117575e-05,0.0008035030000428378,256.0,,2048,32,65,0.12462918200003514,7.472800007235492e-05
3.9190000052258256e-05,0.0008117149998270179,256.0,,2048,64,65,0.12462918200003514,7.472800007235492e-05
3.953099985665176e-05,0.0007948839997879986,256.0,,2048,128,65,0.12462918200003514,7.472800007235492e-05
,,,message_size=256B exceeds RSA-OAEP/SHA-256 max plaintext (190B) for a 2048-bit key,2048,256,65,0.12462918200003514,7.472800007235492e-05
,,,message_size=512B exceeds RSA-OAEP/SHA-256 max plaintext (190B) for a 2048-bit key,2048,512,65,0.12462918200003514,7.472800007235492e-05
,,,message_size=1024B exceeds RSA-OAEP/SHA-256 max plaintext (190B) for a 2048-bit key,2048,1024,65,0.12462918200003514,7.472800007235492e-05
4.233200002090598e-05,0.0007975490000262653,256.0,,2048,16,66,0.029040975000043545,7.136599992918491e-05
3.972000013163779e-05,0.0008222510000450711,256.0,,2048,32,66,0.029040975000043545,7.136599992918491e-05
4.444700016392744e-05,0.0008045459999266313,256.0,,2048,64,66,0.029040975000043545,7.136599992918491e-05
4.1767000084291794e-05,0.0008275969998976507,256.0,,2048,128,66,0.029040975000043545,7.136599992918491e-05
,,,message_size=256B exceeds RSA-OAEP/SHA-256 max plaintext (190B) for a 2048-bit key,2048,256,66,0.029040975000043545,7.136599992918491e-05
,,,message_size=512B exceeds RSA-OAEP/SHA-256 max plaintext (190B) for a 2048-bit key,2048,512,66,0.029040975000043545,7.136599992918491e-05
,,,message_size=1024B exceeds RSA-OAEP/SHA-256 max plaintext (190B) for a 2048-bit key,2048,1024,66,0.029040975000043545,7.136599992918491e-05
4.411199984133418e-05,0.0008037029999741208,256.0,,2048,16,67,0.19180781899990507,6.574600001840736e-05
4.066099995725381e-05,0.0008140159998220042,256.0,,2048,32,67,0.19180781899990507,6.574600001840736e-05
4.023299993605178e-05,0.000809296999932485,256.0,,2048,64,67,0.19180781899990507,6.574600001840736e-05
3.943999990951852e-05,0.0008055060000060621,256.0,,2048,128,67,0.19180781899990507,6.574600001840736e-05
,,,message_size=256B exceeds RSA-OAEP/SHA-256 max plaintext (190B) for a 2048-bit key,2048,256,67,0.19180781899990507,6.574600001840736e-05
,,,message_size=512B exceeds RSA-OAEP/SHA-256 max plaintext (190B) for a 2048-bit key,2048,512,67,0.19180781899990507,6.574600001840736e-05
,,,message_size=1024B exceeds RSA-OAEP/SHA-256 max plaintext (190B) for a 2048-bit key,2048,1024,67,0.19180781899990507,6.574600001840736e-05
4.366300004221557e-05,0.0008291330000247399,256.0,,2048,16,68,0.11337775199990574,5.829600013385061e-05
4.2540000094959396e-05,0.0008261099999344879,256.0,,2048,32,68,0.11337775199990574,5.829600013385061e-05
4.000100011580798e-05,0.0008027450001009129,256.0,,2048,64,68,0.11337775199990574,5.829600013385061e-05
3.8577999930566875e-05,0.0008192000000235566,256.0,,2048,128,68,0.11337775199990574,5.829600013385061e-05
,,,message_size=256B exceeds RSA-OAEP/SHA-256 max plaintext (190B) for a 2048-bit key,2048,256,68,0.11337775199990574,5.829600013385061e-05
,,,message_size=512B exceeds RSA-OAEP/SHA-256 max plaintext (190B) for a 2048-bit key,2048,512,68,0.11337775199990574,5.829600013385061e-05
,,,message_size=1024B exceeds RSA-OAEP/SHA-256 max plaintext (190B) for a 2048-bit key,2048,1024,68,0.11337775199990574,5.829600013385061e-05
4.414499994709331e-05,0.0007980440000210365,256.0,,2048,16,69,0.04978658300001371,5.395799985308258e-05
3.9751000031174044e-05,0.0008016659999157127,256.0,,2048,32,69,0.04978658300001371,5.395799985308258e-05
4.515000000537839e-05,0.0007975490000262653,256.0,,2048,64,69,0.04978658300001371,5.395799985308258e-05
3.858599984596367e-05,0.0008325019998665084,256.0,,2048,128,69,0.04978658300001371,5.395799985308258e-05
,,,message_size=256B exceeds RSA-OAEP/SHA-256 max plaintext (190B) for a 2048-bit key,2048,256,69,0.04978658300001371,5.395799985308258e-05
,,,message_size=512B exceeds RSA-OAEP/SHA-256 max plaintext (190B) for a 2048-bit key,2048,512,69,0.04978658300001371,5.395799985308258e-05
,,,message_size=1024B exceeds RSA-OAEP/SHA-256 max plaintext (190B) for a 2048-bit key,2048,1024,69,0.04978658300001371,5.395799985308258e-05
4.340700002103404e-05,0.0008059419999426609,256.0,,2048,16,70,0.10351524499992593,5.904499994358048e-05
4.024700001536985e-05,0.0007995630001005338,256.0,,2048,32,70,0.10351524499992593,5.904499994358048e-05
3.891800020028313e-05,0.000802752999788936,256.0,,2048,64,70,0.10351524499992593,5.904499994358048e-05
3.8575999951717677e-05,0.0008019929998681619,256.0,,2048,128,70,0.10351524499992593,5.904499994358048e-05
,,,message_size=256B exceeds RSA-OAEP/SHA-256 max plaintext (190B) for a 2048-bit key,2048,256,70,0.10351524499992593,5.904499994358048e-05
,,,message_size=512B exceeds RSA-OAEP/SHA-256 max plaintext (190B) for a 2048-bit key,2048,512,70,0.10351524499992593,5.904499994358048e-05
,,,message_size=1024B exceeds RSA-OAEP/SHA-256 max plaintext (190B) for a 2048-bit key,2048,1024,70,0.10351524499992593,5.904499994358048e-05
4.317200000514276e-05,0.0008158180000918946,256.0,,2048,16,71,0.07235709700012194,6.11860000390152e-05
4.637699998966127e-05,0.0008148330000494752,256.0,,2048,32,71,0.07235709700012194,6.11860000390152e-05
3.9624000010007876e-05,0.0008107060000384081,256.0,,2048,64,71,0.07235709700012194,6.11860000390152e-05
3.9259999994101236e-05,0.0008075129999269848,256.0,,2048,128,71,0.07235709700012194,6.11860000390152e-05
,,,message_size=256B exceeds RSA-OAEP/SHA-256 max plaintext (190B) for a 2048-bit key,2048,256,71,0.07235709700012194,6.11860000390152e-05
,,,message_size=512B exceeds RSA-OAEP/SHA-256 max plaintext (190B) for a 2048-bit key,2048,512,71,0.07235709700012194,6.11860000390152e-05
,,,message_size=1024B exceeds RSA-OAEP/SHA-256 max plaintext (190B) for a 2048-bit key,2048,1024,71,0.07235709700012194,6.11860000390152e-05
0.00011145500002385234,0.001643370000010691,256.0,,2048,16,72,0.1512964710000233,0.0005886819999432191
0.00011199499999747786,0.0014543610000146145,256.0,,2048,32,72,0.1512964710000233,0.0005886819999432191
9.38250000217522e-05,0.0016722140001093067,256.0,,2048,64,72,0.1512964710000233,0.0005886819999432191
9.879000003820693e-05,0.0015938089998144278,256.0,,2048,128,72,0.1512964710000233,0.0005886819999432191
,,,message_size=256B exceeds RSA-OAEP/SHA-256 max plaintext (190B) for a 2048-bit key,2048,256,72,0.1512964710000233,0.0005886819999432191
,,,message_size=512B exceeds RSA-OAEP/SHA-256 max plaintext (190B) for a 2048-bit key,2048,512,72,0.1512964710000233,0.0005886819999432191
,,,message_size=1024B exceeds RSA-OAEP/SHA-256 max plaintext (190B) for a 2048-bit key,2048,1024,72,0.1512964710000233,0.0005886819999432191
5.630300006487232e-05,0.0008033890001115651,256.0,,2048,16,73,0.053942096000128004,5.670600012308569e-05
4.051199994137278e-05,0.0008033450001221354,256.0,,2048,32,73,0.053942096000128004,5.670600012308569e-05
3.898199997820484e-05,0.0008054509999055881,256.0,,2048,64,73,0.053942096000128004,5.670600012308569e-05
3.93969999095134e-05,0.0007953790000101435,256.0,,2048,128,73,0.053942096000128004,5.670600012308569e-05
,,,message_size=256B exceeds RSA-OAEP/SHA-256 max plaintext (190B) for a 2048-bit key,2048,256,73,0.053942096000128004,5.670600012308569e-05
,,,message_size=512B exceeds RSA-OAEP/SHA-256 max plaintext (190B) for a 2048-bit key,2048,512,73,0.053942096000128004,5.670600012308569e-05
,,,message_size=1024B exceeds RSA-OAEP/SHA-256 max plaintext (190B) for a 2048-bit key,2048,1024,73,0.053942096000128004,5.670600012308569e-05
4.291400000511203e-05,0.0008033990000058111,256.0,,2048,16,74,0.10548597699994389,6.368800018208276e-05
4.156999989390897e-05,0.0007993280000846426,256.0,,2048,32,74,0.10548597699994389,6.368800018208276e-05
3.847299990411557e-05,0.000801867000063794,256.0,,2048,64,74,0.10548597699994389,6.368800018208276e-05
3.8625999877694994e-05,0.0007952280000154133,256.0,,2048,128,74,0.10548597699994389,6.368800018208276e-05
,,,message_size=256B exceeds RSA-OAEP/SHA-256 max plaintext (190B) for a 2048-bit key,2048,256,74,0.10548597699994389,6.368800018208276e-05
,,,message_size=512B exceeds RSA-OAEP/SHA-256 max plaintext (190B) for a 2048-bit key,2048,512,74,0.10548597699994389,6.368800018208276e-05
,,,message_size=1024B exceeds RSA-OAEP/SHA-256 max plaintext (190B) for a 2048-bit key,2048,1024,74,0.10548597699994389,6.368800018208276e-05
4.31559999469755e-05,0.0008033889998841914,256.0,,2048,16,75,0.10328150899999855,5.603199997494812e-05
4.029299998364877e-05,0.0008809040000414825,256.0,,2048,32,75,0.10328150899999855,5.603199997494812e-05
5.1797999958580476e-05,0.000848507000000609,256.0,,2048,64,75,0.10328150899999855,5.603199997494812e-05
4.75710000955587e-05,0.0011010799998985021,256.0,,2048,128,75,0.10328150899999855,5.603199997494812e-05
,,,message_size=256B exceeds RSA-OAEP/SHA-256 max plaintext (190B) for a 2048-bit key,2048,256,75,0.10328150899999855,5.603199997494812e-05
,,,message_size=512B exceeds RSA-OAEP/SHA-256 max plaintext (190B) for a 2048-bit key,2048,512,75,0.10328150899999855,5.603199997494812e-05
,,,message_size=1024B exceeds RSA-OAEP/SHA-256 max plaintext (190B) for a 2048-bit key,2048,1024,75,0.10328150899999855,5.603199997494812e-05
4.693300002145406e-05,0.0008265930000561639,256.0,,2048,16,76,0.045430091999833166,5.979299999125942e-05
4.092499989383214e-05,0.0008036619999529648,256.0,,2048,32,76,0.045430091999833166,5.979299999125942e-05
3.87740001315251e-05,0.0007936160000099335,256.0,,2048,64,76,0.045430091999833166,5.979299999125942e-05
3.7676999909308506e-05,0.0008053550000113319,256.0,,2048,128,76,0.045430091999833166,5.979299999125942e-05
,,,message_size=256B exceeds RSA-OAEP/SHA-256 max plaintext (190B) for a 2048-bit key,2048,256,76,0.045430091999833166,5.979299999125942e-05
,,,message_size=512B exceeds RSA-OAEP/SHA-256 max plaintext (190B) for a 2048-bit key,2048,512,76,0.045430091999833166,5.979299999125942e-05
,,,message_size=1024B exceeds RSA-OAEP/SHA-256 max plaintext (190B) for a 2048-bit key,2048,1024,76,0.045430091999833166,5.979299999125942e-05
4.398300006869249e-05,0.000804101999847262,256.0,,2048,16,77,0.11010887300017203,7.397700005640218e-05
4.753900020659785e-05,0.000799490999952468,256.0,,2048,32,77,0.11010887300017203,7.397700005640218e-05
3.917200001524179e-05,0.0008030809999581834,256.0,,2048,64,77,0.11010887300017203,7.397700005640218e-05
3.877899985127442e-05,0.000796691000005012,256.0,,2048,128,77,0.11010887300017203,7.397700005640218e-05
,,,message_size=256B exceeds RSA-OAEP/SHA-256 max plaintext (190B) for a 2048-bit key,2048,256,77,0.11010887300017203,7.397700005640218e-05
,,,message_size=512B exceeds RSA-OAEP/SHA-256 max plaintext (190B) for a 2048-bit key,2048,512,77,0.11010887300017203,7.397700005640218e-05
,,,message_size=1024B exceeds RSA-OAEP/SHA-256 max plaintext (190B) for a 2048-bit key,2048,1024,77,0.11010887300017203,7.397700005640218e-05
4.3430999994598096e-05,0.0008044189999054652,256.0,,2048,16,78,0.04588018000004013,7.457500009877549e-05
4.888799981017655e-05,0.0007974109998940548,256.0,,2048,32,78,0.04588018000004013,7.457500009877549e-05
3.9215000015246915e-05,0.0008039350000217382,256.0,,2048,64,78,0.04588018000004013,7.457500009877549e-05
3.932399999939662e-05,0.001179064999860202,256.0,,2048,128,78,0.04588018000004013,7.457500009877549e-05
,,,message_size=256B exceeds RSA-OAEP/SHA-256 max plaintext (190B) for a 2048-bit key,2048,256,78,0.04588018000004013,7.457500009877549e-05
,,,message_size=512B exceeds RSA-OAEP/SHA-256 max plaintext (190B) for a 2048-bit key,2048,512,78,0.04588018000004013,7.457500009877549e-05
,,,message_size=1024B exceeds RSA-OAEP/SHA-256 max plaintext (190B) for a 2048-bit key,2048,1024,78,0.04588018000004013,7.457500009877549e-05
4.458199987311673e-05,0.000826217000167162,256.0,,2048,16,79,0.041750980999950116,7.334199995057133e-05
4.283399994164938e-05,0.0007973230001425691,256.0,,2048,32,79,0.041750980999950116,7.334199995057133e-05
4.68010000531649e-05,0.0008029989999158715,256.0,,2048,64,79,0.041750980999950116,7.334199995057133e-05
3.979199982495629e-05,0.0008026310001696402,256.0,,2048,128,79,0.041750980999950116,7.334199995057133e-05
,,,message_size=256B exceeds RSA-OAEP/SHA-256 max plaintext (190B) for a 2048-bit key,2048,256,79,0.041750980999950116,7.334199995057133e-05
,,,message_size=512B exceeds RSA-OAEP/SHA-256 max plaintext (190B) for a 2048-bit key,2048,512,79,0.041750980999950116,7.334199995057133e-05
,,,message_size=1024B exceeds RSA-OAEP/SHA-256 max plaintext (190B) for a 2048-bit key,2048,1024,79,0.041750980999950116,7.334199995057133e-05
0.00011458600010882947,0.001484593999975914,256.0,,2048,16,80,0.15367833999994218,7.172599998739315e-05
0.00010420900002827693,0.0013983970000026602,256.0,,2048,32,80,0.15367833999994218,7.172599998739315e-05
0.00017926900000020396,0.0014518599998609716,256.0,,2048,64,80,0.15367833999994218,7.172599998739315e-05
9.0501000158838e-05,0.0014507349999348662,256.0,,2048,128,80,0.15367833999994218,7.172599998739315e-05
,,,message_size=256B exceeds RSA-OAEP/SHA-256 max plaintext (190B) for a 2048-bit key,2048,256,80,0.15367833999994218,7.172599998739315e-05
,,,message_size=512B exceeds RSA-OAEP/SHA-256 max plaintext (190B) for a 2048-bit key,2048,512,80,0.15367833999994218,7.172599998739315e-05
,,,message_size=1024B exceeds RSA-OAEP/SHA-256 max plaintext (190B) for a 2048-bit key,2048,1024,80,0.15367833999994218,7.172599998739315e-05
0.00014763499984837836,0.0014678140000796702,256.0,,2048,16,81,0.05336745299996437,0.00013203499997871404
0.0001159639998604689,0.0014143569999305328,256.0,,2048,32,81,0.05336745299996437,0.00013203499997871404
0.00011195600018254481,0.001228795000088212,256.0,,2048,64,81,0.05336745299996437,0.00013203499997871404
9.835500009103271e-05,0.0014366919999702077,256.0,,2048,128,81,0.05336745299996437,0.00013203499997871404
,,,message_size=256B exceeds RSA-OAEP/SHA-256 max plaintext (190B) for a 2048-bit key,2048,256,81,0.05336745299996437,0.00013203499997871404
,,,message_size=512B exceeds RSA-OAEP/SHA-256 max plaintext (190B) for a 2048-bit key,2048,512,81,0.05336745299996437,0.00013203499997871404
,,,message_size=1024B exceeds RSA-OAEP/SHA-256 max plaintext (190B) for a 2048-bit key,2048,1024,81,0.05336745299996437,0.00013203499997871404
9.240800000043237e-05,0.0014796709999700397,256.0,,2048,16,82,0.354899961000001,0.00010374699991189118
8.3985999935976e-05,0.0014620090000789787,256.0,,2048,32,82,0.354899961000001,0.00010374699991189118
8.174799995686044e-05,0.0014502480000828655,256.0,,2048,64,82,0.354899961000001,0.00010374699991189118
7.423800002470671e-05,0.0015049160001581185,256.0,,2048,128,82,0.354899961000001,0.00010374699991189118
,,,message_size=256B exceeds RSA-OAEP/SHA-256 max plaintext (190B) for a 2048-bit key,2048,256,82,0.354899961000001,0.00010374699991189118
,,,message_size=512B exceeds RSA-OAEP/SHA-256 max plaintext (190B) for a 2048-bit key,2048,512,82,0.354899961000001,0.00010374699991189118
,,,message_size=1024B exceeds RSA-OAEP/SHA-256 max plaintext (190B) for a 2048-bit key,2048,1024,82,0.354899961000001,0.00010374699991189118
8.762699985709332e-05,0.0014608190001581534,256.0,,2048,16,83,0.13542215500001475,9.384499981024419e-05
7.344799996644724e-05,0.0014609290001317277,256.0,,2048,32,83,0.13542215500001475,9.384499981024419e-05
7.287599987648719e-05,0.0014600030001474806,256.0,,2048,64,83,0.13542215500001475,9.384499981024419e-05
7.06499999978405e-05,0.0014652489999207319,256.0,,2048,128,83,0.13542215500001475,9.384499981024419e-05
,,,message_size=256B exceeds RSA-OAEP/SHA-256 max plaintext (190B) for a 2048-bit key,2048,256,83,0.13542215500001475,9.384499981024419e-05
,,,message_size=512B exceeds RSA-OAEP/SHA-256 max plaintext (190B) for a 2048-bit key,2048,512,83,0.13542215500001475,9.384499981024419e-05
,,,message_size=1024B exceeds RSA-OAEP/SHA-256 max plaintext (190B) for a 2048-bit key,2048,1024,83,0.13542215500001475,9.384499981024419e-05
0.00010120600018126424,0.0014657970000371279,256.0,,2048,16,84,0.13435716499998307,9.26719999370107e-05
7.885500008342206e-05,0.0014818100000866252,256.0,,2048,32,84,0.13435716499998307,9.26719999370107e-05
8.950600022217259e-05,0.0015056820000154403,256.0,,2048,64,84,0.13435716499998307,9.26719999370107e-05
7.689699987167842e-05,0.001455742999951326,256.0,,2048,128,84,0.13435716499998307,9.26719999370107e-05
,,,message_size=256B exceeds RSA-OAEP/SHA-256 max plaintext (190B) for a 2048-bit key,2048,256,84,0.13435716499998307,9.26719999370107e-05
,,,message_size=512B exceeds RSA-OAEP/SHA-256 max plaintext (190B) for a 2048-bit key,2048,512,84,0.13435716499998307,9.26719999370107e-05
,,,message_size=1024B exceeds RSA-OAEP/SHA-256 max plaintext (190B) for a 2048-bit key,2048,1024,84,0.13435716499998307,9.26719999370107e-05
0.00018415899990031903,0.0015076610000051005,256.0,,2048,16,85,0.12755700000002435,9.725400013849139e-05
9.900999998535553e-05,0.0015020769999409822,256.0,,2048,32,85,0.12755700000002435,9.725400013849139e-05
8.052300017880043e-05,0.0014891359999182896,256.0,,2048,64,85,0.12755700000002435,9.725400013849139e-05
8.529899992026913e-05,0.001610564999964481,256.0,,2048,128,85,0.12755700000002435,9.725400013849139e-05
,,,message_size=256B exceeds RSA-OAEP/SHA-256 max plaintext (190B) for a 2048-bit key,2048,256,85,0.12755700000002435,9.725400013849139e-05
,,,message_size=512B exceeds RSA-OAEP/SHA-256 max plaintext (190B) for a 2048-bit key,2048,512,85,0.12755700000002435,9.725400013849139e-05
,,,message_size=1024B exceeds RSA-OAEP/SHA-256 max plaintext (190B) for a 2048-bit key,2048,1024,85,0.12755700000002435,9.725400013849139e-05
0.00012068600017300923,0.001640844000121433,256.0,,2048,16,86,0.15378108100003374,9.837900006459677e-05
0.00015215400003398827,0.0014760629999273078,256.0,,2048,32,86,0.15378108100003374,9.837900006459677e-05
9.691700006442261e-05,0.0015412239999932353,256.0,,2048,64,86,0.15378108100003374,9.837900006459677e-05
0.0004374410000309581,0.0024471079998420464,256.0,,2048,128,86,0.15378108100003374,9.837900006459677e-05
,,,message_size=256B exceeds RSA-OAEP/SHA-256 max plaintext (190B) for a 2048-bit key,2048,256,86,0.15378108100003374,9.837900006459677e-05
,,,message_size=512B exceeds RSA-OAEP/SHA-256 max plaintext (190B) for a 2048-bit key,2048,512,86,0.15378108100003374,9.837900006459677e-05
,,,message_size=1024B exceeds RSA-OAEP/SHA-256 max plaintext (190B) for a 2048-bit key,2048,1024,86,0.15378108100003374,9.837900006459677e-05
0.00015466100012417883,0.0014949750000141648,256.0,,2048,16,87,0.2571046020000267,9.926899997481087e-05
8.75789999099652e-05,0.0015029989999675308,256.0,,2048,32,87,0.2571046020000267,9.926899997481087e-05
8.616800005256664e-05,0.0014720209999268263,256.0,,2048,64,87,0.2571046020000267,9.926899997481087e-05
8.240200008913234e-05,0.0014873840000291239,256.0,,2048,128,87,0.2571046020000267,9.926899997481087e-05
,,,message_size=256B exceeds RSA-OAEP/SHA-256 max plaintext (190B) for a 2048-bit key,2048,256,87,0.2571046020000267,9.926899997481087e-05
,,,message_size=512B exceeds RSA-OAEP/SHA-256 max plaintext (190B) for a 2048-bit key,2048,512,87,0.2571046020000267,9.926899997481087e-05
,,,message_size=1024B exceeds RSA-OAEP/SHA-256 max plaintext (190B) for a 2048-bit key,2048,1024,87,0.2571046020000267,9.926899997481087e-05
0.00011105200019301265,0.001475473000027705,256.0,,2048,16,88,0.24016632600000776,9.397999997418083e-05
8.196299995688605e-05,0.0014684190000480157,256.0,,2048,32,88,0.24016632600000776,9.397999997418083e-05
8.103999994091282e-05,0.0014910299998973642,256.0,,2048,64,88,0.24016632600000776,9.397999997418083e-05
9.611199993742048e-05,0.0014679739999792218,256.0,,2048,128,88,0.24016632600000776,9.397999997418083e-05
,,,message_size=256B exceeds RSA-OAEP/SHA-256 max plaintext (190B) for a 2048-bit key,2048,256,88,0.24016632600000776,9.397999997418083e-05
,,,message_size=512B exceeds RSA-OAEP/SHA-256 max plaintext (190B) for a 2048-bit key,2048,512,88,0.24016632600000776,9.397999997418083e-05
,,,message_size=1024B exceeds RSA-OAEP/SHA-256 max plaintext (190B) for a 2048-bit key,2048,1024,88,0.24016632600000776,9.397999997418083e-05
0.00010801300004459335,0.0014542270000674762,256.0,,2048,16,89,0.034939800999836734,9.278600009565707e-05
8.226700015256938e-05,0.0014650190000793373,256.0,,2048,32,89,0.034939800999836734,9.278600009565707e-05
7.659099992451956e-05,0.001480632000038895,256.0,,2048,64,89,0.034939800999836734,9.278600009565707e-05
8.206500001506356e-05,0.0014553219998560962,256.0,,2048,128,89,0.034939800999836734,9.278600009565707e-05
,,,message_size=256B exceeds RSA-OAEP/SHA-256 max plaintext (190B) for a 2048-bit key,2048,256,89,0.034939800999836734,9.278600009565707e-05
,,,message_size=512B exceeds RSA-OAEP/SHA-256 max plaintext (190B) for a 2048-bit key,2048,512,89,0.034939800999836734,9.278600009565707e-05
,,,message_size=1024B exceeds RSA-OAEP/SHA-256 max plaintext (190B) for a 2048-bit key,2048,1024,89,0.034939800999836734,9.278600009565707e-05
0.00010279999992235389,0.0014757480000753276,256.0,,2048,16,90,0.0907653520000622,9.452999984205235e-05
8.014000013645273e-05,0.0014512870000089606,256.0,,2048,32,90,0.0907653520000622,9.452999984205235e-05
7.3128000167344e-05,0.0014729699998952128,256.0,,2048,64,90,0.0907653520000622,9.452999984205235e-05
7.292400005098898e-05,0.0014552590000675991,256.0,,2048,128,90,0.0907653520000622,9.452999984205235e-05
,,,message_size=256B exceeds RSA-OAEP/SHA-256 max plaintext (190B) for a 2048-bit key,2048,256,90,0.0907653520000622,9.452999984205235e-05
,,,message_size=512B exceeds RSA-OAEP/SHA-256 max plaintext (190B) for a 2048-bit key,2048,512,90,0.0907653520000622,9.452999984205235e-05
,,,message_size=1024B exceeds RSA-OAEP/SHA-256 max plaintext (190B) for a 2048-bit key,2048,1024,90,0.0907653520000622,9.452999984205235e-05
0.00011926599995604192,0.0014717050000854215,256.0,,2048,16,91,0.1078163790000417,8.49110001581721e-05
7.72280000091996e-05,0.0015047750000576343,256.0,,2048,32,91,0.1078163790000417,8.49110001581721e-05
8.612000010543852e-05,0.0013937159999386495,256.0,,2048,64,91,0.1078163790000417,8.49110001581721e-05
0.00012510100009421876,0.0014763440001388517,256.0,,2048,128,91,0.1078163790000417,8.49110001581721e-05
,,,message_size=256B exceeds RSA-OAEP/SHA-256 max plaintext (190B) for a 2048-bit key,2048,256,91,0.1078163790000417,8.49110001581721e-05
,,,message_size=512B exceeds RSA-OAEP/SHA-256 max plaintext (190B) for a 2048-bit key,2048,512,91,0.1078163790000417,8.49110001581721e-05
,,,message_size=1024B exceeds RSA-OAEP/SHA-256 max plaintext (190B) for a 2048-bit key,2048,1024,91,0.1078163790000417,8.49110001581721e-05
0.00010085799999615119,0.0014583729998776107,256.0,,2048,16,92,0.09346193600003971,7.326200011448236e-05
7.542100001955987e-05,0.0014553529999830062,256.0,,2048,32,92,0.09346193600003971,7.326200011448236e-05
7.466300007763493e-05,0.001462080999999671,256.0,,2048,64,92,0.09346193600003971,7.326200011448236e-05
7.516100004067994e-05,0.0015110970000478119,256.0,,2048,128,92,0.09346193600003971,7.326200011448236e-05
,,,message_size=256B exceeds RSA-OAEP/SHA-256 max plaintext (190B) for a 2048-bit key,2048,256,92,0.09346193600003971,7.326200011448236e-05
,,,message_size=512B exceeds RSA-OAEP/SHA-256 max plaintext (190B) for a 2048-bit key,2048,512,92,0.09346193600003971,7.326200011448236e-05
,,,message_size=1024B exceeds RSA-OAEP/SHA-256 max plaintext (190B) for a 2048-bit key,2048,1024,92,0.09346193600003971,7.326200011448236e-05
4.357599982540705e-05,0.0008008149998204317,256.0,,2048,16,93,0.12193661100013742,6.139800007076701e-05
3.9781000168659375e-05,0.0008073970000168629,256.0,,2048,32,93,0.12193661100013742,6.139800007076701e-05
4.020100004709093e-05,0.0008936990000165679,256.0,,2048,64,93,0.12193661100013742,6.139800007076701e-05
5.458600003294123e-05,0.0007923369998934504,256.0,,2048,128,93,0.12193661100013742,6.139800007076701e-05
,,,message_size=256B exceeds RSA-OAEP/SHA-256 max plaintext (190B) for a 2048-bit key,2048,256,93,0.12193661100013742,6.139800007076701e-05
,,,message_size=512B exceeds RSA-OAEP/SHA-256 max plaintext (190B) for a 2048-bit key,2048,512,93,0.12193661100013742,6.139800007076701e-05
,,,message_size=1024B exceeds RSA-OAEP/SHA-256 max plaintext (190B) for a 2048-bit key,2048,1024,93,0.12193661100013742,6.139800007076701e-05
4.299300007915008e-05,0.0008089390000804997,256.0,,2048,16,94,0.04469719500002611,5.859999987478659e-05
4.053499992551224e-05,0.0008031940001274052,256.0,,2048,32,94,0.04469719500002611,5.859999987478659e-05
3.9159999914772925e-05,0.0007953199999519711,256.0,,2048,64,94,0.04469719500002611,5.859999987478659e-05
3.8151000126163126e-05,0.000811649000070247,256.0,,2048,128,94,0.04469719500002611,5.859999987478659e-05
,,,message_size=256B exceeds RSA-OAEP/SHA-256 max plaintext (190B) for a 2048-bit key,2048,256,94,0.04469719500002611,5.859999987478659e-05
,,,message_size=512B exceeds RSA-OAEP/SHA-256 max plaintext (190B) for a 2048-bit key,2048,512,94,0.04469719500002611,5.859999987478659e-05
,,,message_size=1024B exceeds RSA-OAEP/SHA-256 max plaintext (190B) for a 2048-bit key,2048,1024,94,0.04469719500002611,5.859999987478659e-05
6.546299982801429e-05,0.0008176569999704952,256.0,,2048,16,95,0.06155160399998749,6.131999998615356e-05
4.289000003154797e-05,0.0008141220000652538,256.0,,2048,32,95,0.06155160399998749,6.131999998615356e-05
4.076999994140351e-05,0.00080132300013247,256.0,,2048,64,95,0.06155160399998749,6.131999998615356e-05
3.9145000073403935e-05,0.0008294409999507479,256.0,,2048,128,95,0.06155160399998749,6.131999998615356e-05
,,,message_size=256B exceeds RSA-OAEP/SHA-256 max plaintext (190B) for a 2048-bit key,2048,256,95,0.06155160399998749,6.131999998615356e-05
,,,message_size=512B exceeds RSA-OAEP/SHA-256 max plaintext (190B) for a 2048-bit key,2048,512,95,0.06155160399998749,6.131999998615356e-05
,,,message_size=1024B exceeds RSA-OAEP/SHA-256 max plaintext (190B) for a 2048-bit key,2048,1024,95,0.06155160399998749,6.131999998615356e-05
4.599599992616277e-05,0.0008143899999595305,256.0,,2048,16,96,0.05644423200010351,5.8376999959364184e-05
4.095300005246827e-05,0.0008834089999254502,256.0,,2048,32,96,0.05644423200010351,5.8376999959364184e-05
5.4224999985308386e-05,0.0008157939998909569,256.0,,2048,64,96,0.05644423200010351,5.8376999959364184e-05
4.0890000036597485e-05,0.0008156040000812936,256.0,,2048,128,96,0.05644423200010351,5.8376999959364184e-05
,,,message_size=256B exceeds RSA-OAEP/SHA-256 max plaintext (190B) for a 2048-bit key,2048,256,96,0.05644423200010351,5.8376999959364184e-05
,,,message_size=512B exceeds RSA-OAEP/SHA-256 max plaintext (190B) for a 2048-bit key,2048,512,96,0.05644423200010351,5.8376999959364184e-05
,,,message_size=1024B exceeds RSA-OAEP/SHA-256 max plaintext (190B) for a 2048-bit key,2048,1024,96,0.05644423200010351,5.8376999959364184e-05
9.247100001630315e-05,0.0008568969999487308,256.0,,2048,16,97,0.07817564599986326,7.20359998922504e-05
5.343199995877512e-05,0.0012151250000442815,256.0,,2048,32,97,0.07817564599986326,7.20359998922504e-05
0.00012609600003088417,0.0009020550000968797,256.0,,2048,64,97,0.07817564599986326,7.20359998922504e-05
5.7530000049155205e-05,0.0009143279999079823,256.0,,2048,128,97,0.07817564599986326,7.20359998922504e-05
,,,message_size=256B exceeds RSA-OAEP/SHA-256 max plaintext (190B) for a 2048-bit key,2048,256,97,0.07817564599986326,7.20359998922504e-05
,,,message_size=512B exceeds RSA-OAEP/SHA-256 max plaintext (190B) for a 2048-bit key,2048,512,97,0.07817564599986326,7.20359998922504e-05
,,,message_size=1024B exceeds RSA-OAEP/SHA-256 max plaintext (190B) for a 2048-bit key,2048,1024,97,0.07817564599986326,7.20359998922504e-05
4.6566000037273625e-05,0.0008136900000863534,256.0,,2048,16,98,0.03634297799999331,6.625999981224595e-05
4.424700000527082e-05,0.000829659000146421,256.0,,2048,32,98,0.03634297799999331,6.625999981224595e-05
4.3983999830743414e-05,0.0008078320001914108,256.0,,2048,64,98,0.03634297799999331,6.625999981224595e-05
4.241599981469335e-05,0.0007977799998570845,256.0,,2048,128,98,0.03634297799999331,6.625999981224595e-05
,,,message_size=256B exceeds RSA-OAEP/SHA-256 max plaintext (190B) for a 2048-bit key,2048,256,98,0.03634297799999331,6.625999981224595e-05
,,,message_size=512B exceeds RSA-OAEP/SHA-256 max plaintext (190B) for a 2048-bit key,2048,512,98,0.03634297799999331,6.625999981224595e-05
,,,message_size=1024B exceeds RSA-OAEP/SHA-256 max plaintext (190B) for a 2048-bit key,2048,1024,98,0.03634297799999331,6.625999981224595e-05
4.383999998935906e-05,0.0008404120001159754,256.0,,2048,16,99,0.09102313499988668,6.025600009706977e-05
4.731400008495257e-05,0.0008244309999554389,256.0,,2048,32,99,0.09102313499988668,6.025600009706977e-05
4.4526000010591815e-05,0.000822133999918151,256.0,,2048,64,99,0.09102313499988668,6.025600009706977e-05
4.048699997838412e-05,0.0007980929999575892,256.0,,2048,128,99,0.09102313499988668,6.025600009706977e-05
,,,message_size=256B exceeds RSA-OAEP/SHA-256 max plaintext (190B) for a 2048-bit key,2048,256,99,0.09102313499988668,6.025600009706977e-05
,,,message_size=512B exceeds RSA-OAEP/SHA-256 max plaintext (190B) for a 2048-bit key,2048,512,99,0.09102313499988668,6.025600009706977e-05
,,,message_size=1024B exceeds RSA-OAEP/SHA-256 max plaintext (190B) for a 2048-bit key,2048,1024,99,0.09102313499988668,6.025600009706977e-05
0.00012131899984524352,0.0024925759998950525,384.0,,3072,16,0,0.10588643500000217,8.138400016832747e-05
7.97210000200721e-05,0.0025103020000187826,384.0,,3072,32,0,0.10588643500000217,8.138400016832747e-05
8.035199994083086e-05,0.002442779000148221,384.0,,3072,64,0,0.10588643500000217,8.138400016832747e-05
6.919499992363853e-05,0.0024185139998280647,384.0,,3072,128,0,0.10588643500000217,8.138400016832747e-05
6.55549999919458e-05,0.002449015999900439,384.0,,3072,256,0,0.10588643500000217,8.138400016832747e-05
,,,message_size=512B exceeds RSA-OAEP/SHA-256 max plaintext (318B) for a 3072-bit key,3072,512,0,0.10588643500000217,8.138400016832747e-05
,,,message_size=1024B exceeds RSA-OAEP/SHA-256 max plaintext (318B) for a 3072-bit key,3072,1024,0,0.10588643500000217,8.138400016832747e-05
0.00019414100006542867,0.004071602000067287,384.0,,3072,16,1,0.3103003040000658,0.00010194500009674812
0.0002083479998873372,0.00386017300002095,384.0,,3072,32,1,0.3103003040000658,0.00010194500009674812
0.00015777599992361502,0.003914456999837057,384.0,,3072,64,1,0.3103003040000658,0.00010194500009674812
0.0001686379998773191,0.003980449999971825,384.0,,3072,128,1,0.3103003040000658,0.00010194500009674812
0.00016904000017348153,0.004048413000191431,384.0,,3072,256,1,0.3103003040000658,0.00010194500009674812
,,,message_size=512B exceeds RSA-OAEP/SHA-256 max plaintext (318B) for a 3072-bit key,3072,512,1,0.3103003040000658,0.00010194500009674812
,,,message_size=1024B exceeds RSA-OAEP/SHA-256 max plaintext (318B) for a 3072-bit key,3072,1024,1,0.3103003040000658,0.00010194500009674812
0.00021441200010485773,0.004382308999993256,384.0,,3072,16,2,0.8234054259999084,9.791699994821101e-05
0.00016916599997784942,0.004703304000031494,384.0,,3072,32,2,0.8234054259999084,9.791699994821101e-05
0.00021357500008889474,0.0044015359999320935,384.0,,3072,64,2,0.8234054259999084,9.791699994821101e-05
0.00015835599992897187,0.004415458000039507,384.0,,3072,128,2,0.8234054259999084,9.791699994821101e-05
0.00015608800003974466,0.004384878999871944,384.0,,3072,256,2,0.8234054259999084,9.791699994821101e-05
,,,message_size=512B exceeds RSA-OAEP/SHA-256 max plaintext (318B) for a 3072-bit key,3072,512,2,0.8234054259999084,9.791699994821101e-05
,,,message_size=1024B exceeds RSA-OAEP/SHA-256 max plaintext (318B) for a 3072-bit key,3072,1024,2,0.8234054259999084,9.791699994821101e-05
0.00019793100000242703,0.004413351999801307,384.0,,3072,16,3,0.2610565360000692,8.70809999469202e-05
0.00018681899996408902,0.004410923000023104,384.0,,3072,32,3,0.2610565360000692,8.70809999469202e-05
0.00017071999991458142,0.004302554000105374,384.0,,3072,64,3,0.2610565360000692,8.70809999469202e-05
0.00015287899987015408,0.004269647000000987,384.0,,3072,128,3,0.2610565360000692,8.70809999469202e-05
0.0001406959997893864,0.004263147000074241,384.0,,3072,256,3,0.2610565360000692,8.70809999469202e-05
,,,message_size=512B exceeds RSA-OAEP/SHA-256 max plaintext (318B) for a 3072-bit key,3072,512,3,0.2610565360000692,8.70809999469202e-05
,,,message_size=1024B exceeds RSA-OAEP/SHA-256 max plaintext (318B) for a 3072-bit key,3072,1024,3,0.2610565360000692,8.70809999469202e-05
0.00017916999991030025,0.004276770000160468,384.0,,3072,16,4,0.32934561199999735,8.829299986246042e-05
0.00015277900001819944,0.004322495999986131,384.0,,3072,32,4,0.32934561199999735,8.829299986246042e-05
0.00014426000007006223,0.004340613000067606,384.0,,3072,64,4,0.32934561199999735,8.829299986246042e-05
0.0002547490000779362,0.004317722999985563,384.0,,3072,128,4,0.32934561199999735,8.829299986246042e-05
0.00014709999982187583,0.0042537030001312814,384.0,,3072,256,4,0.32934561199999735,8.829299986246042e-05
,,,message_size=512B exceeds RSA-OAEP/SHA-256 max plaintext (318B) for a 3072-bit key,3072,512,4,0.32934561199999735,8.829299986246042e-05
,,,message_size=1024B exceeds RSA-OAEP/SHA-256 max plaintext (318B) for a 3072-bit key,3072,1024,4,0.32934561199999735,8.829299986246042e-05
0.00019454499988569296,0.00448863499991603,384.0,,3072,16,5,0.534242168999981,0.00010626000016600301
0.00018694400000640599,0.004647630000135905,384.0,,3072,32,5,0.534242168999981,0.00010626000016600301
0.000197558000081699,0.005126388000007864,384.0,,3072,64,5,0.534242168999981,0.00010626000016600301
0.00020141999993938953,0.005582945000014661,384.0,,3072,128,5,0.534242168999981,0.00010626000016600301
0.00020943899994563253,0.004357471999810514,384.0,,3072,256,5,0.534242168999981,0.00010626000016600301
,,,message_size=512B exceeds RSA-OAEP/SHA-256 max plaintext (318B) for a 3072-bit key,3072,512,5,0.534242168999981,0.00010626000016600301
,,,message_size=1024B exceeds RSA-OAEP/SHA-256 max plaintext (318B) for a 3072-bit key,3072,1024,5,0.534242168999981,0.00010626000016600301
0.00021897200008424988,0.003742009000006874,384.0,,3072,16,6,0.4825261749999754,0.00010311400001228321
0.00019737699994948343,0.00376764199995705,384.0,,3072,32,6,0.4825261749999754,0.00010311400001228321
0.00020188899998174747,0.0037428839998483454,384.0,,3072,64,6,0.4825261749999754,0.00010311400001228321
0.00019619999989117787,0.004352698000047894,384.0,,3072,128,6,0.4825261749999754,0.00010311400001228321
0.00020405700001902005,0.0042506589998083655,384.0,,3072,256,6,0.4825261749999754,0.00010311400001228321
,,,message_size=512B exceeds RSA-OAEP/SHA-256 max plaintext (318B) for a 3072-bit key,3072,512,6,0.4825261749999754,0.00010311400001228321
,,,message_size=1024B exceeds RSA-OAEP/SHA-256 max plaintext (318B) for a 3072-bit key,3072,1024,6,0.4825261749999754,0.00010311400001228321
7.944600019982317e-05,0.002414264999970328,384.0,,3072,16,7,0.6735704579998583,8.705499999450694e-05
6.874900009279372e-05,0.0024306020000040007,384.0,,3072,32,7,0.6735704579998583,8.705499999450694e-05
0.00010204299996985355,0.002451507999921887,384.0,,3072,64,7,0.6735704579998583,8.705499999450694e-05
7.458200002474769e-05,0.0024273359999824606,384.0,,3072,128,7,0.6735704579998583,8.705499999450694e-05
6.983999992371537e-05,0.002403436999884434,384.0,,3072,256,7,0.6735704579998583,8.705499999450694e-05
,,,message_size=512B exceeds RSA-OAEP/SHA-256 max plaintext (318B) for a 3072-bit key,3072,512,7,0.6735704579998583,8.705499999450694e-05
,,,message_size=1024B exceeds RSA-OAEP/SHA-256 max plaintext (318B) for a 3072-bit key,3072,1024,7,0.6735704579998583,8.705499999450694e-05
7.886699995651725e-05,0.002484482999989268,384.0,,3072,16,8,0.21694165600001725,8.351199994649505e-05
7.601300012538559e-05,0.002445015999910538,384.0,,3072,32,8,0.21694165600001725,8.351199994649505e-05
6.846499991297605e-05,0.0024528030000965373,384.0,,3072,64,8,0.21694165600001725,8.351199994649505e-05
7.259300014084147e-05,0.0024094149998745706,384.0,,3072,128,8,0.21694165600001725,8.351199994649505e-05
6.527300001835101e-05,0.0024332030000095983,384.0,,3072,256,8,0.21694165600001725,8.351199994649505e-05
,,,message_size=512B exceeds RSA-OAEP/SHA-256 max plaintext (318B) for a 3072-bit key,3072,512,8,0.21694165600001725,8.351199994649505e-05
,,,message_size=1024B exceeds RSA-OAEP/SHA-256 max plaintext (318B) for a 3072-bit key,3072,1024,8,0.21694165600001725,8.351199994649505e-05
7.345700009864231e-05,0.002409661000001506,384.0,,3072,16,9,0.6055279309998696,7.846599987715308e-05
6.873200004520186e-05,0.0024117430000387685,384.0,,3072,32,9,0.6055279309998696,7.846599987715308e-05
6.588599990209332e-05,0.0024217659999976604,384.0,,3072,64,9,0.6055279309998696,7.846599987715308e-05
6.662999999207386e-05,0.0023931309999625228,384.0,,3072,128,9,0.6055279309998696,7.846599987715308e-05
6.452599996009667e-05,0.0023924759998408263,384.0,,3072,256,9,0.6055279309998696,7.846599987715308e-05
,,,message_size=512B exceeds RSA-OAEP/SHA-256 max plaintext (318B) for a 3072-bit key,3072,512,9,0.6055279309998696,7.846599987715308e-05
,,,message_size=1024B exceeds RSA-OAEP/SHA-256 max plaintext (318B) for a 3072-bit key,3072,1024,9,0.6055279309998696,7.846599987715308e-05
8.28120000733179e-05,0.0025354949998472875,384.0,,3072,16,10,0.26666559000000234,6.364199998643016e-05
8.989200000542041e-05,0.0024392210000314662,384.0,,3072,32,10,0.26666559000000234,6.364199998643016e-05
7.246399991345243e-05,0.002439166000158366,384.0,,3072,64,10,0.26666559000000234,6.364199998643016e-05
6.795099989176379e-05,0.002396793999878355,384.0,,3072,128,10,0.26666559000000234,6.364199998643016e-05
6.497699996543815e-05,0.0024189880000449193,384.0,,3072,256,10,0.26666559000000234,6.364199998643016e-05
,,,message_size=512B exceeds RSA-OAEP/SHA-256 max plaintext (318B) for a 3072-bit key,3072,512,10,0.26666559000000234,6.364199998643016e-05
,,,message_size=1024B exceeds RSA-OAEP/SHA-256 max plaintext (318B) for a 3072-bit key,3072,1024,10,0.26666559000000234,6.364199998643016e-05
7.057700008772372e-05,0.002440378000073906,384.0,,3072,16,11,0.38569885700007944,6.107900003371469e-05
7.642099990334827e-05,0.0024248279999028455,384.0,,3072,32,11,0.38569885700007944,6.107900003371469e-05
6.794099999751779e-05,0.0023854060000303434,384.0,,3072,64,11,0.38569885700007944,6.107900003371469e-05
7.08759998815367e-05,0.002481603999967774,384.0,,3072,128,11,0.38569885700007944,6.107900003371469e-05
8.683999999448133e-05,0.0024233419999291073,384.0,,3072,256,11,0.38569885700007944,6.107900003371469e-05
,,,message_size=512B exceeds RSA-OAEP/SHA-256 max plaintext (318B) for a 3072-bit key,3072,512,11,0.38569885700007944,6.107900003371469e-05
,,,message_size=1024B exceeds RSA-OAEP/SHA-256 max plaintext (318B) for a 3072-bit key,3072,1024,11,0.38569885700007944,6.107900003371469e-05
8.560100013710326e-05,0.002407862000154637,384.0,,3072,16,12,0.12325121100002434,8.817000002636632e-05
6.798799995522131e-05,0.002398258000084752,384.0,,3072,32,12,0.12325121100002434,8.817000002636632e-05
7.054699995023839e-05,0.0024143360001289693,384.0,,3072,64,12,0.12325121100002434,8.817000002636632e-05
6.488200006060652e-05,0.0027148520000537246,384.0,,3072,128,12,0.12325121100002434,8.817000002636632e-05
0.00014000500004840433,0.002496562000033009,384.0,,3072,256,12,0.12325121100002434,8.817000002636632e-05
,,,message_size=512B exceeds RSA-OAEP/SHA-256 max plaintext (318B) for a 3072-bit key,3072,512,12,0.12325121100002434,8.817000002636632e-05
,,,message_size=1024B exceeds RSA-OAEP/SHA-256 max plaintext (318B) for a 3072-bit key,3072,1024,12,0.12325121100002434,8.817000002636632e-05
9.750200001690246e-05,0.002421045000119193,384.0,,3072,16,13,0.3305808390000493,9.125900010076293e-05
6.871799996588379e-05,0.0024320909999460127,384.0,,3072,32,13,0.3305808390000493,9.125900010076293e-05
7.489699987672793e-05,0.0024511569999958738,384.0,,3072,64,13,0.3305808390000493,9.125900010076293e-05
7.299999992937956e-05,0.0024107790000016394,384.0,,3072,128,13,0.3305808390000493,9.125900010076293e-05
6.577599992851901e-05,0.00243416100011018,384.0,,3072,256,13,0.3305808390000493,9.125900010076293e-05
,,,message_size=512B exceeds RSA-OAEP/SHA-256 max plaintext (318B) for a 3072-bit key,3072,512,13,0.3305808390000493,9.125900010076293e-05
,,,message_size=1024B exceeds RSA-OAEP/SHA-256 max plaintext (318B) for a 3072-bit key,3072,1024,13,0.3305808390000493,9.125900010076293e-05
7.877100006226101e-05,0.002414327000224148,384.0,,3072,16,14,0.312368627999831,8.159999993040401e-05
6.780400008210563e-05,0.002387079000072845,384.0,,3072,32,14,0.312368627999831,8.159999993040401e-05
7.329300001401862e-05,0.002404182000191213,384.0,,3072,64,14,0.312368627999831,8.159999993040401e-05
6.584200014003727e-05,0.0024649229999340605,384.0,,3072,128,14,0.312368627999831,8.159999993040401e-05
8.854300017446803e-05,0.002485779999915394,384.0,,3072,256,14,0.312368627999831,8.159999993040401e-05
,,,message_size=512B exceeds RSA-OAEP/SHA-256 max plaintext (318B) for a 3072-bit key,3072,512,14,0.312368627999831,8.159999993040401e-05
,,,message_size=1024B exceeds RSA-OAEP/SHA-256 max plaintext (318B) for a 3072-bit key,3072,1024,14,0.312368627999831,8.159999993040401e-05
8.993200003715174e-05,0.0024328340000465687,384.0,,3072,16,15,0.2578601949999211,9.089800005313009e-05
7.03769999290671e-05,0.00241232400003355,384.0,,3072,32,15,0.2578601949999211,9.089800005313009e-05
6.733800000802148e-05,0.002621095999984391,384.0,,3072,64,15,0.2578601949999211,9.089800005313009e-05
0.00012670099999922968,0.0025125530000877916,384.0,,3072,128,15,0.2578601949999211,9.089800005313009e-05
7.590199993501301e-05,0.002544753999927707,384.0,,3072,256,15,0.2578601949999211,9.089800005313009e-05
,,,message_size=512B exceeds RSA-OAEP/SHA-256 max plaintext (318B) for a 3072-bit key,3072,512,15,0.2578601949999211,9.089800005313009e-05
,,,message_size=1024B exceeds RSA-OAEP/SHA-256 max plaintext (318B) for a 3072-bit key,3072,1024,15,0.2578601949999211,9.089800005313009e-05
9.220699985235115e-05,0.0024280520001411787,384.0,,3072,16,16,0.4292580399999224,8.247899995694752e-05
7.392599991362658e-05,0.002401175999921179,384.0,,3072,32,16,0.4292580399999224,8.247899995694752e-05
6.603399992854975e-05,0.0026170290000209206,384.0,,3072,64,16,0.4292580399999224,8.247899995694752e-05
0.00013585000010607473,0.002468630000066696,384.0,,3072,128,16,0.4292580399999224,8.247899995694752e-05
8.582399982515199e-05,0.0024389969998992456,384.0,,3072,256,16,0.4292580399999224,8.247899995694752e-05
,,,message_size=512B exceeds RSA-OAEP/SHA-256 max plaintext (318B) for a 3072-bit key,3072,512,16,0.4292580399999224,8.247899995694752e-05
,,,message_size=1024B exceeds RSA-OAEP/SHA-256 max plaintext (318B) for a 3072-bit key,3072,1024,16,0.4292580399999224,8.247899995694752e-05
7.042799984446901e-05,0.0023926439998831484,384.0,,3072,16,17,0.0455415260000791,8.077600000433449e-05
6.651300009252736e-05,0.0024415509999471396,384.0,,3072,32,17,0.0455415260000791,8.077600000433449e-05
6.937199987078202e-05,0.0023936709999361483,384.0,,3072,64,17,0.0455415260000791,8.077600000433449e-05
7.045100005598215e-05,0.002403494999953182,384.0,,3072,128,17,0.0455415260000791,8.077600000433449e-05
6.542400001308124e-05,0.0023896310001418897,384.0,,3072,256,17,0.0455415260000791,8.077600000433449e-05
,,,message_size=512B exceeds RSA-OAEP/SHA-256 max plaintext (318B) for a 3072-bit key,3072,512,17,0.0455415260000791,8.077600000433449e-05
,,,message_size=1024B exceeds RSA-OAEP/SHA-256 max plaintext (318B) for a 3072-bit key,3072,1024,17,0.0455415260000791,8.077600000433449e-05
7.582000012007484e-05,0.00245298200002253,384.0,,3072,16,18,0.22386155599997437,7.872199989833462e-05
7.349099996645236e-05,0.002413440000054834,384.0,,3072,32,18,0.22386155599997437,7.872199989833462e-05
6.492600005003624e-05,0.0023997920000056183,384.0,,3072,64,18,0.22386155599997437,7.872199989833462e-05
6.654699996033742e-05,0.002406941000117513,384.0,,3072,128,18,0.22386155599997437,7.872199989833462e-05
6.452499997067207e-05,0.002398046000053,384.0,,3072,256,18,0.22386155599997437,7.872199989833462e-05
,,,message_size=512B exceeds RSA-OAEP/SHA-256 max plaintext (318B) for a 3072-bit key,3072,512,18,0.22386155599997437,7.872199989833462e-05
,,,message_size=1024B exceeds RSA-OAEP/SHA-256 max plaintext (318B) for a 3072-bit key,3072,1024,18,0.22386155599997437,7.872199989833462e-05
8.690100003150292e-05,0.002438299999994342,384.0,,3072,16,19,0.09744302199987942,7.884499996180239e-05
7.212499986053444e-05,0.0024022759998842957,384.0,,3072,32,19,0.09744302199987942,7.884499996180239e-05
6.587400002899813e-05,0.0024924140000166517,384.0,,3072,64,19,0.09744302199987942,7.884499996180239e-05
8.262400001513015e-05,0.0024073109998425934,384.0,,3072,128,19,0.09744302199987942,7.884499996180239e-05
6.538099978570244e-05,0.0024082580000595044,384.0,,3072,256,19,0.09744302199987942,7.884499996180239e-05
,,,message_size=512B exceeds RSA-OAEP/SHA-256 max plaintext (318B) for a 3072-bit key,3072,512,19,0.09744302199987942,7.884499996180239e-05
,,,message_size=1024B exceeds RSA-OAEP/SHA-256 max plaintext (318B) for a 3072-bit key,3072,1024,19,0.09744302199987942,7.884499996180239e-05
0.00020981900001970644,0.0025346760000957147,384.0,,3072,16,20,0.21585717800007842,0.00012422999998307205
8.616600007371744e-05,0.002527260999841019,384.0,,3072,32,20,0.21585717800007842,0.00012422999998307205
8.415799993599649e-05,0.0024288370000249415,384.0,,3072,64,20,0.21585717800007842,0.00012422999998307205
7.030200004010112e-05,0.0025229420000414393,384.0,,3072,128,20,0.21585717800007842,0.00012422999998307205
0.00011714099991877447,0.002491095000095811,384.0,,3072,256,20,0.21585717800007842,0.00012422999998307205
,,,message_size=512B exceeds RSA-OAEP/SHA-256 max plaintext (318B) for a 3072-bit key,3072,512,20,0.21585717800007842,0.00012422999998307205
,,,message_size=1024B exceeds RSA-OAEP/SHA-256 max plaintext (318B) for a 3072-bit key,3072,1024,20,0.21585717800007842,0.00012422999998307205
0.00010768600009214424,0.002489947999947617,384.0,,3072,16,21,0.34743882599991593,8.801599983598862e-05
7.87869998930546e-05,0.002421335999997609,384.0,,3072,32,21,0.34743882599991593,8.801599983598862e-05
7.307799978661933e-05,0.0024093739998534147,384.0,,3072,64,21,0.34743882599991593,8.801599983598862e-05
6.723900014549145e-05,0.0024188369998228154,384.0,,3072,128,21,0.34743882599991593,8.801599983598862e-05
7.380700003523089e-05,0.002443406999873332,384.0,,3072,256,21,0.34743882599991593,8.801599983598862e-05
,,,message_size=512B exceeds RSA-OAEP/SHA-256 max plaintext (318B) for a 3072-bit key,3072,512,21,0.34743882599991593,8.801599983598862e-05
,,,message_size=1024B exceeds RSA-OAEP/SHA-256 max plaintext (318B) for a 3072-bit key,3072,1024,21,0.34743882599991593,8.801599983598862e-05
7.225099989227601e-05,0.0024150459998963925,384.0,,3072,16,22,0.24519240999984504,7.984400008353987e-05
6.71540001349058e-05,0.002427214999897842,384.0,,3072,32,22,0.24519240999984504,7.984400008353987e-05
6.516499979625223e-05,0.00240665799992712,384.0,,3072,64,22,0.24519240999984504,7.984400008353987e-05
6.992699991315021e-05,0.002678464000155145,384.0,,3072,128,22,0.24519240999984504,7.984400008353987e-05
0.00011265499983892369,0.0024519339999642398,384.0,,3072,256,22,0.24519240999984504,7.984400008353987e-05
,,,message_size=512B exceeds RSA-OAEP/SHA-256 max plaintext (318B) for a 3072-bit key,3072,512,22,0.24519240999984504,7.984400008353987e-05
,,,message_size=1024B exceeds RSA-OAEP/SHA-256 max plaintext (318B) for a 3072-bit key,3072,1024,22,0.24519240999984504,7.984400008353987e-05
7.129100004021893e-05,0.0024067209999429906,384.0,,3072,16,23,0.07896113199990396,7.40220000352565e-05
6.651500007137656e-05,0.0024051980001331685,384.0,,3072,32,23,0.07896113199990396,7.40220000352565e-05
6.558399991263286e-05,0.0023923769999782962,384.0,,3072,64,23,0.07896113199990396,7.40220000352565e-05
6.421700004466402e-05,0.002402582999820879,384.0,,3072,128,23,0.07896113199990396,7.40220000352565e-05
6.485399990197038e-05,0.0024850080001215247,384.0,,3072,256,23,0.07896113199990396,7.40220000352565e-05
,,,message_size=512B exceeds RSA-OAEP/SHA-256 max plaintext (318B) for a 3072-bit key,3072,512,23,0.07896113199990396,7.40220000352565e-05
,,,message_size=1024B exceeds RSA-OAEP/SHA-256 max plaintext (318B) for a 3072-bit key,3072,1024,23,0.07896113199990396,7.40220000352565e-05
7.073400001900154e-05,0.0024223909999818716,384.0,,3072,16,24,0.44823515600000974,7.320800000343297e-05
7.76700001097197e-05,0.0024248560000614816,384.0,,3072,32,24,0.44823515600000974,7.320800000343297e-05
6.682799994450761e-05,0.0024294749998716725,384.0,,3072,64,24,0.44823515600000974,7.320800000343297e-05
7.357100002991501e-05,0.002430630999924688,384.0,,3072,128,24,0.44823515600000974,7.320800000343297e-05
6.993500005592068e-05,0.0024061629999323486,384.0,,3072,256,24,0.44823515600000974,7.320800000343297e-05
,,,message_size=512B exceeds RSA-OAEP/SHA-256 max plaintext (318B) for a 3072-bit key,3072,512,24,0.44823515600000974,7.320800000343297e-05
,,,message_size=1024B exceeds RSA-OAEP/SHA-256 max plaintext (318B) for a 3072-bit key,3072,1024,24,0.44823515600000974,7.320800000343297e-05
8.074200013652444e-05,0.0024692739998499746,384.0,,3072,16,25,0.2533791759999531,6.380400009220466e-05
7.974100003593776e-05,0.0024048309999216144,384.0,,3072,32,25,0.2533791759999531,6.380400009220466e-05
8.390799985136255e-05,0.002410621000080937,384.0,,3072,64,25,0.2533791759999531,6.380400009220466e-05
6.830600000284903e-05,0.0024369279999518767,384.0,,3072,128,25,0.2533791759999531,6.380400009220466e-05
7.210900002974086e-05,0.002390402000173708,384.0,,3072,256,25,0.2533791759999531,6.380400009220466e-05
,,,message_size=512B exceeds RSA-OAEP/SHA-256 max plaintext (318B) for a 3072-bit key,3072,512,25,0.2533791759999531,6.380400009220466e-05
,,,message_size=1024B exceeds RSA-OAEP/SHA-256 max plaintext (318B) for a 3072-bit key,3072,1024,25,0.2533791759999531,6.380400009220466e-05
7.333499979722546e-05,0.0023947289998886845,384.0,,3072,16,26,0.3555999340001108,6.407799992302898e-05
6.559300004482793e-05,0.0024059679999481887,384.0,,3072,32,26,0.3555999340001108,6.407799992302898e-05
6.600200003958889e-05,0.0023887530001047708,384.0,,3072,64,26,0.3555999340001108,6.407799992302898e-05
6.420299996534595e-05,0.0024002999998629093,384.0,,3072,128,26,0.3555999340001108,6.407799992302898e-05
6.501899997601868e-05,0.0023931380001158686,384.0,,3072,256,26,0.3555999340001108,6.407799992302898e-05
,,,message_size=512B exceeds RSA-OAEP/SHA-256 max plaintext (318B) for a 3072-bit key,3072,512,26,0.3555999340001108,6.407799992302898e-05
,,,message_size=1024B exceeds RSA-OAEP/SHA-256 max plaintext (318B) for a 3072-bit key,3072,1024,26,0.3555999340001108,6.407799992302898e-05
0.00019104200009678607,0.005042395999907967,384.0,,3072,16,27,0.21295853900005568,7.630200002495258e-05
0.00017757199998413853,0.0038760600000387058,384.0,,3072,32,27,0.21295853900005568,7.630200002495258e-05
0.0005762789999153028,0.005096437999782211,384.0,,3072,64,27,0.21295853900005568,7.630200002495258e-05
0.00019023699996978394,0.003766977999930532,384.0,,3072,128,27,0.21295853900005568,7.630200002495258e-05
0.00017618099991523195,0.003211076000070534,384.0,,3072,256,27,0.21295853900005568,7.630200002495258e-05
,,,message_size=512B exceeds RSA-OAEP/SHA-256 max plaintext (318B) for a 3072-bit key,3072,512,27,0.21295853900005568,7.630200002495258e-05
,,,message_size=1024B exceeds RSA-OAEP/SHA-256 max plaintext (318B) for a 3072-bit key,3072,1024,27,0.21295853900005568,7.630200002495258e-05
7.260000006681366e-05,0.0024253300000509626,384.0,,3072,16,28,0.31040377899989835,6.47790000130044e-05
7.510999989790434e-05,0.0024064949998319207,384.0,,3072,32,28,0.31040377899989835,6.47790000130044e-05
6.80509999710921e-05,0.0026189469999735593,384.0,,3072,64,28,0.31040377899989835,6.47790000130044e-05
0.00014145499994810962,0.0025244020000627643,384.0,,3072,128,28,0.31040377899989835,6.47790000130044e-05
8.539399982510076e-05,0.002487814999994953,384.0,,3072,256,28,0.31040377899989835,6.47790000130044e-05
,,,message_size=512B exceeds RSA-OAEP/SHA-256 max plaintext (318B) for a 3072-bit key,3072,512,28,0.31040377899989835,6.47790000130044e-05
,,,message_size=1024B exceeds RSA-OAEP/SHA-256 max plaintext (318B) for a 3072-bit key,3072,1024,28,0.31040377899989835,6.47790000130044e-05
7.525299997723778e-05,0.002414805999933378,384.0,,3072,16,29,0.35221717700005684,6.244799988053273e-05
6.626499998674262e-05,0.002407634000064718,384.0,,3072,32,29,0.35221717700005684,6.244799988053273e-05
6.496900005004136e-05,0.002418363000060708,384.0,,3072,64,29,0.35221717700005684,6.244799988053273e-05
6.472399991253042e-05,0.002412776999790367,384.0,,3072,128,29,0.35221717700005684,6.244799988053273e-05
6.462400006057578e-05,0.0024259679998976935,384.0,,3072,256,29,0.35221717700005684,6.244799988053273e-05
,,,message_size=512B exceeds RSA-OAEP/SHA-256 max plaintext (318B) for a 3072-bit key,3072,512,29,0.35221717700005684,6.244799988053273e-05
,,,message_size=1024B exceeds RSA-OAEP/SHA-256 max plaintext (318B) for a 3072-bit key,3072,1024,29,0.35221717700005684,6.244799988053273e-05
7.175399991865561e-05,0.0024035339999954886,384.0,,3072,16,30,0.1589067029999569,6.50659999337222e-05
6.644499990215991e-05,0.002400029000000359,384.0,,3072,32,30,0.1589067029999569,6.50659999337222e-05
6.548600003952743e-05,0.0025388409999322903,384.0,,3072,64,30,0.1589067029999569,6.50659999337222e-05
0.00013066699989394692,0.002556887999844548,384.0,,3072,128,30,0.1589067029999569,6.50659999337222e-05
8.571200010010216e-05,0.0024839580000843853,384.0,,3072,256,30,0.1589067029999569,6.50659999337222e-05
,,,message_size=512B exceeds RSA-OAEP/SHA-256 max plaintext (318B) for a 3072-bit key,3072,512,30,0.1589067029999569,6.50659999337222e-05
,,,message_size=1024B exceeds RSA-OAEP/SHA-256 max plaintext (318B) for a 3072-bit key,3072,1024,30,0.1589067029999569,6.50659999337222e-05
7.449299982908997e-05,0.002426738999929512,384.0,,3072,16,31,0.2124728410001353,6.884000003992696e-05
7.071699997140968e-05,0.0024392229997829418,384.0,,3072,32,31,0.2124728410001353,6.884000003992696e-05
7.315199991353438e-05,0.0025010449999172124,384.0,,3072,64,31,0.2124728410001353,6.884000003992696e-05
8.298099987769092e-05,0.0024895960000321793,384.0,,3072,128,31,0.2124728410001353,6.884000003992696e-05
8.59100000525359e-05,0.002412504999938392,384.0,,3072,256,31,0.2124728410001353,6.884000003992696e-05
,,,message_size=512B exceeds RSA-OAEP/SHA-256 max plaintext (318B) for a 3072-bit key,3072,512,31,0.2124728410001353,6.884000003992696e-05
,,,message_size=1024B exceeds RSA-OAEP/SHA-256 max plaintext (318B) for a 3072-bit key,3072,1024,31,0.2124728410001353,6.884000003992696e-05
8.065399993029132e-05,0.0024237359998551256,384.0,,3072,16,32,0.18526163899991843,7.190999986050883e-05
7.095199998730095e-05,0.002412879000075918,384.0,,3072,32,32,0.18526163899991843,7.190999986050883e-05
8.433199991486617e-05,0.0024516910000329517,384.0,,3072,64,32,0.18526163899991843,7.190999986050883e-05
7.462400003532821e-05,0.002397372999894287,384.0,,3072,128,32,0.18526163899991843,7.190999986050883e-05
7.569900003545627e-05,0.0036247289999664645,384.0,,3072,256,32,0.18526163899991843,7.190999986050883e-05
,,,message_size=512B exceeds RSA-OAEP/SHA-256 max plaintext (318B) for a 3072-bit key,3072,512,32,0.18526163899991843,7.190999986050883e-05
,,,message_size=1024B exceeds RSA-OAEP/SHA-256 max plaintext (318B) for a 3072-bit key,3072,1024,32,0.18526163899991843,7.190999986050883e-05
0.0001722810000046593,0.006024385999808146,384.0,,3072,16,33,0.19618939399992996,6.546700001308636e-05
0.00024737299986554717,0.004729767000071661,384.0,,3072,32,33,0.19618939399992996,6.546700001308636e-05
0.0001921359998959815,0.004733846999897651,384.0,,3072,64,33,0.19618939399992996,6.546700001308636e-05
0.00012864599989370618,0.002482962999920346,384.0,,3072,128,33,0.19618939399992996,6.546700001308636e-05
8.222299993576598e-05,0.0024189969999497407,384.0,,3072,256,33,0.19618939399992996,6.546700001308636e-05
,,,message_size=512B exceeds RSA-OAEP/SHA-256 max plaintext (318B) for a 3072-bit key,3072,512,33,0.19618939399992996,6.546700001308636e-05
,,,message_size=1024B exceeds RSA-OAEP/SHA-256 max plaintext (318B) for a 3072-bit key,3072,1024,33,0.19618939399992996,6.546700001308636e-05
8.953499991548597e-05,0.002446225999847229,384.0,,3072,16,34,0.24968849700007922,6.539800006066798e-05
7.330800008276128e-05,0.002416980000134572,384.0,,3072,32,34,0.24968849700007922,6.539800006066798e-05
7.885500008342206e-05,0.0024490260000220587,384.0,,3072,64,34,0.24968849700007922,6.539800006066798e-05
6.944100005057408e-05,0.0023830269999507436,384.0,,3072,128,34,0.24968849700007922,6.539800006066798e-05
6.448099998124235e-05,0.002457927000023119,384.0,,3072,256,34,0.24968849700007922,6.539800006066798e-05
,,,message_size=512B exceeds RSA-OAEP/SHA-256 max plaintext (318B) for a 3072-bit key,3072,512,34,0.24968849700007922,6.539800006066798e-05
,,,message_size=1024B exceeds RSA-OAEP/SHA-256 max plaintext (318B) for a 3072-bit key,3072,1024,34,0.24968849700007922,6.539800006066798e-05
0.00013003699996261275,0.00250357800018719,384.0,,3072,16,35,0.1880397540001013,6.395400009751029e-05
7.904099993538694e-05,0.002466193999907773,384.0,,3072,32,35,0.1880397540001013,6.395400009751029e-05
7.253099988702161e-05,0.0032808700000259705,384.0,,3072,64,35,0.1880397540001013,6.395400009751029e-05
0.00015859799987083534,0.0038431909999872005,384.0,,3072,128,35,0.1880397540001013,6.395400009751029e-05
0.00017071399997803383,0.004227337000202169,384.0,,3072,256,35,0.1880397540001013,6.395400009751029e-05
,,,message_size=512B exceeds RSA-OAEP/SHA-256 max plaintext (318B) for a 3072-bit key,3072,512,35,0.1880397540001013,6.395400009751029e-05
,,,message_size=1024B exceeds RSA-OAEP/SHA-256 max plaintext (318B) for a 3072-bit key,3072,1024,35,0.1880397540001013,6.395400009751029e-05
8.448700009466847e-05,0.0024521589998585114,384.0,,3072,16,36,0.22220151900000928,7.185900017248059e-05
7.420399992952298e-05,0.00246156800017161,384.0,,3072,32,36,0.22220151900000928,7.185900017248059e-05
7.697000000916887e-05,0.002385224999898128,384.0,,3072,64,36,0.22220151900000928,7.185900017248059e-05
6.487699988610984e-05,0.002396141999952306,384.0,,3072,128,36,0.22220151900000928,7.185900017248059e-05
6.821600004514039e-05,0.0024385570000049483,384.0,,3072,256,36,0.22220151900000928,7.185900017248059e-05
,,,message_size=512B exceeds RSA-OAEP/SHA-256 max plaintext (318B) for a 3072-bit key,3072,512,36,0.22220151900000928,7.185900017248059e-05
,,,message_size=1024B exceeds RSA-OAEP/SHA-256 max plaintext (318B) for a 3072-bit key,3072,1024,36,0.22220151900000928,7.185900017248059e-05
7.132699988687818e-05,0.0024117570001180866,384.0,,3072,16,37,0.4314845470000819,6.460299982791184e-05
6.778400006623997e-05,0.0024278360001517285,384.0,,3072,32,37,0.4314845470000819,6.460299982791184e-05
7.271100002981257e-05,0.0024564630000440957,384.0,,3072,64,37,0.4314845470000819,6.460299982791184e-05
7.604899997204484e-05,0.002454824000096778,384.0,,3072,128,37,0.4314845470000819,6.460299982791184e-05
7.261499990818265e-05,0.0023991299999579496,384.0,,3072,256,37,0.4314845470000819,6.460299982791184e-05
,,,message_size=512B exceeds RSA-OAEP/SHA-256 max plaintext (318B) for a 3072-bit key,3072,512,37,0.4314845470000819,6.460299982791184e-05
,,,message_size=1024B exceeds RSA-OAEP/SHA-256 max plaintext (318B) for a 3072-bit key,3072,1024,37,0.4314845470000819,6.460299982791184e-05
0.00011462799989203631,0.0024864859999524924,384.0,,3072,16,38,0.409468607000008,6.736999989698234e-05
8.45280001158244e-05,0.002471290999892517,384.0,,3072,32,38,0.409468607000008,6.736999989698234e-05
7.859200013626833e-05,0.0025027730000601878,384.0,,3072,64,38,0.409468607000008,6.736999989698234e-05
7.675400001971866e-05,0.002581644999963828,384.0,,3072,128,38,0.409468607000008,6.736999989698234e-05
9.274400008507655e-05,0.0024128549998749804,384.0,,3072,256,38,0.409468607000008,6.736999989698234e-05
,,,message_size=512B exceeds RSA-OAEP/SHA-256 max plaintext (318B) for a 3072-bit key,3072,512,38,0.409468607000008,6.736999989698234e-05
,,,message_size=1024B exceeds RSA-OAEP/SHA-256 max plaintext (318B) for a 3072-bit key,3072,1024,38,0.409468607000008,6.736999989698234e-05
8.245599997280806e-05,0.0024033039999267203,384.0,,3072,16,39,0.057595839999976306,6.777300018256938e-05
6.72279998070735e-05,0.002412566999964838,384.0,,3072,32,39,0.057595839999976306,6.777300018256938e-05
7.680800013076805e-05,0.0023982110001270485,384.0,,3072,64,39,0.057595839999976306,6.777300018256938e-05
6.648499993389123e-05,0.002625158000000738,384.0,,3072,128,39,0.057595839999976306,6.777300018256938e-05
0.00011530899996614608,0.002473037000072509,384.0,,3072,256,39,0.057595839999976306,6.777300018256938e-05
,,,message_size=512B exceeds RSA-OAEP/SHA-256 max plaintext (318B) for a 3072-bit key,3072,512,39,0.057595839999976306,6.777300018256938e-05
,,,message_size=1024B exceeds RSA-OAEP/SHA-256 max plaintext (318B) for a 3072-bit key,3072,1024,39,0.057595839999976306,6.777300018256938e-05
7.121199996618088e-05,0.0024100709999856917,384.0,,3072,16,40,0.1474525700000413,7.118899998204142e-05
6.658999996034254e-05,0.0025247429998671578,384.0,,3072,32,40,0.1474525700000413,7.118899998204142e-05
8.974299998953938e-05,0.002494243999990431,384.0,,3072,64,40,0.1474525700000413,7.118899998204142e-05
8.548499999960768e-05,0.002444257999968613,384.0,,3072,128,40,0.1474525700000413,7.118899998204142e-05
7.312299999284733e-05,0.002544116000080976,384.0,,3072,256,40,0.1474525700000413,7.118899998204142e-05
,,,message_size=512B exceeds RSA-OAEP/SHA-256 max plaintext (318B) for a 3072-bit key,3072,512,40,0.1474525700000413,7.118899998204142e-05
,,,message_size=1024B exceeds RSA-OAEP/SHA-256 max plaintext (318B) for a 3072-bit key,3072,1024,40,0.1474525700000413,7.118899998204142e-05
0.00020201600000291364,0.004418137999891769,384.0,,3072,16,41,0.7884753030000411,0.00011666000000332133
0.0002792530001443083,0.004580942000075083,384.0,,3072,32,41,0.7884753030000411,0.00011666000000332133
0.00017982800000027055,0.004274558999895817,384.0,,3072,64,41,0.7884753030000411,0.00011666000000332133
0.0001423500000328204,0.004329002000076798,384.0,,3072,128,41,0.7884753030000411,0.00011666000000332133
0.00013664299990523432,0.004299389999914638,384.0,,3072,256,41,0.7884753030000411,0.00011666000000332133
,,,message_size=512B exceeds RSA-OAEP/SHA-256 max plaintext (318B) for a 3072-bit key,3072,512,41,0.7884753030000411,0.00011666000000332133
,,,message_size=1024B exceeds RSA-OAEP/SHA-256 max plaintext (318B) for a 3072-bit key,3072,1024,41,0.7884753030000411,0.00011666000000332133
0.00017761899994184205,0.003900434000115638,384.0,,3072,16,42,0.29321922999997696,9.8753999964174e-05
0.0001684480000676558,0.004278809999959776,384.0,,3072,32,42,0.29321922999997696,9.8753999964174e-05
0.00023687199995947594,0.0040286509999987175,384.0,,3072,64,42,0.29321922999997696,9.8753999964174e-05
0.00016203799987124512,0.00403039799994076,384.0,,3072,128,42,0.29321922999997696,9.8753999964174e-05
0.00017373099990436458,0.004017880999981571,384.0,,3072,256,42,0.29321922999997696,9.8753999964174e-05
,,,message_size=512B exceeds RSA-OAEP/SHA-256 max plaintext (318B) for a 3072-bit key,3072,512,42,0.29321922999997696,9.8753999964174e-05
,,,message_size=1024B exceeds RSA-OAEP/SHA-256 max plaintext (318B) for a 3072-bit key,3072,1024,42,0.29321922999997696,9.8753999964174e-05
0.0002119499999935215,0.004408131999980469,384.0,,3072,16,43,0.4173641290001342,0.00012255899991941988
0.0001642980000724492,0.004337480000003779,384.0,,3072,32,43,0.4173641290001342,0.00012255899991941988
0.0001506500000232336,0.004363669999975173,384.0,,3072,64,43,0.4173641290001342,0.00012255899991941988
0.00013448800018522888,0.004359310000154437,384.0,,3072,128,43,0.4173641290001342,0.00012255899991941988
0.00013257699993118877,0.004365395999911925,384.0,,3072,256,43,0.4173641290001342,0.00012255899991941988
,,,message_size=512B exceeds RSA-OAEP/SHA-256 max plaintext (318B) for a 3072-bit key,3072,512,43,0.4173641290001342,0.00012255899991941988
,,,message_size=1024B exceeds RSA-OAEP/SHA-256 max plaintext (318B) for a 3072-bit key,3072,1024,43,0.4173641290001342,0.00012255899991941988
0.00018075000002681918,0.004274020000138989,384.0,,3072,16,44,0.4691298000000188,9.68140000168205e-05
0.00014528400015478837,0.0042802189998383255,384.0,,3072,32,44,0.4691298000000188,9.68140000168205e-05
0.00015962700013005815,0.004324367999970491,384.0,,3072,64,44,0.4691298000000188,9.68140000168205e-05
0.0001371490000110498,0.004499264000060066,384.0,,3072,128,44,0.4691298000000188,9.68140000168205e-05
0.00016368999990845623,0.004358074000037959,384.0,,3072,256,44,0.4691298000000188,9.68140000168205e-05
,,,message_size=512B exceeds RSA-OAEP/SHA-256 max plaintext (318B) for a 3072-bit key,3072,512,44,0.4691298000000188,9.68140000168205e-05
,,,message_size=1024B exceeds RSA-OAEP/SHA-256 max plaintext (318B) for a 3072-bit key,3072,1024,44,0.4691298000000188,9.68140000168205e-05
0.00017374200001540885,0.0042663980000270385,384.0,,3072,16,45,0.32158545100014635,7.264699979714351e-05
0.0001305660000525677,0.004237616999944294,384.0,,3072,32,45,0.32158545100014635,7.264699979714351e-05
0.00012609800000973337,0.004243538000082481,384.0,,3072,64,45,0.32158545100014635,7.264699979714351e-05
0.0001263649999145855,0.0042294750001019565,384.0,,3072,128,45,0.32158545100014635,7.264699979714351e-05
0.00013182499992581143,0.004368535999901724,384.0,,3072,256,45,0.32158545100014635,7.264699979714351e-05
,,,message_size=512B exceeds RSA-OAEP/SHA-256 max plaintext (318B) for a 3072-bit key,3072,512,45,0.32158545100014635,7.264699979714351e-05
,,,message_size=1024B exceeds RSA-OAEP/SHA-256 max plaintext (318B) for a 3072-bit key,3072,1024,45,0.32158545100014635,7.264699979714351e-05
0.00022650100004284468,0.004282612999986668,384.0,,3072,16,46,0.47291456800007836,0.00011222200009797234
0.0007147999999688182,0.004453388000001723,384.0,,3072,32,46,0.47291456800007836,0.00011222200009797234
0.00016751099997236452,0.004224664999810557,384.0,,3072,64,46,0.47291456800007836,0.00011222200009797234
0.0002489639998657367,0.004624379000006229,384.0,,3072,128,46,0.47291456800007836,0.00011222200009797234
0.00020562100007737172,0.004118045000041093,384.0,,3072,256,46,0.47291456800007836,0.00011222200009797234
,,,message_size=512B exceeds RSA-OAEP/SHA-256 max plaintext (318B) for a 3072-bit key,3072,512,46,0.47291456800007836,0.00011222200009797234
,,,message_size=1024B exceeds RSA-OAEP/SHA-256 max plaintext (318B) for a 3072-bit key,3072,1024,46,0.47291456800007836,0.00011222200009797234
0.00021775199979856552,0.00393607000000884,384.0,,3072,16,47,0.3913282949999939,0.00011671399988699704
0.00018712499991124787,0.004036392999978489,384.0,,3072,32,47,0.3913282949999939,0.00011671399988699704
0.00019253899995419488,0.003996279000148206,384.0,,3072,64,47,0.3913282949999939,0.00011671399988699704
0.00018531799992160813,0.005163369999991119,384.0,,3072,128,47,0.3913282949999939,0.00011671399988699704
0.00013229799992586777,0.0037968569999975443,384.0,,3072,256,47,0.3913282949999939,0.00011671399988699704
,,,message_size=512B exceeds RSA-OAEP/SHA-256 max plaintext (318B) for a 3072-bit key,3072,512,47,0.3913282949999939,0.00011671399988699704
,,,message_size=1024B exceeds RSA-OAEP/SHA-256 max plaintext (318B) for a 3072-bit key,3072,1024,47,0.3913282949999939,0.00011671399988699704
7.045999996080354e-05,0.0024041479998686555,384.0,,3072,16,48,0.4903261540000585,8.357499996236584e-05
6.6105000087191e-05,0.002395152999952188,384.0,,3072,32,48,0.4903261540000585,8.357499996236584e-05
6.557100005011307e-05,0.0024419070000476495,384.0,,3072,64,48,0.4903261540000585,8.357499996236584e-05
7.68390000303043e-05,0.00243729999988318,384.0,,3072,128,48,0.4903261540000585,8.357499996236584e-05
6.541300012941065e-05,0.002417656000034185,384.0,,3072,256,48,0.4903261540000585,8.357499996236584e-05
,,,message_size=512B exceeds RSA-OAEP/SHA-256 max plaintext (318B) for a 3072-bit key,3072,512,48,0.4903261540000585,8.357499996236584e-05
,,,message_size=1024B exceeds RSA-OAEP/SHA-256 max plaintext (318B) for a 3072-bit key,3072,1024,48,0.4903261540000585,8.357499996236584e-05
7.41429998925014e-05,0.0024461880000217207,384.0,,3072,16,49,0.07049070700008997,7.912099999884958e-05
6.989000007706636e-05,0.0024120589998801734,384.0,,3072,32,49,0.07049070700008997,7.912099999884958e-05
6.682999992335681e-05,0.0024034869998104114,384.0,,3072,64,49,0.07049070700008997,7.912099999884958e-05
6.527699997604941e-05,0.0023939329998938774,384.0,,3072,128,49,0.07049070700008997,7.912099999884958e-05
9.104800005843572e-05,0.0024104549997900904,384.0,,3072,256,49,0.07049070700008997,7.912099999884958e-05
,,,message_size=512B exceeds RSA-OAEP/SHA-256 max plaintext (318B) for a 3072-bit key,3072,512,49,0.07049070700008997,7.912099999884958e-05
,,,message_size=1024B exceeds RSA-OAEP/SHA-256 max plaintext (318B) for a 3072-bit key,3072,1024,49,0.07049070700008997,7.912099999884958e-05
7.330200014621369e-05,0.0024364070000046922,384.0,,3072,16,50,0.06871430099999998,8.535599999959231e-05
7.266899979185837e-05,0.002399604999936855,384.0,,3072,32,50,0.06871430099999998,8.535599999959231e-05
6.528100016112148e-05,0.0024059519998900214,384.0,,3072,64,50,0.06871430099999998,8.535599999959231e-05
6.686100005026674e-05,0.0023824840000088443,384.0,,3072,128,50,0.06871430099999998,8.535599999959231e-05
6.402799999705167e-05,0.0023787269999502314,384.0,,3072,256,50,0.06871430099999998,8.535599999959231e-05
,,,message_size=512B exceeds RSA-OAEP/SHA-256 max plaintext (318B) for a 3072-bit key,3072,512,50,0.06871430099999998,8.535599999959231e-05
,,,message_size=1024B exceeds RSA-OAEP/SHA-256 max plaintext (318B) for a 3072-bit key,3072,1024,50,0.06871430099999998,8.535599999959231e-05
7.972999992489349e-05,0.0024128860000018904,384.0,,3072,16,51,0.05220834399983687,8.391200003643462e-05
7.06499999978405e-05,0.0026518550000673713,384.0,,3072,32,51,0.05220834399983687,8.391200003643462e-05
0.00014801199995417846,0.0024532520001230296,384.0,,3072,64,51,0.05220834399983687,8.391200003643462e-05
7.119299993973982e-05,0.002418798999997307,384.0,,3072,128,51,0.05220834399983687,8.391200003643462e-05
7.255199989231187e-05,0.0024805549999200593,384.0,,3072,256,51,0.05220834399983687,8.391200003643462e-05
,,,message_size=512B exceeds RSA-OAEP/SHA-256 max plaintext (318B) for a 3072-bit key,3072,512,51,0.05220834399983687,8.391200003643462e-05
,,,message_size=1024B exceeds RSA-OAEP/SHA-256 max plaintext (318B) for a 3072-bit key,3072,1024,51,0.05220834399983687,8.391200003643462e-05
6.929200003469305e-05,0.002399985000010929,384.0,,3072,16,52,0.3909732919998987,7.996600015758304e-05
7.317600011447212e-05,0.0024157529999229155,384.0,,3072,32,52,0.3909732919998987,7.996600015758304e-05
6.462800001827418e-05,0.002397632000111116,384.0,,3072,64,52,0.3909732919998987,7.996600015758304e-05
6.435499994950078e-05,0.002415376000044489,384.0,,3072,128,52,0.3909732919998987,7.996600015758304e-05
6.504099997073354e-05,0.002430875000072774,384.0,,3072,256,52,0.3909732919998987,7.996600015758304e-05
,,,message_size=512B exceeds RSA-OAEP/SHA-256 max plaintext (318B) for a 3072-bit key,3072,512,52,0.3909732919998987,7.996600015758304e-05
,,,message_size=1024B exceeds RSA-OAEP/SHA-256 max plaintext (318B) for a 3072-bit key,3072,1024,52,0.3909732919998987,7.996600015758304e-05
6.92149999395042e-05,0.0023889819999567408,384.0,,3072,16,53,0.07860442199989848,8.254900012616417e-05
6.624999991799996e-05,0.002373023000018293,384.0,,3072,32,53,0.07860442199989848,8.254900012616417e-05
6.510799994430272e-05,0.002428280000003724,384.0,,3072,64,53,0.07860442199989848,8.254900012616417e-05
7.256899993990373e-05,0.0023973559998466953,384.0,,3072,128,53,0.07860442199989848,8.254900012616417e-05
6.422599994948541e-05,0.0024775809999937337,384.0,,3072,256,53,0.07860442199989848,8.254900012616417e-05
,,,message_size=512B exceeds RSA-OAEP/SHA-256 max plaintext (318B) for a 3072-bit key,3072,512,53,0.07860442199989848,8.254900012616417e-05
,,,message_size=1024B exceeds RSA-OAEP/SHA-256 max plaintext (318B) for a 3072-bit key,3072,1024,53,0.07860442199989848,8.254900012616417e-05
7.459099992956908e-05,0.0024596050000127434,384.0,,3072,16,54,0.18025600300006772,7.858800017856993e-05
9.821499997997307e-05,0.0027050109999890992,384.0,,3072,32,54,0.18025600300006772,7.858800017856993e-05
0.00012214899993523431,0.002470735000088098,384.0,,3072,64,54,0.18025600300006772,7.858800017856993e-05
7.460500000888715e-05,0.002411366000160342,384.0,,3072,128,54,0.18025600300006772,7.858800017856993e-05
7.090700000844663e-05,0.0024348140000256535,384.0,,3072,256,54,0.18025600300006772,7.858800017856993e-05
,,,message_size=512B exceeds RSA-OAEP/SHA-256 max plaintext (318B) for a 3072-bit key,3072,512,54,0.18025600300006772,7.858800017856993e-05
,,,message_size=1024B exceeds RSA-OAEP/SHA-256 max plaintext (318B) for a 3072-bit key,3072,1024,54,0.18025600300006772,7.858800017856993e-05
7.067799992910295e-05,0.0024115969999911613,384.0,,3072,16,55,0.2606951330001266,6.464599982791697e-05
6.673300003967597e-05,0.002434627000184264,384.0,,3072,32,55,0.2606951330001266,6.464599982791697e-05
6.819700001869933e-05,0.002521032999993622,384.0,,3072,64,55,0.2606951330001266,6.464599982791697e-05
9.019000003718247e-05,0.0024018439999053953,384.0,,3072,128,55,0.2606951330001266,6.464599982791697e-05
6.615600000259292e-05,0.0024524540001493733,384.0,,3072,256,55,0.2606951330001266,6.464599982791697e-05
,,,message_size=512B exceeds RSA-OAEP/SHA-256 max plaintext (318B) for a 3072-bit key,3072,512,55,0.2606951330001266,6.464599982791697e-05
,,,message_size=1024B exceeds RSA-OAEP/SHA-256 max plaintext (318B) for a 3072-bit key,3072,1024,55,0.2606951330001266,6.464599982791697e-05
7.140299999264244e-05,0.002409384999964459,384.0,,3072,16,56,0.04993805499998416,6.12910000654665e-05
6.82719999076653e-05,0.0024017640000693063,384.0,,3072,32,56,0.04993805499998416,6.12910000654665e-05
6.432600002881372e-05,0.0024460510001063085,384.0,,3072,64,56,0.04993805499998416,6.12910000654665e-05
7.730800007266225e-05,0.002421475000119244,384.0,,3072,128,56,0.04993805499998416,6.12910000654665e-05
6.545900009768957e-05,0.0023949619999257266,384.0,,3072,256,56,0.04993805499998416,6.12910000654665e-05
,,,message_size=512B exceeds RSA-OAEP/SHA-256 max plaintext (318B) for a 3072-bit key,3072,512,56,0.04993805499998416,6.12910000654665e-05
,,,message_size=1024B exceeds RSA-OAEP/SHA-256 max plaintext (318B) for a 3072-bit key,3072,1024,56,0.04993805499998416,6.12910000654665e-05
8.153499993568403e-05,0.0024009730000216223,384.0,,3072,16,57,0.18426123399990502,6.277900001805392e-05
7.960199991430272e-05,0.0023939429997881234,384.0,,3072,32,57,0.18426123399990502,6.277900001805392e-05
6.481600007646193e-05,0.002392043000099875,384.0,,3072,64,57,0.18426123399990502,6.277900001805392e-05
6.44470001134323e-05,0.0024780559999726393,384.0,,3072,128,57,0.18426123399990502,6.277900001805392e-05
9.272199986298801e-05,0.0025788870000269526,384.0,,3072,256,57,0.18426123399990502,6.277900001805392e-05
,,,message_size=512B exceeds RSA-OAEP/SHA-256 max plaintext (318B) for a 3072-bit key,3072,512,57,0.18426123399990502,6.277900001805392e-05
,,,message_size=1024B exceeds RSA-OAEP/SHA-256 max plaintext (318B) for a 3072-bit key,3072,1024,57,0.18426123399990502,6.277900001805392e-05
7.725499995103746e-05,0.00239690199987308,384.0,,3072,16,58,0.42405611799995313,6.4515999838477e-05
7.058400001369591e-05,0.002428020000024844,384.0,,3072,32,58,0.42405611799995313,6.4515999838477e-05
7.929100002002087e-05,0.002439875999925789,384.0,,3072,64,58,0.42405611799995313,6.4515999838477e-05
6.744699999217119e-05,0.0024347779999516206,384.0,,3072,128,58,0.42405611799995313,6.4515999838477e-05
7.820700011507142e-05,0.00239456400004201,384.0,,3072,256,58,0.42405611799995313,6.4515999838477e-05
,,,message_size=512B exceeds RSA-OAEP/SHA-256 max plaintext (318B) for a 3072-bit key,3072,512,58,0.42405611799995313,6.4515999838477e-05
,,,message_size=1024B exceeds RSA-OAEP/SHA-256 max plaintext (318B) for a 3072-bit key,3072,1024,58,0.42405611799995313,6.4515999838477e-05
0.00017349000017929939,0.004006583000091268,384.0,,3072,16,59,0.23248323400002846,9.003800005302764e-05
0.00020979200007786858,0.0042516010000781534,384.0,,3072,32,59,0.23248323400002846,9.003800005302764e-05
0.00018021899995801505,0.003830221000043821,384.0,,3072,64,59,0.23248323400002846,9.003800005302764e-05
0.00016615200001979247,0.0037678390001474327,384.0,,3072,128,59,0.23248323400002846,9.003800005302764e-05
0.0001635969999824738,0.003765573000009681,384.0,,3072,256,59,0.23248323400002846,9.003800005302764e-05
,,,message_size=512B exceeds RSA-OAEP/SHA-256 max plaintext (318B) for a 3072-bit key,3072,512,59,0.23248323400002846,9.003800005302764e-05
,,,message_size=1024B exceeds RSA-OAEP/SHA-256 max plaintext (318B) for a 3072-bit key,3072,1024,59,0.23248323400002846,9.003800005302764e-05
8.633199990981666e-05,0.002432306000173412,384.0,,3072,16,60,0.6003407119999338,6.604899999729241e-05
7.329899995056621e-05,0.0024229640000612562,384.0,,3072,32,60,0.6003407119999338,6.604899999729241e-05
7.236200008264859e-05,0.002440508000063346,384.0,,3072,64,60,0.6003407119999338,6.604899999729241e-05
7.222800013551023e-05,0.0023998179999580316,384.0,,3072,128,60,0.6003407119999338,6.604899999729241e-05
6.991899999775342e-05,0.002395406000005096,384.0,,3072,256,60,0.6003407119999338,6.604899999729241e-05
,,,message_size=512B exceeds RSA-OAEP/SHA-256 max plaintext (318B) for a 3072-bit key,3072,512,60,0.6003407119999338,6.604899999729241e-05
,,,message_size=1024B exceeds RSA-OAEP/SHA-256 max plaintext (318B) for a 3072-bit key,3072,1024,60,0.6003407119999338,6.604899999729241e-05
7.872300011513289e-05,0.00240007900015371,384.0,,3072,16,61,0.1149430850000499,6.342999995467835e-05
6.631099995502154e-05,0.002490510999905382,384.0,,3072,32,61,0.1149430850000499,6.342999995467835e-05
7.918100004644657e-05,0.0023936600000524777,384.0,,3072,64,61,0.1149430850000499,6.342999995467835e-05
6.421100010811642e-05,0.0024062689999482245,384.0,,3072,128,61,0.1149430850000499,6.342999995467835e-05
6.624000002375396e-05,0.002441121999936513,384.0,,3072,256,61,0.1149430850000499,6.342999995467835e-05
,,,message_size=512B exceeds RSA-OAEP/SHA-256 max plaintext (318B) for a 3072-bit key,3072,512,61,0.1149430850000499,6.342999995467835e-05
,,,message_size=1024B exceeds RSA-OAEP/SHA-256 max plaintext (318B) for a 3072-bit key,3072,1024,61,0.1149430850000499,6.342999995467835e-05
8.847200001582678e-05,0.002501786000038919,384.0,,3072,16,62,0.3252130099999704,6.27370000074734e-05
7.674200014662347e-05,0.002424922000045626,384.0,,3072,32,62,0.3252130099999704,6.27370000074734e-05
6.799399989176891e-05,0.002396433000058096,384.0,,3072,64,62,0.3252130099999704,6.27370000074734e-05
6.632800000261341e-05,0.0024343569998563908,384.0,,3072,128,62,0.3252130099999704,6.27370000074734e-05
6.747600014023192e-05,0.0024136120000548544,384.0,,3072,256,62,0.3252130099999704,6.27370000074734e-05
,,,message_size=512B exceeds RSA-OAEP/SHA-256 max plaintext (318B) for a 3072-bit key,3072,512,62,0.3252130099999704,6.27370000074734e-05
,,,message_size=1024B exceeds RSA-OAEP/SHA-256 max plaintext (318B) for a 3072-bit key,3072,1024,62,0.3252130099999704,6.27370000074734e-05
7.430599998770049e-05,0.002400666000085039,384.0,,3072,16,63,0.4046801490001144,5.925699997533229e-05
6.591700002900325e-05,0.0026405690000501636,384.0,,3072,32,63,0.4046801490001144,5.925699997533229e-05
6.594100000256731e-05,0.0025567709999450017,384.0,,3072,64,63,0.4046801490001144,5.925699997533229e-05
9.83729999006755e-05,0.0024252570001408458,384.0,,3072,128,63,0.4046801490001144,5.925699997533229e-05
6.731000007675902e-05,0.002456002000144508,384.0,,3072,256,63,0.4046801490001144,5.925699997533229e-05
,,,message_size=512B exceeds RSA-OAEP/SHA-256 max plaintext (318B) for a 3072-bit key,3072,512,63,0.4046801490001144,5.925699997533229e-05
,,,message_size=1024B exceeds RSA-OAEP/SHA-256 max plaintext (318B) for a 3072-bit key,3072,1024,63,0.4046801490001144,5.925699997533229e-05
7.884799993007618e-05,0.002444926999942254,384.0,,3072,16,64,0.4137699259999863,6.44460001240077e-05
6.921999988662719e-05,0.002425182000024506,384.0,,3072,32,64,0.4137699259999863,6.44460001240077e-05
8.484199997838004e-05,0.0025270720000207803,384.0,,3072,64,64,0.4137699259999863,6.44460001240077e-05
8.445900016340602e-05,0.0024126060000071448,384.0,,3072,128,64,0.4137699259999863,6.44460001240077e-05
6.654100002378982e-05,0.002594044999796097,384.0,,3072,256,64,0.4137699259999863,6.44460001240077e-05
,,,message_size=512B exceeds RSA-OAEP/SHA-256 max plaintext (318B) for a 3072-bit key,3072,512,64,0.4137699259999863,6.44460001240077e-05
,,,message_size=1024B exceeds RSA-OAEP/SHA-256 max plaintext (318B) for a 3072-bit key,3072,1024,64,0.4137699259999863,6.44460001240077e-05
7.233200017253694e-05,0.002465023000013389,384.0,,3072,16,65,0.4925170070000604,6.347699991238187e-05
8.079500003077555e-05,0.0024081910000859352,384.0,,3072,32,65,0.4925170070000604,6.347699991238187e-05
7.130999983928632e-05,0.002401028999884147,384.0,,3072,64,65,0.4925170070000604,6.347699991238187e-05
6.602400003430375e-05,0.002401297999995222,384.0,,3072,128,65,0.4925170070000604,6.347699991238187e-05
6.524699983856408e-05,0.0024847759998465335,384.0,,3072,256,65,0.4925170070000604,6.347699991238187e-05
,,,message_size=512B exceeds RSA-OAEP/SHA-256 max plaintext (318B) for a 3072-bit key,3072,512,65,0.4925170070000604,6.347699991238187e-05
,,,message_size=1024B exceeds RSA-OAEP/SHA-256 max plaintext (318B) for a 3072-bit key,3072,1024,65,0.4925170070000604,6.347699991238187e-05
7.134299994504545e-05,0.002421232000187956,384.0,,3072,16,66,0.08617413399997531,6.741900006090873e-05
7.873499998822808e-05,0.0024046830001225317,384.0,,3072,32,66,0.08617413399997531,6.741900006090873e-05
6.605700014006288e-05,0.0023985170000742073,384.0,,3072,64,66,0.08617413399997531,6.741900006090873e-05
7.814900004632364e-05,0.002422605999981897,384.0,,3072,128,66,0.08617413399997531,6.741900006090873e-05
7.420299994009838e-05,0.002444433999926332,384.0,,3072,256,66,0.08617413399997531,6.741900006090873e-05
,,,message_size=512B exceeds RSA-OAEP/SHA-256 max plaintext (318B) for a 3072-bit key,3072,512,66,0.08617413399997531,6.741900006090873e-05
,,,message_size=1024B exceeds RSA-OAEP/SHA-256 max plaintext (318B) for a 3072-bit key,3072,1024,66,0.08617413399997531,6.741900006090873e-05
9.024800010593026e-05,0.0024133900001288566,384.0,,3072,16,67,0.08929938000005677,6.926499986548151e-05
6.710800016662688e-05,0.0038857029999235237,384.0,,3072,32,67,0.08929938000005677,6.926499986548151e-05
0.00015549899990219274,0.004140401999848109,384.0,,3072,64,67,0.08929938000005677,6.926499986548151e-05
0.00017722899997352215,0.003324430000020584,384.0,,3072,128,67,0.08929938000005677,6.926499986548151e-05
0.00012453700014702918,0.002426288999913595,384.0,,3072,256,67,0.08929938000005677,6.926499986548151e-05
,,,message_size=512B exceeds RSA-OAEP/SHA-256 max plaintext (318B) for a 3072-bit key,3072,512,67,0.08929938000005677,6.926499986548151e-05
,,,message_size=1024B exceeds RSA-OAEP/SHA-256 max plaintext (318B) for a 3072-bit key,3072,1024,67,0.08929938000005677,6.926499986548151e-05
7.731499999863445e-05,0.0024059780000698083,384.0,,3072,16,68,0.15934099500009324,6.0872999938510475e-05
6.758800009265542e-05,0.0024019039999529923,384.0,,3072,32,68,0.15934099500009324,6.0872999938510475e-05
6.594800015591318e-05,0.002415024999891102,384.0,,3072,64,68,0.15934099500009324,6.0872999938510475e-05
8.146899995153944e-05,0.0025128229999609175,384.0,,3072,128,68,0.15934099500009324,6.0872999938510475e-05
8.931399997891276e-05,0.0024551669998800207,384.0,,3072,256,68,0.15934099500009324,6.0872999938510475e-05
,,,message_size=512B exceeds RSA-OAEP/SHA-256 max plaintext (318B) for a 3072-bit key,3072,512,68,0.15934099500009324,6.0872999938510475e-05
,,,message_size=1024B exceeds RSA-OAEP/SHA-256 max plaintext (318B) for a 3072-bit key,3072,1024,68,0.15934099500009324,6.0872999938510475e-05
7.353999990300508e-05,0.002385763000120278,384.0,,3072,16,69,0.10403481800017289,6.642700009251712e-05
7.352700004048529e-05,0.002391049999914685,384.0,,3072,32,69,0.10403481800017289,6.642700009251712e-05
6.518300006064237e-05,0.0024434770000425488,384.0,,3072,64,69,0.10403481800017289,6.642700009251712e-05
0.0001052200000231096,0.0024174650000077236,384.0,,3072,128,69,0.10403481800017289,6.642700009251712e-05
6.73869999445742e-05,0.0023874429998613778,384.0,,3072,256,69,0.10403481800017289,6.642700009251712e-05
,,,message_size=512B exceeds RSA-OAEP/SHA-256 max plaintext (318B) for a 3072-bit key,3072,512,69,0.10403481800017289,6.642700009251712e-05
,,,message_size=1024B exceeds RSA-OAEP/SHA-256 max plaintext (318B) for a 3072-bit key,3072,1024,69,0.10403481800017289,6.642700009251712e-05
6.916899997122528e-05,0.0023948489999838785,384.0,,3072,16,70,0.17764553699998942,6.120900002315466e-05
6.740000003446767e-05,0.0024109139999382023,384.0,,3072,32,70,0.17764553699998942,6.120900002315466e-05
7.183499997154286e-05,0.0023968479999894043,384.0,,3072,64,70,0.17764553699998942,6.120900002315466e-05
6.679200009784836e-05,0.0024166069999864703,384.0,,3072,128,70,0.17764553699998942,6.120900002315466e-05
7.040900004540163e-05,0.0024202070001138054,384.0,,3072,256,70,0.17764553699998942,6.120900002315466e-05
,,,message_size=512B exceeds RSA-OAEP/SHA-256 max plaintext (318B) for a 3072-bit key,3072,512,70,0.17764553699998942,6.120900002315466e-05
,,,message_size=1024B exceeds RSA-OAEP/SHA-256 max plaintext (318B) for a 3072-bit key,3072,1024,70,0.17764553699998942,6.120900002315466e-05
7.670099989809387e-05,0.002412720000165791,384.0,,3072,16,71,0.14597077100006572,6.390600015038217e-05
6.693899990750651e-05,0.002593312000044534,384.0,,3072,32,71,0.14597077100006572,6.390600015038217e-05
0.00011205100008737645,0.002545703999885518,384.0,,3072,64,71,0.14597077100006572,6.390600015038217e-05
8.434899996245804e-05,0.0024900720000005094,384.0,,3072,128,71,0.14597077100006572,6.390600015038217e-05
8.118200003082165e-05,0.002580940000143528,384.0,,3072,256,71,0.14597077100006572,6.390600015038217e-05
,,,message_size=512B exceeds RSA-OAEP/SHA-256 max plaintext (318B) for a 3072-bit key,3072,512,71,0.14597077100006572,6.390600015038217e-05
,,,message_size=1024B exceeds RSA-OAEP/SHA-256 max plaintext (318B) for a 3072-bit key,3072,1024,71,0.14597077100006572,6.390600015038217e-05
7.3631000077512e-05,0.0024168169998119993,384.0,,3072,16,72,0.6891181060000235,6.43989999389305e-05
6.667799993920198e-05,0.0024055409999164112,384.0,,3072,32,72,0.6891181060000235,6.43989999389305e-05
6.458799998654285e-05,0.0024236030001247855,384.0,,3072,64,72,0.6891181060000235,6.43989999389305e-05
6.949000021450047e-05,0.0024183930001981935,384.0,,3072,128,72,0.6891181060000235,6.43989999389305e-05
6.748800001332711e-05,0.002428080000072441,384.0,,3072,256,72,0.6891181060000235,6.43989999389305e-05
,,,message_size=512B exceeds RSA-OAEP/SHA-256 max plaintext (318B) for a 3072-bit key,3072,512,72,0.6891181060000235,6.43989999389305e-05
,,,message_size=1024B exceeds RSA-OAEP/SHA-256 max plaintext (318B) for a 3072-bit key,3072,1024,72,0.6891181060000235,6.43989999389305e-05
0.00012460300013117376,0.0024748920000092767,384.0,,3072,16,73,0.302966453000181,6.461899988607911e-05
7.779399993523839e-05,0.0024574999999913416,384.0,,3072,32,73,0.302966453000181,6.461899988607911e-05
7.429499987665622e-05,0.0024136219999491004,384.0,,3072,64,73,0.302966453000181,6.461899988607911e-05
6.840499986537907e-05,0.0024100519999592507,384.0,,3072,128,73,0.302966453000181,6.461899988607911e-05
6.615600000259292e-05,0.002397984000026554,384.0,,3072,256,73,0.302966453000181,6.461899988607911e-05
,,,message_size=512B exceeds RSA-OAEP/SHA-256 max plaintext (318B) for a 3072-bit key,3072,512,73,0.302966453000181,6.461899988607911e-05
,,,message_size=1024B exceeds RSA-OAEP/SHA-256 max plaintext (318B) for a 3072-bit key,3072,1024,73,0.302966453000181,6.461899988607911e-05
7.184000014603953e-05,0.002455165999890596,384.0,,3072,16,74,0.12613442200017744,6.0266999980740366e-05
7.517899985032273e-05,0.0024327910000465636,384.0,,3072,32,74,0.12613442200017744,6.0266999980740366e-05
7.514999992963567e-05,0.00239859700013767,384.0,,3072,64,74,0.12613442200017744,6.0266999980740366e-05
6.511600008707319e-05,0.0023928959999466315,384.0,,3072,128,74,0.12613442200017744,6.0266999980740366e-05
6.456899996010179e-05,0.0024215280000134953,384.0,,3072,256,74,0.12613442200017744,6.0266999980740366e-05
,,,message_size=512B exceeds RSA-OAEP/SHA-256 max plaintext (318B) for a 3072-bit key,3072,512,74,0.12613442200017744,6.0266999980740366e-05
,,,message_size=1024B exceeds RSA-OAEP/SHA-256 max plaintext (318B) for a 3072-bit key,3072,1024,74,0.12613442200017744,6.0266999980740366e-05
6.997099990257993e-05,0.0024115419998906873,384.0,,3072,16,75,0.1769752260001951,8.015699995667092e-05
6.595100012418698e-05,0.002406219000022247,384.0,,3072,32,75,0.1769752260001951,8.015699995667092e-05
6.640599985985318e-05,0.0024580770000284247,384.0,,3072,64,75,0.1769752260001951,8.015699995667092e-05
7.483500007765542e-05,0.0025056869999389164,384.0,,3072,128,75,0.1769752260001951,8.015699995667092e-05
8.247000005212612e-05,0.0025040079999598674,384.0,,3072,256,75,0.1769752260001951,8.015699995667092e-05
,,,message_size=512B exceeds RSA-OAEP/SHA-256 max plaintext (318B) for a 3072-bit key,3072,512,75,0.1769752260001951,8.015699995667092e-05
,,,message_size=1024B exceeds RSA-OAEP/SHA-256 max plaintext (318B) for a 3072-bit key,3072,1024,75,0.1769752260001951,8.015699995667092e-05
7.647600000382226e-05,0.002543284000012136,384.0,,3072,16,76,0.24510729000007814,6.376999999702093e-05
0.00010186999998040847,0.0024683960000402294,384.0,,3072,32,76,0.24510729000007814,6.376999999702093e-05
7.793199984007515e-05,0.002428412000199387,384.0,,3072,64,76,0.24510729000007814,6.376999999702093e-05
6.645600001320418e-05,0.002399664999984452,384.0,,3072,128,76,0.24510729000007814,6.376999999702093e-05
6.600500000786269e-05,0.002411130999917077,384.0,,3072,256,76,0.24510729000007814,6.376999999702093e-05
,,,message_size=512B exceeds RSA-OAEP/SHA-256 max plaintext (318B) for a 3072-bit key,3072,512,76,0.24510729000007814,6.376999999702093e-05
,,,message_size=1024B exceeds RSA-OAEP/SHA-256 max plaintext (318B) for a 3072-bit key,3072,1024,76,0.24510729000007814,6.376999999702093e-05
6.895699993947346e-05,0.0023993990000690246,384.0,,3072,16,77,0.4032110800001192,6.0449000102380523e-05
6.654000003436522e-05,0.0024184369999602495,384.0,,3072,32,77,0.4032110800001192,6.0449000102380523e-05
7.822599991413881e-05,0.002447493000090617,384.0,,3072,64,77,0.4032110800001192,6.0449000102380523e-05
7.387700020444754e-05,0.002410897999880035,384.0,,3072,128,77,0.4032110800001192,6.0449000102380523e-05
6.591800001842785e-05,0.0024997430000439635,384.0,,3072,256,77,0.4032110800001192,6.0449000102380523e-05
,,,message_size=512B exceeds RSA-OAEP/SHA-256 max plaintext (318B) for a 3072-bit key,3072,512,77,0.4032110800001192,6.0449000102380523e-05
,,,message_size=1024B exceeds RSA-OAEP/SHA-256 max plaintext (318B) for a 3072-bit key,3072,1024,77,0.4032110800001192,6.0449000102380523e-05
8.808600000520528e-05,0.0024441560001378093,384.0,,3072,16,78,0.0736164159998225,6.504799989670573e-05
7.10330000401882e-05,0.0026313529999697494,384.0,,3072,32,78,0.0736164159998225,6.504799989670573e-05
0.00010596299989629188,0.0024379079998197994,384.0,,3072,64,78,0.0736164159998225,6.504799989670573e-05
6.991700001890422e-05,0.0024591230001078657,384.0,,3072,128,78,0.0736164159998225,6.504799989670573e-05
7.063099997139943e-05,0.002751880000005258,384.0,,3072,256,78,0.0736164159998225,6.504799989670573e-05
,,,message_size=512B exceeds RSA-OAEP/SHA-256 max plaintext (318B) for a 3072-bit key,3072,512,78,0.0736164159998225,6.504799989670573e-05
,,,message_size=1024B exceeds RSA-OAEP/SHA-256 max plaintext (318B) for a 3072-bit key,3072,1024,78,0.0736164159998225,6.504799989670573e-05
7.716000004620582e-05,0.002417045000129292,384.0,,3072,16,79,0.09493480400010412,6.48989998808247e-05
6.69959999868297e-05,0.0024077190000753035,384.0,,3072,32,79,0.09493480400010412,6.48989998808247e-05
6.514999995488324e-05,0.002471057999855475,384.0,,3072,64,79,0.09493480400010412,6.48989998808247e-05
7.249600002978696e-05,0.0031367670001145598,384.0,,3072,128,79,0.09493480400010412,6.48989998808247e-05
0.00016675799997756258,0.003907289000153469,384.0,,3072,256,79,0.09493480400010412,6.48989998808247e-05
,,,message_size=512B exceeds RSA-OAEP/SHA-256 max plaintext (318B) for a 3072-bit key,3072,512,79,0.09493480400010412,6.48989998808247e-05
,,,message_size=1024B exceeds RSA-OAEP/SHA-256 max plaintext (318B) for a 3072-bit key,3072,1024,79,0.09493480400010412,6.48989998808247e-05
7.611299997734022e-05,0.0023874529999829974,384.0,,3072,16,80,0.05102284999998119,6.571199992322363e-05
6.57289999708155e-05,0.0024187230001189164,384.0,,3072,32,80,0.05102284999998119,6.571199992322363e-05
7.239600017783232e-05,0.002454283000133728,384.0,,3072,64,80,0.05102284999998119,6.571199992322363e-05
7.818899985068128e-05,0.0024259419999452803,384.0,,3072,128,80,0.05102284999998119,6.571199992322363e-05
6.885999982841895e-05,0.002404064000074868,384.0,,3072,256,80,0.05102284999998119,6.571199992322363e-05
,,,message_size=512B exceeds RSA-OAEP/SHA-256 max plaintext (318B) for a 3072-bit key,3072,512,80,0.05102284999998119,6.571199992322363e-05
,,,message_size=1024B exceeds RSA-OAEP/SHA-256 max plaintext (318B) for a 3072-bit key,3072,1024,80,0.05102284999998119,6.571199992322363e-05
0.00018468200005372637,0.002542413000128363,384.0,,3072,16,81,0.13596083399988856,0.0001051159999860829
8.729799992579501e-05,0.0024595050001607888,384.0,,3072,32,81,0.13596083399988856,0.0001051159999860829
8.330399987244164e-05,0.002441112000042267,384.0,,3072,64,81,0.13596083399988856,0.0001051159999860829
7.128400011424674e-05,0.002441235000105735,384.0,,3072,128,81,0.13596083399988856,0.0001051159999860829
7.82899999194342e-05,0.0024421020000318094,384.0,,3072,256,81,0.13596083399988856,0.0001051159999860829
,,,message_size=512B exceeds RSA-OAEP/SHA-256 max plaintext (318B) for a 3072-bit key,3072,512,81,0.13596083399988856,0.0001051159999860829
,,,message_size=1024B exceeds RSA-OAEP/SHA-256 max plaintext (318B) for a 3072-bit key,3072,1024,81,0.13596083399988856,0.0001051159999860829
8.327999989887758e-05,0.0024176580000130343,384.0,,3072,16,82,0.46865828799991505,9.323699987362488e-05
6.781999991289922e-05,0.0025267969999731577,384.0,,3072,32,82,0.46865828799991505,9.323699987362488e-05
8.760299988352926e-05,0.002419352999822877,384.0,,3072,64,82,0.46865828799991505,9.323699987362488e-05
6.767400009266566e-05,0.002420693999965806,384.0,,3072,128,82,0.46865828799991505,9.323699987362488e-05
6.593300008717051e-05,0.0023914180001156637,384.0,,3072,256,82,0.46865828799991505,9.323699987362488e-05
,,,message_size=512B exceeds RSA-OAEP/SHA-256 max plaintext (318B) for a 3072-bit key,3072,512,82,0.46865828799991505,9.323699987362488e-05
,,,message_size=1024B exceeds RSA-OAEP/SHA-256 max plaintext (318B) for a 3072-bit key,3072,1024,82,0.46865828799991505,9.323699987362488e-05
7.204799999271927e-05,0.0024604390000604326,384.0,,3072,16,83,0.16099934299995766,8.066500004133559e-05
8.081100008894282e-05,0.0024237689999608847,384.0,,3072,32,83,0.16099934299995766,8.066500004133559e-05
6.709500007673341e-05,0.002439137000010305,384.0,,3072,64,83,0.16099934299995766,8.066500004133559e-05
7.211599995571305e-05,0.0024248879999504425,384.0,,3072,128,83,0.16099934299995766,8.066500004133559e-05
6.63349999285856e-05,0.002405575000011595,384.0,,3072,256,83,0.16099934299995766,8.066500004133559e-05
,,,message_size=512B exceeds RSA-OAEP/SHA-256 max plaintext (318B) for a 3072-bit key,3072,512,83,0.16099934299995766,8.066500004133559e-05
,,,message_size=1024B exceeds RSA-OAEP/SHA-256 max plaintext (318B) for a 3072-bit key,3072,1024,83,0.16099934299995766,8.066500004133559e-05
7.914799994068744e-05,0.0024239110000507935,384.0,,3072,16,84,0.33895251499984624,8.233099993049109e-05
6.829499989180476e-05,0.0024597350000021834,384.0,,3072,32,84,0.33895251499984624,8.233099993049109e-05
7.295399996110064e-05,0.002399190999994971,384.0,,3072,64,84,0.33895251499984624,8.233099993049109e-05
6.490000009762298e-05,0.0024327040000571287,384.0,,3072,128,84,0.33895251499984624,8.233099993049109e-05
7.171199990807509e-05,0.002535149999857822,384.0,,3072,256,84,0.33895251499984624,8.233099993049109e-05
,,,message_size=512B exceeds RSA-OAEP/SHA-256 max plaintext (318B) for a 3072-bit key,3072,512,84,0.33895251499984624,8.233099993049109e-05
,,,message_size=1024B exceeds RSA-OAEP/SHA-256 max plaintext (318B) for a 3072-bit key,3072,1024,84,0.33895251499984624,8.233099993049109e-05
7.125199999791221e-05,0.0024545080000279995,384.0,,3072,16,85,0.1283652140000413,8.479300004182733e-05
7.179999988693453e-05,0.0024160289999599627,384.0,,3072,32,85,0.1283652140000413,8.479300004182733e-05
7.174999996095721e-05,0.0023963200001162477,384.0,,3072,64,85,0.1283652140000413,8.479300004182733e-05
7.00989999131707e-05,0.0024269680000088556,384.0,,3072,128,85,0.1283652140000413,8.479300004182733e-05
7.229700008792861e-05,0.0024012320000110776,384.0,,3072,256,85,0.1283652140000413,8.479300004182733e-05
,,,message_size=512B exceeds RSA-OAEP/SHA-256 max plaintext (318B) for a 3072-bit key,3072,512,85,0.1283652140000413,8.479300004182733e-05
,,,message_size=1024B exceeds RSA-OAEP/SHA-256 max plaintext (318B) for a 3072-bit key,3072,1024,85,0.1283652140000413,8.479300004182733e-05
7.418699988193111e-05,0.0024496139999428124,384.0,,3072,16,86,0.44544528200003697,8.142699994095892e-05
8.299699993585818e-05,0.002381034000109139,384.0,,3072,32,86,0.44544528200003697,8.142699994095892e-05
6.427400012398721e-05,0.0024600300000656716,384.0,,3072,64,86,0.44544528200003697,8.142699994095892e-05
8.146899995153944e-05,0.0024039840000114054,384.0,,3072,128,86,0.44544528200003697,8.142699994095892e-05
6.472399991253042e-05,0.0024355890000151703,384.0,,3072,256,86,0.44544528200003697,8.142699994095892e-05
,,,message_size=512B exceeds RSA-OAEP/SHA-256 max plaintext (318B) for a 3072-bit key,3072,512,86,0.44544528200003697,8.142699994095892e-05
,,,message_size=1024B exceeds RSA-OAEP/SHA-256 max plaintext (318B) for a 3072-bit key,3072,1024,86,0.44544528200003697,8.142699994095892e-05
9.489400008533266e-05,0.0024429070001588116,384.0,,3072,16,87,0.16519680300007167,8.858199998940108e-05
8.263600011559902e-05,0.002393900000015492,384.0,,3072,32,87,0.16519680300007167,8.858199998940108e-05
6.643699998676311e-05,0.002372270000023491,384.0,,3072,64,87,0.16519680300007167,8.858199998940108e-05
6.493599994428223e-05,0.002422534000061205,384.0,,3072,128,87,0.16519680300007167,8.858199998940108e-05
6.895599995004886e-05,0.002404923000085546,384.0,,3072,256,87,0.16519680300007167,8.858199998940108e-05
,,,message_size=512B exceeds RSA-OAEP/SHA-256 max plaintext (318B) for a 3072-bit key,3072,512,87,0.16519680300007167,8.858199998940108e-05
,,,message_size=1024B exceeds RSA-OAEP/SHA-256 max plaintext (318B) for a 3072-bit key,3072,1024,87,0.16519680300007167,8.858199998940108e-05
0.00020617999985006463,0.004600635999850056,384.0,,3072,16,88,0.48356996500001515,0.00010122799994860543
0.0001747580001847382,0.004372591999981523,384.0,,3072,32,88,0.48356996500001515,0.00010122799994860543
0.0001592200001141464,0.004423458000019309,384.0,,3072,64,88,0.48356996500001515,0.00010122799994860543
0.00015217999998640153,0.004346868999846265,384.0,,3072,128,88,0.48356996500001515,0.00010122799994860543
0.00014252500000111468,0.003814714000100139,384.0,,3072,256,88,0.48356996500001515,0.00010122799994860543
,,,message_size=512B exceeds RSA-OAEP/SHA-256 max plaintext (318B) for a 3072-bit key,3072,512,88,0.48356996500001515,0.00010122799994860543
,,,message_size=1024B exceeds RSA-OAEP/SHA-256 max plaintext (318B) for a 3072-bit key,3072,1024,88,0.48356996500001515,0.00010122799994860543
0.00019371999997019884,0.00449819599998591,384.0,,3072,16,89,0.6450960729998769,0.00010014500003308058
0.0001658529999986058,0.004395306999867898,384.0,,3072,32,89,0.6450960729998769,0.00010014500003308058
0.0001640279999719496,0.004395250000015949,384.0,,3072,64,89,0.6450960729998769,0.00010014500003308058
0.00014567500011253287,0.004327729999886287,384.0,,3072,128,89,0.6450960729998769,0.00010014500003308058
0.00014592799993806693,0.004332899000019097,384.0,,3072,256,89,0.6450960729998769,0.00010014500003308058
,,,message_size=512B exceeds RSA-OAEP/SHA-256 max plaintext (318B) for a 3072-bit key,3072,512,89,0.6450960729998769,0.00010014500003308058
,,,message_size=1024B exceeds RSA-OAEP/SHA-256 max plaintext (318B) for a 3072-bit key,3072,1024,89,0.6450960729998769,0.00010014500003308058
0.000160989000050904,0.0044253649998609035,384.0,,3072,16,90,0.2742485050000596,0.00010524100002839987
0.0001654160000725824,0.004311971999868547,384.0,,3072,32,90,0.2742485050000596,0.00010524100002839987
0.00014582299991161563,0.004296705000115253,384.0,,3072,64,90,0.2742485050000596,0.00010524100002839987
0.00013485799991030945,0.004316853999853265,384.0,,3072,128,90,0.2742485050000596,0.00010524100002839987
0.00014511900008074008,0.00424910199990336,384.0,,3072,256,90,0.2742485050000596,0.00010524100002839987
,,,message_size=512B exceeds RSA-OAEP/SHA-256 max plaintext (318B) for a 3072-bit key,3072,512,90,0.2742485050000596,0.00010524100002839987
,,,message_size=1024B exceeds RSA-OAEP/SHA-256 max plaintext (318B) for a 3072-bit key,3072,1024,90,0.2742485050000596,0.00010524100002839987
0.0009478000001763576,0.005840462000151092,384.0,,3072,16,91,0.19423839499995665,0.00010210100003860134
0.00017314199999418634,0.007119861999854038,384.0,,3072,32,91,0.19423839499995665,0.00010210100003860134
0.00018447999991622055,0.005976449000172579,384.0,,3072,64,91,0.19423839499995665,0.00010210100003860134
0.000173217000110526,0.005982281999877159,384.0,,3072,128,91,0.19423839499995665,0.00010210100003860134
0.00017073699996217329,0.006163276000052065,384.0,,3072,256,91,0.19423839499995665,0.00010210100003860134
,,,message_size=512B exceeds RSA-OAEP/SHA-256 max plaintext (318B) for a 3072-bit key,3072,512,91,0.19423839499995665,0.00010210100003860134
,,,message_size=1024B exceeds RSA-OAEP/SHA-256 max plaintext (318B) for a 3072-bit key,3072,1024,91,0.19423839499995665,0.00010210100003860134
0.00017329399997834116,0.0038791689999015944,384.0,,3072,16,92,0.6009772080001312,0.00010229800000161049
0.00017782200006877247,0.0038328170001022954,384.0,,3072,32,92,0.6009772080001312,0.00010229800000161049
0.00017049000007318682,0.00391937099993811,384.0,,3072,64,92,0.6009772080001312,0.00010229800000161049
0.00017618299989408115,0.004046016000074815,384.0,,3072,128,92,0.6009772080001312,0.00010229800000161049
0.0001868710000962892,0.005048384000019723,384.0,,3072,256,92,0.6009772080001312,0.00010229800000161049
,,,message_size=512B exceeds RSA-OAEP/SHA-256 max plaintext (318B) for a 3072-bit key,3072,512,92,0.6009772080001312,0.00010229800000161049
,,,message_size=1024B exceeds RSA-OAEP/SHA-256 max plaintext (318B) for a 3072-bit key,3072,1024,92,0.6009772080001312,0.00010229800000161049
0.00018221300001641794,0.004343148000089059,384.0,,3072,16,93,0.12887234499999067,0.00010221500019724772
0.0001641880000988749,0.004434548000062932,384.0,,3072,32,93,0.12887234499999067,0.00010221500019724772
0.00015221000012388686,0.004345111000020552,384.0,,3072,64,93,0.12887234499999067,0.00010221500019724772
0.00015146199984883424,0.004354172999910588,384.0,,3072,128,93,0.12887234499999067,0.00010221500019724772
0.00013468299994201516,0.004332728000008501,384.0,,3072,256,93,0.12887234499999067,0.00010221500019724772
,,,message_size=512B exceeds RSA-OAEP/SHA-256 max plaintext (318B) for a 3072-bit key,3072,512,93,0.12887234499999067,0.00010221500019724772
,,,message_size=1024B exceeds RSA-OAEP/SHA-256 max plaintext (318B) for a 3072-bit key,3072,1024,93,0.12887234499999067,0.00010221500019724772
0.0002126779997979611,0.004027218000146604,384.0,,3072,16,94,0.04277937400001974,9.539300003780227e-05
0.00020800299989787163,0.003976667000188172,384.0,,3072,32,94,0.04277937400001974,9.539300003780227e-05
0.00017585199998393364,0.004266416000064055,384.0,,3072,64,94,0.04277937400001974,9.539300003780227e-05
0.00018553799986875674,0.004270327000085672,384.0,,3072,128,94,0.04277937400001974,9.539300003780227e-05
0.000135322999994969,0.004233728000144765,384.0,,3072,256,94,0.04277937400001974,9.539300003780227e-05
,,,message_size=512B exceeds RSA-OAEP/SHA-256 max plaintext (318B) for a 3072-bit key,3072,512,94,0.04277937400001974,9.539300003780227e-05
,,,message_size=1024B exceeds RSA-OAEP/SHA-256 max plaintext (318B) for a 3072-bit key,3072,1024,94,0.04277937400001974,9.539300003780227e-05
0.00020017799988636398,0.004207685000210404,384.0,,3072,16,95,0.6222859179999887,0.00010800299992297369
0.0001795279999896593,0.004302093999967838,384.0,,3072,32,95,0.6222859179999887,0.00010800299992297369
0.0001583860000664572,0.00391622499978439,384.0,,3072,64,95,0.6222859179999887,0.00010800299992297369
0.00017951199993149203,0.004107851999833656,384.0,,3072,128,95,0.6222859179999887,0.00010800299992297369
0.0001705679999304266,0.0041613979999510775,384.0,,3072,256,95,0.6222859179999887,0.00010800299992297369
,,,message_size=512B exceeds RSA-OAEP/SHA-256 max plaintext (318B) for a 3072-bit key,3072,512,95,0.6222859179999887,0.00010800299992297369
,,,message_size=1024B exceeds RSA-OAEP/SHA-256 max plaintext (318B) for a 3072-bit key,3072,1024,95,0.6222859179999887,0.00010800299992297369
0.00016954199986685126,0.0024658899999394635,384.0,,3072,16,96,0.32771771200009425,9.876800004349207e-05
8.228199999393837e-05,0.002630209000017203,384.0,,3072,32,96,0.32771771200009425,9.876800004349207e-05
0.0001412290000644134,0.0024461210000481515,384.0,,3072,64,96,0.32771771200009425,9.876800004349207e-05
7.113899982869043e-05,0.0024635710001348343,384.0,,3072,128,96,0.32771771200009425,9.876800004349207e-05
8.369100009986141e-05,0.0024183139998967818,384.0,,3072,256,96,0.32771771200009425,9.876800004349207e-05
,,,message_size=512B exceeds RSA-OAEP/SHA-256 max plaintext (318B) for a 3072-bit key,3072,512,96,0.32771771200009425,9.876800004349207e-05
,,,message_size=1024B exceeds RSA-OAEP/SHA-256 max plaintext (318B) for a 3072-bit key,3072,1024,96,0.32771771200009425,9.876800004349207e-05
7.767500005684269e-05,0.0024280099999032245,384.0,,3072,16,97,0.26050229199995556,9.377900005347328e-05
7.628699995620991e-05,0.002486436000026515,384.0,,3072,32,97,0.26050229199995556,9.377900005347328e-05
8.65720001002046e-05,0.002448450999963825,384.0,,3072,64,97,0.26050229199995556,9.377900005347328e-05
6.782500008739589e-05,0.002415063999933409,384.0,,3072,128,97,0.26050229199995556,9.377900005347328e-05
6.543999984387483e-05,0.0024218480000399722,384.0,,3072,256,97,0.26050229199995556,9.377900005347328e-05
,,,message_size=512B exceeds RSA-OAEP/SHA-256 max plaintext (318B) for a 3072-bit key,3072,512,97,0.26050229199995556,9.377900005347328e-05
,,,message_size=1024B exceeds RSA-OAEP/SHA-256 max plaintext (318B) for a 3072-bit key,3072,1024,97,0.26050229199995556,9.377900005347328e-05
0.00011569899993446597,0.0024331769998298114,384.0,,3072,16,98,0.16539084700002604,0.00010023100003309082
6.753699994987983e-05,0.0025523960000555235,384.0,,3072,32,98,0.16539084700002604,0.00010023100003309082
9.499800012235937e-05,0.002454407999948671,384.0,,3072,64,98,0.16539084700002604,0.00010023100003309082
8.224199996220705e-05,0.002439245999994455,384.0,,3072,128,98,0.16539084700002604,0.00010023100003309082
7.347500013565877e-05,0.0024048499999480555,384.0,,3072,256,98,0.16539084700002604,0.00010023100003309082
,,,message_size=512B exceeds RSA-OAEP/SHA-256 max plaintext (318B) for a 3072-bit key,3072,512,98,0.16539084700002604,0.00010023100003309082
,,,message_size=1024B exceeds RSA-OAEP/SHA-256 max plaintext (318B) for a 3072-bit key,3072,1024,98,0.16539084700002604,0.00010023100003309082
8.353099997293612e-05,0.0024411440001586016,384.0,,3072,16,99,0.36619568400010394,8.09870000466617e-05
6.839399998170848e-05,0.0024375180000788532,384.0,,3072,32,99,0.36619568400010394,8.09870000466617e-05
6.761999998161627e-05,0.0024364299999888317,384.0,,3072,64,99,0.36619568400010394,8.09870000466617e-05
6.669200001852005e-05,0.0024094410000543576,384.0,,3072,128,99,0.36619568400010394,8.09870000466617e-05
6.607299997085647e-05,0.002431149000130972,384.0,,3072,256,99,0.36619568400010394,8.09870000466617e-05
,,,message_size=512B exceeds RSA-OAEP/SHA-256 max plaintext (318B) for a 3072-bit key,3072,512,99,0.36619568400010394,8.09870000466617e-05
,,,message_size=1024B exceeds RSA-OAEP/SHA-256 max plaintext (318B) for a 3072-bit key,3072,1024,99,0.36619568400010394,8.09870000466617e-05
0.00010668100003385916,0.00521680900010324,512.0,,4096,16,0,0.9320352629999888,9.497299993199704e-05
0.00012559800006783917,0.005880963999970845,512.0,,4096,32,0,0.9320352629999888,9.497299993199704e-05
0.00018497499991099176,0.005499619999909555,512.0,,4096,64,0,0.9320352629999888,9.497299993199704e-05
0.00019039599987991096,0.005277993999925457,512.0,,4096,128,0,0.9320352629999888,9.497299993199704e-05
0.00012969900012649305,0.005201350000106686,512.0,,4096,256,0,0.9320352629999888,9.497299993199704e-05
,,,message_size=512B exceeds RSA-OAEP/SHA-256 max plaintext (446B) for a 4096-bit key,4096,512,0,0.9320352629999888,9.497299993199704e-05
,,,message_size=1024B exceeds RSA-OAEP/SHA-256 max plaintext (446B) for a 4096-bit key,4096,1024,0,0.9320352629999888,9.497299993199704e-05
0.00011693800001921772,0.005378608000000895,512.0,,4096,16,1,0.9129815139999664,8.290799996757414e-05
0.00019984100003966887,0.005218734999971275,512.0,,4096,32,1,0.9129815139999664,8.290799996757414e-05
0.00011381899980733579,0.005166621999933341,512.0,,4096,64,1,0.9129815139999664,8.290799996757414e-05
0.00010386500002823595,0.005139335999956529,512.0,,4096,128,1,0.9129815139999664,8.290799996757414e-05
9.995200002776983e-05,0.005173271000103341,512.0,,4096,256,1,0.9129815139999664,8.290799996757414e-05
,,,message_size=512B exceeds RSA-OAEP/SHA-256 max plaintext (446B) for a 4096-bit key,4096,512,1,0.9129815139999664,8.290799996757414e-05
,,,message_size=1024B exceeds RSA-OAEP/SHA-256 max plaintext (446B) for a 4096-bit key,4096,1024,1,0.9129815139999664,8.290799996757414e-05
0.00013977100002193765,0.005219052000029478,512.0,,4096,16,2,0.6807213179999962,7.361399980254646e-05
0.00013086900003145274,0.005171383999822865,512.0,,4096,32,2,0.6807213179999962,7.361399980254646e-05
0.00011124999991807272,0.005216748000066218,512.0,,4096,64,2,0.6807213179999962,7.361399980254646e-05
0.00011393899990252976,0.005186201000014989,512.0,,4096,128,2,0.6807213179999962,7.361399980254646e-05
0.00011412399999244371,0.005148913000084576,512.0,,4096,256,2,0.6807213179999962,7.361399980254646e-05
,,,message_size=512B exceeds RSA-OAEP/SHA-256 max plaintext (446B) for a 4096-bit key,4096,512,2,0.6807213179999962,7.361399980254646e-05
,,,message_size=1024B exceeds RSA-OAEP/SHA-256 max plaintext (446B) for a 4096-bit key,4096,1024,2,0.6807213179999962,7.361399980254646e-05
0.00013468499992086436,0.0051269380001031095,512.0,,4096,16,3,0.5277642399998967,6.98720000400499e-05
0.00010723800005507655,0.0051296030001140025,512.0,,4096,32,3,0.5277642399998967,6.98720000400499e-05
9.937599998011137e-05,0.005199130999926638,512.0,,4096,64,3,0.5277642399998967,6.98720000400499e-05
0.00011097800006609759,0.005132861999982197,512.0,,4096,128,3,0.5277642399998967,6.98720000400499e-05
9.882400013339065e-05,0.005152640000005704,512.0,,4096,256,3,0.5277642399998967,6.98720000400499e-05
,,,message_size=512B exceeds RSA-OAEP/SHA-256 max plaintext (446B) for a 4096-bit key,4096,512,3,0.5277642399998967,6.98720000400499e-05
,,,message_size=1024B exceeds RSA-OAEP/SHA-256 max plaintext (446B) for a 4096-bit key,4096,1024,3,0.5277642399998967,6.98720000400499e-05
0.00011915499999304302,0.005178517000103966,512.0,,4096,16,4,0.1717145810000602,7.436999999299587e-05
0.00011502100005600369,0.0051849189999302325,512.0,,4096,32,4,0.1717145810000602,7.436999999299587e-05
0.00011098999993919278,0.0052313859998776024,512.0,,4096,64,4,0.1717145810000602,7.436999999299587e-05
0.00012058399988745805,0.005525334000139992,512.0,,4096,128,4,0.1717145810000602,7.436999999299587e-05
0.00019648500006042013,0.008714199999985794,512.0,,4096,256,4,0.1717145810000602,7.436999999299587e-05
,,,message_size=512B exceeds RSA-OAEP/SHA-256 max plaintext (446B) for a 4096-bit key,4096,512,4,0.1717145810000602,7.436999999299587e-05
,,,message_size=1024B exceeds RSA-OAEP/SHA-256 max plaintext (446B) for a 4096-bit key,4096,1024,4,0.1717145810000602,7.436999999299587e-05
0.00011669500008792966,0.005216861000008066,512.0,,4096,16,5,1.1554164260001016,7.718599999861908e-05
0.00011860399990837323,0.0055952980001166,512.0,,4096,32,5,1.1554164260001016,7.718599999861908e-05
0.0001911970000492147,0.006292332999919381,512.0,,4096,64,5,1.1554164260001016,7.718599999861908e-05
0.00015001199994912895,0.005240223000100741,512.0,,4096,128,5,1.1554164260001016,7.718599999861908e-05
0.00013019300013183965,0.005347657999891453,512.0,,4096,256,5,1.1554164260001016,7.718599999861908e-05
,,,message_size=512B exceeds RSA-OAEP/SHA-256 max plaintext (446B) for a 4096-bit key,4096,512,5,1.1554164260001016,7.718599999861908e-05
,,,message_size=1024B exceeds RSA-OAEP/SHA-256 max plaintext (446B) for a 4096-bit key,4096,1024,5,1.1554164260001016,7.718599999861908e-05
0.00010383999983787362,0.005406453999967198,512.0,,4096,16,6,0.6044456729998728,6.590300017705886e-05
0.0001531770001292898,0.005365524999888294,512.0,,4096,32,6,0.6044456729998728,6.590300017705886e-05
0.00015679700004511687,0.0052020680000168795,512.0,,4096,64,6,0.6044456729998728,6.590300017705886e-05
0.00011184899994987063,0.005155758000000787,512.0,,4096,128,6,0.6044456729998728,6.590300017705886e-05
0.00011049900012949365,0.005222984000056385,512.0,,4096,256,6,0.6044456729998728,6.590300017705886e-05
,,,message_size=512B exceeds RSA-OAEP/SHA-256 max plaintext (446B) for a 4096-bit key,4096,512,6,0.6044456729998728,6.590300017705886e-05
,,,message_size=1024B exceeds RSA-OAEP/SHA-256 max plaintext (446B) for a 4096-bit key,4096,1024,6,0.6044456729998728,6.590300017705886e-05
0.0001659779998135491,0.005228034000083426,512.0,,4096,16,7,0.2024163190001218,8.11560000784084e-05
0.00012394500004120346,0.00519760099996347,512.0,,4096,32,7,0.2024163190001218,8.11560000784084e-05
0.00010931599990726681,0.005181277000019691,512.0,,4096,64,7,0.2024163190001218,8.11560000784084e-05
0.00011126000003969239,0.0054758169999331585,512.0,,4096,128,7,0.2024163190001218,8.11560000784084e-05
0.00015686599999753525,0.005267724000077578,512.0,,4096,256,7,0.2024163190001218,8.11560000784084e-05
,,,message_size=512B exceeds RSA-OAEP/SHA-256 max plaintext (446B) for a 4096-bit key,4096,512,7,0.2024163190001218,8.11560000784084e-05
,,,message_size=1024B exceeds RSA-OAEP/SHA-256 max plaintext (446B) for a 4096-bit key,4096,1024,7,0.2024163190001218,8.11560000784084e-05
0.0001222680000410037,0.005164625000134038,512.0,,4096,16,8,0.9275639219999903,7.097899992913881e-05
0.00010587700012365531,0.00517489799995019,512.0,,4096,32,8,0.9275639219999903,7.097899992913881e-05
0.00010665199988579843,0.00523023200003081,512.0,,4096,64,8,0.9275639219999903,7.097899992913881e-05
0.00012295400006223645,0.005423097999937454,512.0,,4096,128,8,0.9275639219999903,7.097899992913881e-05
0.0001620979999188421,0.005226671999935206,512.0,,4096,256,8,0.9275639219999903,7.097899992913881e-05
,,,message_size=512B exceeds RSA-OAEP/SHA-256 max plaintext (446B) for a 4096-bit key,4096,512,8,0.9275639219999903,7.097899992913881e-05
,,,message_size=1024B exceeds RSA-OAEP/SHA-256 max plaintext (446B) for a 4096-bit key,4096,1024,8,0.9275639219999903,7.097899992913881e-05
0.00025722199984556937,0.007695839000007254,512.0,,4096,16,9,0.2932995610001399,9.127199996328272e-05
0.00016616499988231226,0.005292560999805573,512.0,,4096,32,9,0.2932995610001399,9.127199996328272e-05
0.00012908300004710327,0.005117371000096682,512.0,,4096,64,9,0.2932995610001399,9.127199996328272e-05
0.00010148499995921156,0.005131066999865652,512.0,,4096,128,9,0.2932995610001399,9.127199996328272e-05
0.00010080600009132468,0.005129389999865452,512.0,,4096,256,9,0.2932995610001399,9.127199996328272e-05
,,,message_size=512B exceeds RSA-OAEP/SHA-256 max plaintext (446B) for a 4096-bit key,4096,512,9,0.2932995610001399,9.127199996328272e-05
,,,message_size=1024B exceeds RSA-OAEP/SHA-256 max plaintext (446B) for a 4096-bit key,4096,1024,9,0.2932995610001399,9.127199996328272e-05
0.0001131479998548457,0.005131384000151229,512.0,,4096,16,10,0.7225534320000406,6.659099994976714e-05
0.00010226299991700216,0.005250476000128401,512.0,,4096,32,10,0.7225534320000406,6.659099994976714e-05
0.00012926199997309595,0.00522375499986083,512.0,,4096,64,10,0.7225534320000406,6.659099994976714e-05
0.00012411100010467635,0.005164355000033538,512.0,,4096,128,10,0.7225534320000406,6.659099994976714e-05
0.00011677099996632023,0.005149484999947163,512.0,,4096,256,10,0.7225534320000406,6.659099994976714e-05
,,,message_size=512B exceeds RSA-OAEP/SHA-256 max plaintext (446B) for a 4096-bit key,4096,512,10,0.7225534320000406,6.659099994976714e-05
,,,message_size=1024B exceeds RSA-OAEP/SHA-256 max plaintext (446B) for a 4096-bit key,4096,1024,10,0.7225534320000406,6.659099994976714e-05
0.00013269300006868434,0.005209364000165806,512.0,,4096,16,11,0.4149550250001539,7.256200001393154e-05
0.00011820100007753354,0.005156168999974398,512.0,,4096,32,11,0.4149550250001539,7.256200001393154e-05
0.00010202499993283709,0.005168486000002304,512.0,,4096,64,11,0.4149550250001539,7.256200001393154e-05
0.00010285000007570488,0.0051571869998952025,512.0,,4096,128,11,0.4149550250001539,7.256200001393154e-05
0.00010636799993335444,0.005154924999942523,512.0,,4096,256,11,0.4149550250001539,7.256200001393154e-05
,,,message_size=512B exceeds RSA-OAEP/SHA-256 max plaintext (446B) for a 4096-bit key,4096,512,11,0.4149550250001539,7.256200001393154e-05
,,,message_size=1024B exceeds RSA-OAEP/SHA-256 max plaintext (446B) for a 4096-bit key,4096,1024,11,0.4149550250001539,7.256200001393154e-05
0.00011516400013533712,0.005122084000049654,512.0,,4096,16,12,0.8968937529998584,6.87140000081854e-05
0.00010152599998036749,0.00513375399987126,512.0,,4096,32,12,0.8968937529998584,6.87140000081854e-05
0.00010888499991779099,0.005123364999917612,512.0,,4096,64,12,0.8968937529998584,6.87140000081854e-05
0.00010495200012883288,0.005149619000121675,512.0,,4096,128,12,0.8968937529998584,6.87140000081854e-05
0.00010773600001812156,0.0052074870000069495,512.0,,4096,256,12,0.8968937529998584,6.87140000081854e-05
,,,message_size=512B exceeds RSA-OAEP/SHA-256 max plaintext (446B) for a 4096-bit key,4096,512,12,0.8968937529998584,6.87140000081854e-05
,,,message_size=1024B exceeds RSA-OAEP/SHA-256 max plaintext (446B) for a 4096-bit key,4096,1024,12,0.8968937529998584,6.87140000081854e-05
0.0002574299999196228,0.009860996000043087,512.0,,4096,16,13,0.9300703629999134,8.867399992595892e-05
0.00025793400004658906,0.009590724999952727,512.0,,4096,32,13,0.9300703629999134,8.867399992595892e-05
0.0002467960000558378,0.009329763000096136,512.0,,4096,64,13,0.9300703629999134,8.867399992595892e-05
0.0002603400000680267,0.009323912000127166,512.0,,4096,128,13,0.9300703629999134,8.867399992595892e-05
0.0002524419999190286,0.009636867999915921,512.0,,4096,256,13,0.9300703629999134,8.867399992595892e-05
,,,message_size=512B exceeds RSA-OAEP/SHA-256 max plaintext (446B) for a 4096-bit key,4096,512,13,0.9300703629999134,8.867399992595892e-05
,,,message_size=1024B exceeds RSA-OAEP/SHA-256 max plaintext (446B) for a 4096-bit key,4096,1024,13,0.9300703629999134,8.867399992595892e-05
0.0002703089999158692,0.011579755999946428,512.0,,4096,16,14,1.1275609350000195,0.00011598900005083124
0.0002643860000262066,0.008535670000128448,512.0,,4096,32,14,1.1275609350000195,0.00011598900005083124
0.0002667549999841867,0.006515306999972381,512.0,,4096,64,14,1.1275609350000195,0.00011598900005083124
0.0002947600000879902,0.008828772000015306,512.0,,4096,128,14,1.1275609350000195,0.00011598900005083124
0.00025384600007782865,0.00839052899982562,512.0,,4096,256,14,1.1275609350000195,0.00011598900005083124
,,,message_size=512B exceeds RSA-OAEP/SHA-256 max plaintext (446B) for a 4096-bit key,4096,512,14,1.1275609350000195,0.00011598900005083124
,,,message_size=1024B exceeds RSA-OAEP/SHA-256 max plaintext (446B) for a 4096-bit key,4096,1024,14,1.1275609350000195,0.00011598900005083124
0.000289219000023877,0.009932862999903591,512.0,,4096,16,15,0.28182657999991534,0.00012064999987160263
0.0002853599999070866,0.009347790999981953,512.0,,4096,32,15,0.28182657999991534,0.00012064999987160263
0.0002554929999405431,0.010845698000139237,512.0,,4096,64,15,0.28182657999991534,0.00012064999987160263
0.000259798000115552,0.007049076000157584,512.0,,4096,128,15,0.28182657999991534,0.00012064999987160263
0.00021496999988812604,0.008800311000186412,512.0,,4096,256,15,0.28182657999991534,0.00012064999987160263
,,,message_size=512B exceeds RSA-OAEP/SHA-256 max plaintext (446B) for a 4096-bit key,4096,512,15,0.28182657999991534,0.00012064999987160263
,,,message_size=1024B exceeds RSA-OAEP/SHA-256 max plaintext (446B) for a 4096-bit key,4096,1024,15,0.28182657999991534,0.00012064999987160263
0.00011149000010846066,0.005144276000009995,512.0,,4096,16,16,1.1154666949998955,9.186800002680684e-05
0.00010544099995968281,0.005123658999991676,512.0,,4096,32,16,1.1154666949998955,9.186800002680684e-05
0.0001039510000282462,0.005242070000122112,512.0,,4096,64,16,1.1154666949998955,9.186800002680684e-05
0.0001414119999481045,0.005268411000088236,512.0,,4096,128,16,1.1154666949998955,9.186800002680684e-05
0.00014427999985855422,0.005317798999840306,512.0,,4096,256,16,1.1154666949998955,9.186800002680684e-05
,,,message_size=512B exceeds RSA-OAEP/SHA-256 max plaintext (446B) for a 4096-bit key,4096,512,16,1.1154666949998955,9.186800002680684e-05
,,,message_size=1024B exceeds RSA-OAEP/SHA-256 max plaintext (446B) for a 4096-bit key,4096,1024,16,1.1154666949998955,9.186800002680684e-05
0.00012279199995646195,0.005168009000044549,512.0,,4096,16,17,1.650237622999839,7.980999998835614e-05
0.00010889099985433859,0.005197313000053327,512.0,,4096,32,17,1.650237622999839,7.980999998835614e-05
0.0001222219998453511,0.005198826999958328,512.0,,4096,64,17,1.650237622999839,7.980999998835614e-05
0.00011421799990785075,0.005255946000033873,512.0,,4096,128,17,1.650237622999839,7.980999998835614e-05
0.00011743699997168733,0.00521865800010346,512.0,,4096,256,17,1.650237622999839,7.980999998835614e-05
,,,message_size=512B exceeds RSA-OAEP/SHA-256 max plaintext (446B) for a 4096-bit key,4096,512,17,1.650237622999839,7.980999998835614e-05
,,,message_size=1024B exceeds RSA-OAEP/SHA-256 max plaintext (446B) for a 4096-bit key,4096,1024,17,1.650237622999839,7.980999998835614e-05
0.00011216500001864915,0.0068496619999223185,512.0,,4096,16,18,0.3444259850000435,6.923399996594526e-05
0.000160943999844676,0.005325136999999813,512.0,,4096,32,18,0.3444259850000435,6.923399996594526e-05
0.00015447100008714187,0.005181631000141351,512.0,,4096,64,18,0.3444259850000435,6.923399996594526e-05
0.00010913200003415113,0.005419552999910593,512.0,,4096,128,18,0.3444259850000435,6.923399996594526e-05
0.00015787100005582033,0.005181927999956315,512.0,,4096,256,18,0.3444259850000435,6.923399996594526e-05
,,,message_size=512B exceeds RSA-OAEP/SHA-256 max plaintext (446B) for a 4096-bit key,4096,512,18,0.3444259850000435,6.923399996594526e-05
,,,message_size=1024B exceeds RSA-OAEP/SHA-256 max plaintext (446B) for a 4096-bit key,4096,1024,18,0.3444259850000435,6.923399996594526e-05
0.00019139199980600097,0.00522349499988195,512.0,,4096,16,19,0.7177773329999582,9.168900010081416e-05
0.00013604100013253628,0.0057204239999464335,512.0,,4096,32,19,0.7177773329999582,9.168900010081416e-05
0.00016239899991887796,0.005179010999881939,512.0,,4096,64,19,0.7177773329999582,9.168900010081416e-05
0.00010419599993838347,0.0052003749999585125,512.0,,4096,128,19,0.7177773329999582,9.168900010081416e-05
0.00010349400008635712,0.0052560849999281345,512.0,,4096,256,19,0.7177773329999582,9.168900010081416e-05
,,,message_size=512B exceeds RSA-OAEP/SHA-256 max plaintext (446B) for a 4096-bit key,4096,512,19,0.7177773329999582,9.168900010081416e-05
,,,message_size=1024B exceeds RSA-OAEP/SHA-256 max plaintext (446B) for a 4096-bit key,4096,1024,19,0.7177773329999582,9.168900010081416e-05
0.00013143499995749153,0.005164353000054689,512.0,,4096,16,20,0.8728793050001968,7.988699985617131e-05
0.00010592500007078343,0.005164217999890752,512.0,,4096,32,20,0.8728793050001968,7.988699985617131e-05
0.00010179599985349341,0.0053490130001137,512.0,,4096,64,20,0.8728793050001968,7.988699985617131e-05
0.00017649799997343507,0.006512085999929695,512.0,,4096,128,20,0.8728793050001968,7.988699985617131e-05
0.000174925000010262,0.005269781999913903,512.0,,4096,256,20,0.8728793050001968,7.988699985617131e-05
,,,message_size=512B exceeds RSA-OAEP/SHA-256 max plaintext (446B) for a 4096-bit key,4096,512,20,0.8728793050001968,7.988699985617131e-05
,,,message_size=1024B exceeds RSA-OAEP/SHA-256 max plaintext (446B) for a 4096-bit key,4096,1024,20,0.8728793050001968,7.988699985617131e-05
0.00026824899987332174,0.005632421999962389,512.0,,4096,16,21,0.5094870279999668,8.628799992038694e-05
0.0001939590001711622,0.005182781000030445,512.0,,4096,32,21,0.5094870279999668,8.628799992038694e-05
0.00011155399988638237,0.005141796000089016,512.0,,4096,64,21,0.5094870279999668,8.628799992038694e-05
0.00010645299994394009,0.005229065999856175,512.0,,4096,128,21,0.5094870279999668,8.628799992038694e-05
0.00012615800005733036,0.005189265000126397,512.0,,4096,256,21,0.5094870279999668,8.628799992038694e-05
,,,message_size=512B exceeds RSA-OAEP/SHA-256 max plaintext (446B) for a 4096-bit key,4096,512,21,0.5094870279999668,8.628799992038694e-05
,,,message_size=1024B exceeds RSA-OAEP/SHA-256 max plaintext (446B) for a 4096-bit key,4096,1024,21,0.5094870279999668,8.628799992038694e-05
0.00010903199995482282,0.005110350999984803,512.0,,4096,16,22,0.6612335999998322,8.817699995233852e-05
0.00010093199989569257,0.005164232999959495,512.0,,4096,32,22,0.6612335999998322,8.817699995233852e-05
0.0001090999999178166,0.00519979599994258,512.0,,4096,64,22,0.6612335999998322,8.817699995233852e-05
0.00010901199993895716,0.005125447999944299,512.0,,4096,128,22,0.6612335999998322,8.817699995233852e-05
9.851100003288593e-05,0.0051447589999042975,512.0,,4096,256,22,0.6612335999998322,8.817699995233852e-05
,,,message_size=512B exceeds RSA-OAEP/SHA-256 max plaintext (446B) for a 4096-bit key,4096,512,22,0.6612335999998322,8.817699995233852e-05
,,,message_size=1024B exceeds RSA-OAEP/SHA-256 max plaintext (446B) for a 4096-bit key,4096,1024,22,0.6612335999998322,8.817699995233852e-05
0.00011404399992898107,0.005219673000055991,512.0,,4096,16,23,2.461263956000039,7.66110001677589e-05
0.00011117799999738054,0.005176328000061403,512.0,,4096,32,23,2.461263956000039,7.66110001677589e-05
0.00011629799996626389,0.00513690000002498,512.0,,4096,64,23,2.461263956000039,7.66110001677589e-05
0.00010239399989586673,0.005143502999999328,512.0,,4096,128,23,2.461263956000039,7.66110001677589e-05
0.00010671099994397082,0.005136259999972026,512.0,,4096,256,23,2.461263956000039,7.66110001677589e-05
,,,message_size=512B exceeds RSA-OAEP/SHA-256 max plaintext (446B) for a 4096-bit key,4096,512,23,2.461263956000039,7.66110001677589e-05
,,,message_size=1024B exceeds RSA-OAEP/SHA-256 max plaintext (446B) for a 4096-bit key,4096,1024,23,2.461263956000039,7.66110001677589e-05
0.0001222680000410037,0.0051930919998994796,512.0,,4096,16,24,0.5338764150001225,7.546300003014039e-05
0.00013693699997929798,0.005174199000066437,512.0,,4096,32,24,0.5338764150001225,7.546300003014039e-05
0.00010738800006038218,0.005116692999990846,512.0,,4096,64,24,0.5338764150001225,7.546300003014039e-05
0.00010344299994358153,0.005146826000100191,512.0,,4096,128,24,0.5338764150001225,7.546300003014039e-05
0.0001048449998961587,0.0051165330000912945,512.0,,4096,256,24,0.5338764150001225,7.546300003014039e-05
,,,message_size=512B exceeds RSA-OAEP/SHA-256 max plaintext (446B) for a 4096-bit key,4096,512,24,0.5338764150001225,7.546300003014039e-05
,,,message_size=1024B exceeds RSA-OAEP/SHA-256 max plaintext (446B) for a 4096-bit key,4096,1024,24,0.5338764150001225,7.546300003014039e-05
0.00014416499993785692,0.005365537999978187,512.0,,4096,16,25,0.4351155419999486,7.089700011420064e-05
0.0001587670001299557,0.005179468000051202,512.0,,4096,32,25,0.4351155419999486,7.089700011420064e-05
0.00010716300016611058,0.005133002000093256,512.0,,4096,64,25,0.4351155419999486,7.089700011420064e-05
0.00010734400007095246,0.005197692000137977,512.0,,4096,128,25,0.4351155419999486,7.089700011420064e-05
0.00011503599989737268,0.005143502999999328,512.0,,4096,256,25,0.4351155419999486,7.089700011420064e-05
,,,message_size=512B exceeds RSA-OAEP/SHA-256 max plaintext (446B) for a 4096-bit key,4096,512,25,0.4351155419999486,7.089700011420064e-05
,,,message_size=1024B exceeds RSA-OAEP/SHA-256 max plaintext (446B) for a 4096-bit key,4096,1024,25,0.4351155419999486,7.089700011420064e-05
0.00015345199994953873,0.005177918999834219,512.0,,4096,16,26,0.44159729000011794,8.92959999418963e-05
0.0001146879999396333,0.005289059999995516,512.0,,4096,32,26,0.44159729000011794,8.92959999418963e-05
0.00013650899995809596,0.0052521789998536406,512.0,,4096,64,26,0.44159729000011794,8.92959999418963e-05
0.00012060299991389911,0.005198104999863062,512.0,,4096,128,26,0.44159729000011794,8.92959999418963e-05
0.00011541899993972038,0.00525854900001832,512.0,,4096,256,26,0.44159729000011794,8.92959999418963e-05
,,,message_size=512B exceeds RSA-OAEP/SHA-256 max plaintext (446B) for a 4096-bit key,4096,512,26,0.44159729000011794,8.92959999418963e-05
,,,message_size=1024B exceeds RSA-OAEP/SHA-256 max plaintext (446B) for a 4096-bit key,4096,1024,26,0.44159729000011794,8.92959999418963e-05
0.0002820300001076248,0.009608244999981252,512.0,,4096,16,27,1.4986626139998407,0.00011009099989678361
0.00027674700004354236,0.00966581599982419,512.0,,4096,32,27,1.4986626139998407,0.00011009099989678361
0.0002681959999790706,0.009637407000127496,512.0,,4096,64,27,1.4986626139998407,0.00011009099989678361
0.0002545400000144582,0.009700796000061018,512.0,,4096,128,27,1.4986626139998407,0.00011009099989678361
0.00025140499997178267,0.009625296000194794,512.0,,4096,256,27,1.4986626139998407,0.00011009099989678361
,,,message_size=512B exceeds RSA-OAEP/SHA-256 max plaintext (446B) for a 4096-bit key,4096,512,27,1.4986626139998407,0.00011009099989678361
,,,message_size=1024B exceeds RSA-OAEP/SHA-256 max plaintext (446B) for a 4096-bit key,4096,1024,27,1.4986626139998407,0.00011009099989678361
0.0004248879999977362,0.009706032000167397,512.0,,4096,16,28,1.7987704800000301,0.00011102300004495191
0.00024321799992321758,0.009483017000093241,512.0,,4096,32,28,1.7987704800000301,0.00011102300004495191
0.0002638430000843073,0.008940079000012702,512.0,,4096,64,28,1.7987704800000301,0.00011102300004495191
0.00026214900003651564,0.008618861000059042,512.0,,4096,128,28,1.7987704800000301,0.00011102300004495191
0.00030777999995734717,0.008787462999862328,512.0,,4096,256,28,1.7987704800000301,0.00011102300004495191
,,,message_size=512B exceeds RSA-OAEP/SHA-256 max plaintext (446B) for a 4096-bit key,4096,512,28,1.7987704800000301,0.00011102300004495191
,,,message_size=1024B exceeds RSA-OAEP/SHA-256 max plaintext (446B) for a 4096-bit key,4096,1024,28,1.7987704800000301,0.00011102300004495191
0.00011032199995497649,0.005144467999798508,512.0,,4096,16,29,0.5960648579998633,8.201900004678464e-05
0.00010312099993825541,0.005228522999914276,512.0,,4096,32,29,0.5960648579998633,8.201900004678464e-05
0.00012131199991927133,0.005180102999929659,512.0,,4096,64,29,0.5960648579998633,8.201900004678464e-05
0.00010605199986457592,0.0051413070000307926,512.0,,4096,128,29,0.5960648579998633,8.201900004678464e-05
0.00011058499990213022,0.005454184999962308,512.0,,4096,256,29,0.5960648579998633,8.201900004678464e-05
,,,message_size=512B exceeds RSA-OAEP/SHA-256 max plaintext (446B) for a 4096-bit key,4096,512,29,0.5960648579998633,8.201900004678464e-05
,,,message_size=1024B exceeds RSA-OAEP/SHA-256 max plaintext (446B) for a 4096-bit key,4096,1024,29,0.5960648579998633,8.201900004678464e-05
0.0001233699999829696,0.005168047999859482,512.0,,4096,16,30,0.9043819880000683,8.346300000994233e-05
0.00012706899997283472,0.005197241000132635,512.0,,4096,32,30,0.9043819880000683,8.346300000994233e-05
0.00011472300002424163,0.005162755000128527,512.0,,4096,64,30,0.9043819880000683,8.346300000994233e-05
0.00010818000009749085,0.005156949999900462,512.0,,4096,128,30,0.9043819880000683,8.346300000994233e-05
0.00011149200008730986,0.005374880000090343,512.0,,4096,256,30,0.9043819880000683,8.346300000994233e-05
,,,message_size=512B exceeds RSA-OAEP/SHA-256 max plaintext (446B) for a 4096-bit key,4096,512,30,0.9043819880000683,8.346300000994233e-05
,,,message_size=1024B exceeds RSA-OAEP/SHA-256 max plaintext (446B) for a 4096-bit key,4096,1024,30,0.9043819880000683,8.346300000994233e-05
0.00011039800006074074,0.0053075859998443775,512.0,,4096,16,31,1.276843183999972,9.51570000324864e-05
0.00014906199999131786,0.005131492000145954,512.0,,4096,32,31,1.276843183999972,9.51570000324864e-05
0.00010032499994849786,0.005157741999937571,512.0,,4096,64,31,1.276843183999972,9.51570000324864e-05
0.00010349300009693252,0.005145558000094752,512.0,,4096,128,31,1.276843183999972,9.51570000324864e-05
0.00010164399986933859,0.005204008999953658,512.0,,4096,256,31,1.276843183999972,9.51570000324864e-05
,,,message_size=512B exceeds RSA-OAEP/SHA-256 max plaintext (446B) for a 4096-bit key,4096,512,31,1.276843183999972,9.51570000324864e-05
,,,message_size=1024B exceeds RSA-OAEP/SHA-256 max plaintext (446B) for a 4096-bit key,4096,1024,31,1.276843183999972,9.51570000324864e-05
0.00021399900015239837,0.0056457369998952345,512.0,,4096,16,32,0.5915514929999972,8.889899982023053e-05
0.00028146499994363694,0.005710491000172624,512.0,,4096,32,32,0.5915514929999972,8.889899982023053e-05
0.00020638699993469345,0.005421684999873833,512.0,,4096,64,32,0.5915514929999972,8.889899982023053e-05
0.00017521400013720267,0.005567772999938825,512.0,,4096,128,32,0.5915514929999972,8.889899982023053e-05
0.00020112499987590127,0.0055908229999204195,512.0,,4096,256,32,0.5915514929999972,8.889899982023053e-05
,,,message_size=512B exceeds RSA-OAEP/SHA-256 max plaintext (446B) for a 4096-bit key,4096,512,32,0.5915514929999972,8.889899982023053e-05
,,,message_size=1024B exceeds RSA-OAEP/SHA-256 max plaintext (446B) for a 4096-bit key,4096,1024,32,0.5915514929999972,8.889899982023053e-05
0.00010675900011847261,0.005144317000031151,512.0,,4096,16,33,1.0815160630002083,8.90119999894523e-05
0.00010711999993873178,0.005145416999994268,512.0,,4096,32,33,1.0815160630002083,8.90119999894523e-05
0.00010404900012872531,0.005199572000037733,512.0,,4096,64,33,1.0815160630002083,8.90119999894523e-05
0.00013037899998380453,0.005125612000028923,512.0,,4096,128,33,1.0815160630002083,8.90119999894523e-05
9.965300000658317e-05,0.0051404319999619474,512.0,,4096,256,33,1.0815160630002083,8.90119999894523e-05
,,,message_size=512B exceeds RSA-OAEP/SHA-256 max plaintext (446B) for a 4096-bit key,4096,512,33,1.0815160630002083,8.90119999894523e-05
,,,message_size=1024B exceeds RSA-OAEP/SHA-256 max plaintext (446B) for a 4096-bit key,4096,1024,33,1.0815160630002083,8.90119999894523e-05
0.00017010400006256532,0.005388171000049624,512.0,,4096,16,34,0.6563112610001554,8.797600003163097e-05
0.00018729699991126836,0.005246458999863535,512.0,,4096,32,34,0.6563112610001554,8.797600003163097e-05
0.00013976099990031798,0.0052393949999895995,512.0,,4096,64,34,0.6563112610001554,8.797600003163097e-05
0.00014043600003788015,0.005140857000014876,512.0,,4096,128,34,0.6563112610001554,8.797600003163097e-05
0.000103949000049397,0.005176902999892263,512.0,,4096,256,34,0.6563112610001554,8.797600003163097e-05
,,,message_size=512B exceeds RSA-OAEP/SHA-256 max plaintext (446B) for a 4096-bit key,4096,512,34,0.6563112610001554,8.797600003163097e-05
,,,message_size=1024B exceeds RSA-OAEP/SHA-256 max plaintext (446B) for a 4096-bit key,4096,1024,34,0.6563112610001554,8.797600003163097e-05
0.0002739209999162995,0.00888710699996409,512.0,,4096,16,35,1.6053810700000213,8.533100003660365e-05
0.0002713039998525346,0.00869853999984116,512.0,,4096,32,35,1.6053810700000213,8.533100003660365e-05
0.0002705269998841686,0.008633637999992061,512.0,,4096,64,35,1.6053810700000213,8.533100003660365e-05
0.0002775360001123772,0.008211245999973471,512.0,,4096,128,35,1.6053810700000213,8.533100003660365e-05
0.00021009500005675363,0.005341382000096928,512.0,,4096,256,35,1.6053810700000213,8.533100003660365e-05
,,,message_size=512B exceeds RSA-OAEP/SHA-256 max plaintext (446B) for a 4096-bit key,4096,512,35,1.6053810700000213,8.533100003660365e-05
,,,message_size=1024B exceeds RSA-OAEP/SHA-256 max plaintext (446B) for a 4096-bit key,4096,1024,35,1.6053810700000213,8.533100003660365e-05
0.00011315899996588996,0.005135429999882035,512.0,,4096,16,36,1.1565804570000182,7.763200005683757e-05
0.00010169200004384038,0.005213471999923058,512.0,,4096,32,36,1.1565804570000182,7.763200005683757e-05
0.00012621899986697827,0.005143292999946425,512.0,,4096,64,36,1.1565804570000182,7.763200005683757e-05
0.00010412900019218796,0.005188008000004629,512.0,,4096,128,36,1.1565804570000182,7.763200005683757e-05
0.00011448800000835035,0.005155547999947885,512.0,,4096,256,36,1.1565804570000182,7.763200005683757e-05
,,,message_size=512B exceeds RSA-OAEP/SHA-256 max plaintext (446B) for a 4096-bit key,4096,512,36,1.1565804570000182,7.763200005683757e-05
,,,message_size=1024B exceeds RSA-OAEP/SHA-256 max plaintext (446B) for a 4096-bit key,4096,1024,36,1.1565804570000182,7.763200005683757e-05
0.0001959049998276896,0.0054789050000181305,512.0,,4096,16,37,0.9336998710000444,9.323499989477568e-05
0.00021038999989286822,0.0052579820001028565,512.0,,4096,32,37,0.9336998710000444,9.323499989477568e-05
0.00012439399984032207,0.0051987899998948706,512.0,,4096,64,37,0.9336998710000444,9.323499989477568e-05
0.00011924600016754994,0.005141439999988506,512.0,,4096,128,37,0.9336998710000444,9.323499989477568e-05
0.00010969999993903912,0.0051301949999924545,512.0,,4096,256,37,0.9336998710000444,9.323499989477568e-05
,,,message_size=512B exceeds RSA-OAEP/SHA-256 max plaintext (446B) for a 4096-bit key,4096,512,37,0.9336998710000444,9.323499989477568e-05
,,,message_size=1024B exceeds RSA-OAEP/SHA-256 max plaintext (446B) for a 4096-bit key,4096,1024,37,0.9336998710000444,9.323499989477568e-05
0.00027486599992698757,0.010032280999894283,512.0,,4096,16,38,2.6071683709999434,0.00012486199989325542
0.0002644319999944855,0.009968199000013556,512.0,,4096,32,38,2.6071683709999434,0.00012486199989325542
0.0002959870000722731,0.009523561000150949,512.0,,4096,64,38,2.6071683709999434,0.00012486199989325542
0.0002555490000304417,0.009336892000192165,512.0,,4096,128,38,2.6071683709999434,0.00012486199989325542
0.00031526499992651225,0.009244565000017246,512.0,,4096,256,38,2.6071683709999434,0.00012486199989325542
,,,message_size=512B exceeds RSA-OAEP/SHA-256 max plaintext (446B) for a 4096-bit key,4096,512,38,2.6071683709999434,0.00012486199989325542
,,,message_size=1024B exceeds RSA-OAEP/SHA-256 max plaintext (446B) for a 4096-bit key,4096,1024,38,2.6071683709999434,0.00012486199989325542
0.0002629450000313227,0.008984322000060274,512.0,,4096,16,39,0.9016540150000765,0.0001162880000720179
0.00027474800003801647,0.008225207999885242,512.0,,4096,32,39,0.9016540150000765,0.0001162880000720179
0.0002521579999665846,0.009331894000069951,512.0,,4096,64,39,0.9016540150000765,0.0001162880000720179
0.0003091329999733716,0.008562799999936033,512.0,,4096,128,39,0.9016540150000765,0.0001162880000720179
0.00036892599996463105,0.008666850000054183,512.0,,4096,256,39,0.9016540150000765,0.0001162880000720179
,,,message_size=512B exceeds RSA-OAEP/SHA-256 max plaintext (446B) for a 4096-bit key,4096,512,39,0.9016540150000765,0.0001162880000720179
,,,message_size=1024B exceeds RSA-OAEP/SHA-256 max plaintext (446B) for a 4096-bit key,4096,1024,39,0.9016540150000765,0.0001162880000720179
0.00011909099998774764,0.005279288999872733,512.0,,4096,16,40,1.4257257340000251,9.290499997405277e-05
0.0001384189999953378,0.005133368999850063,512.0,,4096,32,40,1.4257257340000251,9.290499997405277e-05
0.0001034440001603798,0.005194500000015978,512.0,,4096,64,40,1.4257257340000251,9.290499997405277e-05
0.0001192740000988124,0.005229611000004297,512.0,,4096,128,40,1.4257257340000251,9.290499997405277e-05
0.00012361999984022987,0.005122054999901593,512.0,,4096,256,40,1.4257257340000251,9.290499997405277e-05
,,,message_size=512B exceeds RSA-OAEP/SHA-256 max plaintext (446B) for a 4096-bit key,4096,512,40,1.4257257340000251,9.290499997405277e-05
,,,message_size=1024B exceeds RSA-OAEP/SHA-256 max plaintext (446B) for a 4096-bit key,4096,1024,40,1.4257257340000251,9.290499997405277e-05
0.000166626999998698,0.005287363999968875,512.0,,4096,16,41,0.9155970310000612,8.435200015810551e-05
0.0001465499999540043,0.00517347099980725,512.0,,4096,32,41,0.9155970310000612,8.435200015810551e-05
0.00010633600004439359,0.005125940999960221,512.0,,4096,64,41,0.9155970310000612,8.435200015810551e-05
0.0001108090000343509,0.005179781000151706,512.0,,4096,128,41,0.9155970310000612,8.435200015810551e-05
0.00010505299997021211,0.005174859999897308,512.0,,4096,256,41,0.9155970310000612,8.435200015810551e-05
,,,message_size=512B exceeds RSA-OAEP/SHA-256 max plaintext (446B) for a 4096-bit key,4096,512,41,0.9155970310000612,8.435200015810551e-05
,,,message_size=1024B exceeds RSA-OAEP/SHA-256 max plaintext (446B) for a 4096-bit key,4096,1024,41,0.9155970310000612,8.435200015810551e-05
0.000171617999967566,0.005230018000020209,512.0,,4096,16,42,1.5040426489999845,8.555799990972446e-05
0.00012396199986142165,0.005283930999894437,512.0,,4096,32,42,1.5040426489999845,8.555799990972446e-05
0.00012524799990387692,0.005174943999918469,512.0,,4096,64,42,1.5040426489999845,8.555799990972446e-05
0.00010526200003369013,0.00519024499999432,512.0,,4096,128,42,1.5040426489999845,8.555799990972446e-05
0.00011797100000876526,0.005395501000066361,512.0,,4096,256,42,1.5040426489999845,8.555799990972446e-05
,,,message_size=512B exceeds RSA-OAEP/SHA-256 max plaintext (446B) for a 4096-bit key,4096,512,42,1.5040426489999845,8.555799990972446e-05
,,,message_size=1024B exceeds RSA-OAEP/SHA-256 max plaintext (446B) for a 4096-bit key,4096,1024,42,1.5040426489999845,8.555799990972446e-05
0.00017916799993145105,0.0054684060000909085,512.0,,4096,16,43,0.4258343550000063,9.217299998454109e-05
0.00017064400003619085,0.0052373480000369455,512.0,,4096,32,43,0.4258343550000063,9.217299998454109e-05
0.0001468399998429959,0.005242633000079877,512.0,,4096,64,43,0.4258343550000063,9.217299998454109e-05
0.00012910600003124273,0.005213809999986552,512.0,,4096,128,43,0.4258343550000063,9.217299998454109e-05
0.00012273300012566324,0.005395384000166814,512.0,,4096,256,43,0.4258343550000063,9.217299998454109e-05
,,,message_size=512B exceeds RSA-OAEP/SHA-256 max plaintext (446B) for a 4096-bit key,4096,512,43,0.4258343550000063,9.217299998454109e-05
,,,message_size=1024B exceeds RSA-OAEP/SHA-256 max plaintext (446B) for a 4096-bit key,4096,1024,43,0.4258343550000063,9.217299998454109e-05
0.00013784900011160062,0.005123086000139665,512.0,,4096,16,44,0.9891367129998798,8.589300000494404e-05
0.00010659800000212272,0.005341562000012345,512.0,,4096,32,44,0.9891367129998798,8.589300000494404e-05
0.0001648099998874386,0.0052636769999026,512.0,,4096,64,44,0.9891367129998798,8.589300000494404e-05
0.0001531329999124864,0.005185608999909164,512.0,,4096,128,44,0.9891367129998798,8.589300000494404e-05
0.00013119799996275106,0.005163102000096842,512.0,,4096,256,44,0.9891367129998798,8.589300000494404e-05
,,,message_size=512B exceeds RSA-OAEP/SHA-256 max plaintext (446B) for a 4096-bit key,4096,512,44,0.9891367129998798,8.589300000494404e-05
,,,message_size=1024B exceeds RSA-OAEP/SHA-256 max plaintext (446B) for a 4096-bit key,4096,1024,44,0.9891367129998798,8.589300000494404e-05
0.00012675800007855287,0.005215098000007856,512.0,,4096,16,45,0.783240479999904,8.746900016376458e-05
0.0001232580000305461,0.005130511000061233,512.0,,4096,32,45,0.783240479999904,8.746900016376458e-05
0.00011462800011940999,0.005142130999956862,512.0,,4096,64,45,0.783240479999904,8.746900016376458e-05
0.00010249499996461964,0.00513132800006133,512.0,,4096,128,45,0.783240479999904,8.746900016376458e-05
9.933999990607845e-05,0.005130901000029553,512.0,,4096,256,45,0.783240479999904,8.746900016376458e-05
,,,message_size=512B exceeds RSA-OAEP/SHA-256 max plaintext (446B) for a 4096-bit key,4096,512,45,0.783240479999904,8.746900016376458e-05
,,,message_size=1024B exceeds RSA-OAEP/SHA-256 max plaintext (446B) for a 4096-bit key,4096,1024,45,0.783240479999904,8.746900016376458e-05
0.0001150699999925564,0.005230353000115429,512.0,,4096,16,46,1.0520619890000944,9.195200004796789e-05
0.00012094999988221389,0.005245611999953326,512.0,,4096,32,46,1.0520619890000944,9.195200004796789e-05
0.00012986399997316767,0.005251617000112674,512.0,,4096,64,46,1.0520619890000944,9.195200004796789e-05
0.0001259149998986686,0.005261764000124458,512.0,,4096,128,46,1.0520619890000944,9.195200004796789e-05
0.00012798099987776368,0.0051866670000890736,512.0,,4096,256,46,1.0520619890000944,9.195200004796789e-05
,,,message_size=512B exceeds RSA-OAEP/SHA-256 max plaintext (446B) for a 4096-bit key,4096,512,46,1.0520619890000944,9.195200004796789e-05
,,,message_size=1024B exceeds RSA-OAEP/SHA-256 max plaintext (446B) for a 4096-bit key,4096,1024,46,1.0520619890000944,9.195200004796789e-05
0.00017334799986201688,0.005475521000107619,512.0,,4096,16,47,1.3731804069998361,8.798599992587697e-05
0.00025761000006241375,0.005851043000120626,512.0,,4096,32,47,1.3731804069998361,8.798599992587697e-05
0.00019963500017183833,0.0052978730000177165,512.0,,4096,64,47,1.3731804069998361,8.798599992587697e-05
0.00013457900013236213,0.005120089000001826,512.0,,4096,128,47,1.3731804069998361,8.798599992587697e-05
0.00011049499994442158,0.005236088999936328,512.0,,4096,256,47,1.3731804069998361,8.798599992587697e-05
,,,message_size=512B exceeds RSA-OAEP/SHA-256 max plaintext (446B) for a 4096-bit key,4096,512,47,1.3731804069998361,8.798599992587697e-05
,,,message_size=1024B exceeds RSA-OAEP/SHA-256 max plaintext (446B) for a 4096-bit key,4096,1024,47,1.3731804069998361,8.798599992587697e-05
0.00010994799981745018,0.005119529000012335,512.0,,4096,16,48,0.6576116769999771,8.818299988888612e-05
0.00010259900000164635,0.005142694999904052,512.0,,4096,32,48,0.6576116769999771,8.818299988888612e-05
0.00010700300003918528,0.005233640000142259,512.0,,4096,64,48,0.6576116769999771,8.818299988888612e-05
0.0001309990000208927,0.005180375000009008,512.0,,4096,128,48,0.6576116769999771,8.818299988888612e-05
0.00011095600007138273,0.0051295140001457185,512.0,,4096,256,48,0.6576116769999771,8.818299988888612e-05
,,,message_size=512B exceeds RSA-OAEP/SHA-256 max plaintext (446B) for a 4096-bit key,4096,512,48,0.6576116769999771,8.818299988888612e-05
,,,message_size=1024B exceeds RSA-OAEP/SHA-256 max plaintext (446B) for a 4096-bit key,4096,1024,48,0.6576116769999771,8.818299988888612e-05
0.00011761499990825541,0.005108968000058667,512.0,,4096,16,49,0.7070582530000138,8.670600004734297e-05
0.00011442799996075337,0.0051409940001576615,512.0,,4096,32,49,0.7070582530000138,8.670600004734297e-05
0.00011036500018235529,0.005160034000027736,512.0,,4096,64,49,0.7070582530000138,8.670600004734297e-05
0.0001028950000545592,0.00532073199997285,512.0,,4096,128,49,0.7070582530000138,8.670600004734297e-05
0.00023361900002782932,0.005196664999857603,512.0,,4096,256,49,0.7070582530000138,8.670600004734297e-05
,,,message_size=512B exceeds RSA-OAEP/SHA-256 max plaintext (446B) for a 4096-bit key,4096,512,49,0.7070582530000138,8.670600004734297e-05
,,,message_size=1024B exceeds RSA-OAEP/SHA-256 max plaintext (446B) for a 4096-bit key,4096,1024,49,0.7070582530000138,8.670600004734297e-05
0.0002775579998797184,0.009191336999947453,512.0,,4096,16,50,0.8215503009998883,0.0001085979999970732
0.000272971999947913,0.009220648000109577,512.0,,4096,32,50,0.8215503009998883,0.0001085979999970732
0.00026791100003720203,0.009795937000035337,512.0,,4096,64,50,0.8215503009998883,0.0001085979999970732
0.0002011530000345374,0.009511263000149484,512.0,,4096,128,50,0.8215503009998883,0.0001085979999970732
0.000265101999957551,0.01037959200016303,512.0,,4096,256,50,0.8215503009998883,0.0001085979999970732
,,,message_size=512B exceeds RSA-OAEP/SHA-256 max plaintext (446B) for a 4096-bit key,4096,512,50,0.8215503009998883,0.0001085979999970732
,,,message_size=1024B exceeds RSA-OAEP/SHA-256 max plaintext (446B) for a 4096-bit key,4096,1024,50,0.8215503009998883,0.0001085979999970732
0.00029837300007784506,0.009372567999889725,512.0,,4096,16,51,0.9428665469999942,0.00011596400008784258
0.0002822049998485454,0.00967664299992066,512.0,,4096,32,51,0.9428665469999942,0.00011596400008784258
0.00028409100013959687,0.009340111000028628,512.0,,4096,64,51,0.9428665469999942,0.00011596400008784258
0.0002648240001690283,0.009846880999930363,512.0,,4096,128,51,0.9428665469999942,0.00011596400008784258
0.0002833040000496112,0.009845438000184004,512.0,,4096,256,51,0.9428665469999942,0.00011596400008784258
,,,message_size=512B exceeds RSA-OAEP/SHA-256 max plaintext (446B) for a 4096-bit key,4096,512,51,0.9428665469999942,0.00011596400008784258
,,,message_size=1024B exceeds RSA-OAEP/SHA-256 max plaintext (446B) for a 4096-bit key,4096,1024,51,0.9428665469999942,0.00011596400008784258
0.00025800599996728124,0.008528141000169853,512.0,,4096,16,52,1.721006942000031,0.00011549700002433383
0.00026479999996809056,0.00867911099999219,512.0,,4096,32,52,1.721006942000031,0.00011549700002433383
0.00027989800014438515,0.009298139999827981,512.0,,4096,64,52,1.721006942000031,0.00011549700002433383
0.00028837299987571896,0.009506833999921582,512.0,,4096,128,52,1.721006942000031,0.00011549700002433383
0.00023802099985914538,0.006828451999808749,512.0,,4096,256,52,1.721006942000031,0.00011549700002433383
,,,message_size=512B exceeds RSA-OAEP/SHA-256 max plaintext (446B) for a 4096-bit key,4096,512,52,1.721006942000031,0.00011549700002433383
,,,message_size=1024B exceeds RSA-OAEP/SHA-256 max plaintext (446B) for a 4096-bit key,4096,1024,52,1.721006942000031,0.00011549700002433383
0.00011194800003977434,0.005127408999896943,512.0,,4096,16,53,0.5881725000001552,8.466799999951036e-05
0.0001018509999539674,0.005183325999951194,512.0,,4096,32,53,0.5881725000001552,8.466799999951036e-05
0.00011494999989736243,0.0051043559999470745,512.0,,4096,64,53,0.5881725000001552,8.466799999951036e-05
0.0001010829998904228,0.005138505000104487,512.0,,4096,128,53,0.5881725000001552,8.466799999951036e-05
0.00010533600016060518,0.0051157370000964875,512.0,,4096,256,53,0.5881725000001552,8.466799999951036e-05
,,,message_size=512B exceeds RSA-OAEP/SHA-256 max plaintext (446B) for a 4096-bit key,4096,512,53,0.5881725000001552,8.466799999951036e-05
,,,message_size=1024B exceeds RSA-OAEP/SHA-256 max plaintext (446B) for a 4096-bit key,4096,1024,53,0.5881725000001552,8.466799999951036e-05
0.0001362119999157585,0.005204893000154698,512.0,,4096,16,54,0.3421212009998271,8.781700012150395e-05
0.00012209199985591113,0.0051980729999741015,512.0,,4096,32,54,0.3421212009998271,8.781700012150395e-05
0.00011745599999812839,0.005160603999911473,512.0,,4096,64,54,0.3421212009998271,8.781700012150395e-05
0.00011022000012417266,0.005137274000162506,512.0,,4096,128,54,0.3421212009998271,8.781700012150395e-05
0.00011208900014025858,0.005115833999980168,512.0,,4096,256,54,0.3421212009998271,8.781700012150395e-05
,,,message_size=512B exceeds RSA-OAEP/SHA-256 max plaintext (446B) for a 4096-bit key,4096,512,54,0.3421212009998271,8.781700012150395e-05
,,,message_size=1024B exceeds RSA-OAEP/SHA-256 max plaintext (446B) for a 4096-bit key,4096,1024,54,0.3421212009998271,8.781700012150395e-05
0.00010603399982755946,0.005284347000042544,512.0,,4096,16,55,1.2270959359998415,7.630300001437718e-05
0.00018730600004346343,0.005229093000025387,512.0,,4096,32,55,1.2270959359998415,7.630300001437718e-05
0.00012127400009376288,0.005201697999837052,512.0,,4096,64,55,1.2270959359998415,7.630300001437718e-05
0.00011995900013062055,0.005142986999999266,512.0,,4096,128,55,1.2270959359998415,7.630300001437718e-05
0.00011545000006663031,0.005147047000036764,512.0,,4096,256,55,1.2270959359998415,7.630300001437718e-05
,,,message_size=512B exceeds RSA-OAEP/SHA-256 max plaintext (446B) for a 4096-bit key,4096,512,55,1.2270959359998415,7.630300001437718e-05
,,,message_size=1024B exceeds RSA-OAEP/SHA-256 max plaintext (446B) for a 4096-bit key,4096,1024,55,1.2270959359998415,7.630300001437718e-05
0.00014935699982743245,0.005151462999947398,512.0,,4096,16,56,0.5589968629999476,0.00011337499995534017
0.00010564600006546243,0.005144005000147445,512.0,,4096,32,56,0.5589968629999476,0.00011337499995534017
0.00010391499995421327,0.005231010999978025,512.0,,4096,64,56,0.5589968629999476,0.00011337499995534017
0.00012327600006756256,0.005142025999930411,512.0,,4096,128,56,0.5589968629999476,0.00011337499995534017
0.00010554599998613412,0.005118582000022798,512.0,,4096,256,56,0.5589968629999476,0.00011337499995534017
,,,message_size=512B exceeds RSA-OAEP/SHA-256 max plaintext (446B) for a 4096-bit key,4096,512,56,0.5589968629999476,0.00011337499995534017
,,,message_size=1024B exceeds RSA-OAEP/SHA-256 max plaintext (446B) for a 4096-bit key,4096,1024,56,0.5589968629999476,0.00011337499995534017
0.00012902999992547848,0.005229241000051843,512.0,,4096,16,57,0.06934991599996465,8.207599989873415e-05
0.00013084400006846408,0.00517770900000869,512.0,,4096,32,57,0.06934991599996465,8.207599989873415e-05
0.00010893100011344359,0.005166796999901635,512.0,,4096,64,57,0.06934991599996465,8.207599989873415e-05
0.00010744500013970537,0.005126434999965568,512.0,,4096,128,57,0.06934991599996465,8.207599989873415e-05
0.00010269199992762879,0.005146232000015516,512.0,,4096,256,57,0.06934991599996465,8.207599989873415e-05
,,,message_size=512B exceeds RSA-OAEP/SHA-256 max plaintext (446B) for a 4096-bit key,4096,512,57,0.06934991599996465,8.207599989873415e-05
,,,message_size=1024B exceeds RSA-OAEP/SHA-256 max plaintext (446B) for a 4096-bit key,4096,1024,57,0.06934991599996465,8.207599989873415e-05
0.00017888200000015786,0.0052991579998433735,512.0,,4096,16,58,0.7384077429999252,8.827600004224223e-05
0.00013451799986796686,0.005229684999903839,512.0,,4096,32,58,0.7384077429999252,8.827600004224223e-05
0.00011905199994544091,0.005190143000163516,512.0,,4096,64,58,0.7384077429999252,8.827600004224223e-05
0.00011451199998191441,0.005229103999909057,512.0,,4096,128,58,0.7384077429999252,8.827600004224223e-05
0.00012228399987179728,0.005131204000008438,512.0,,4096,256,58,0.7384077429999252,8.827600004224223e-05
,,,message_size=512B exceeds RSA-OAEP/SHA-256 max plaintext (446B) for a 4096-bit key,4096,512,58,0.7384077429999252,8.827600004224223e-05
,,,message_size=1024B exceeds RSA-OAEP/SHA-256 max plaintext (446B) for a 4096-bit key,4096,1024,58,0.7384077429999252,8.827600004224223e-05
0.00014629699990109657,0.0051265890001559455,512.0,,4096,16,59,0.4526028470002075,8.635199992568232e-05
0.00012788999993063044,0.005116873999895688,512.0,,4096,32,59,0.4526028470002075,8.635199992568232e-05
0.00010726000004979142,0.005430025000123351,512.0,,4096,64,59,0.4526028470002075,8.635199992568232e-05
0.00015079500008141622,0.005214750000050117,512.0,,4096,128,59,0.4526028470002075,8.635199992568232e-05
0.00011465700004009705,0.005176970000093206,512.0,,4096,256,59,0.4526028470002075,8.635199992568232e-05
,,,message_size=512B exceeds RSA-OAEP/SHA-256 max plaintext (446B) for a 4096-bit key,4096,512,59,0.4526028470002075,8.635199992568232e-05
,,,message_size=1024B exceeds RSA-OAEP/SHA-256 max plaintext (446B) for a 4096-bit key,4096,1024,59,0.4526028470002075,8.635199992568232e-05
0.0001504259998910129,0.00516059899996435,512.0,,4096,16,60,2.9690515400000095,8.85249999100779e-05
0.00010988100007125468,0.0051686429999335815,512.0,,4096,32,60,2.9690515400000095,8.85249999100779e-05
0.00011048900000787398,0.005142377000083798,512.0,,4096,64,60,2.9690515400000095,8.85249999100779e-05
0.00010375900001236005,0.005142053000099622,512.0,,4096,128,60,2.9690515400000095,8.85249999100779e-05
0.00010323100013920339,0.00511886999993294,512.0,,4096,256,60,2.9690515400000095,8.85249999100779e-05
,,,message_size=512B exceeds RSA-OAEP/SHA-256 max plaintext (446B) for a 4096-bit key,4096,512,60,2.9690515400000095,8.85249999100779e-05
,,,message_size=1024B exceeds RSA-OAEP/SHA-256 max plaintext (446B) for a 4096-bit key,4096,1024,60,2.9690515400000095,8.85249999100779e-05
0.0001094879999072873,0.005545150999978432,512.0,,4096,16,61,0.5898650619999444,8.245799995165726e-05
0.0002274920000218117,0.006023531999971965,512.0,,4096,32,61,0.5898650619999444,8.245799995165726e-05
0.00016288599999825237,0.0052200089999132615,512.0,,4096,64,61,0.5898650619999444,8.245799995165726e-05
0.00011334100008753012,0.005140802000141775,512.0,,4096,128,61,0.5898650619999444,8.245799995165726e-05
0.0001009580000754795,0.005161012999906234,512.0,,4096,256,61,0.5898650619999444,8.245799995165726e-05
,,,message_size=512B exceeds RSA-OAEP/SHA-256 max plaintext (446B) for a 4096-bit key,4096,512,61,0.5898650619999444,8.245799995165726e-05
,,,message_size=1024B exceeds RSA-OAEP/SHA-256 max plaintext (446B) for a 4096-bit key,4096,1024,61,0.5898650619999444,8.245799995165726e-05
0.00013209100006861263,0.005251812000096834,512.0,,4096,16,62,0.9416432049999912,8.883599980435974e-05
0.00012589799985107675,0.005232846999888352,512.0,,4096,32,62,0.9416432049999912,8.883599980435974e-05
0.00012381299984554062,0.005149092000010569,512.0,,4096,64,62,0.9416432049999912,8.883599980435974e-05
0.00011218800000278861,0.005220815000029688,512.0,,4096,128,62,0.9416432049999912,8.883599980435974e-05
0.00011428499988141994,0.005154601999947772,512.0,,4096,256,62,0.9416432049999912,8.883599980435974e-05
,,,message_size=512B exceeds RSA-OAEP/SHA-256 max plaintext (446B) for a 4096-bit key,4096,512,62,0.9416432049999912,8.883599980435974e-05
,,,message_size=1024B exceeds RSA-OAEP/SHA-256 max plaintext (446B) for a 4096-bit key,4096,1024,62,0.9416432049999912,8.883599980435974e-05
0.0001481609999700595,0.005215947999886339,512.0,,4096,16,63,0.46916124499989564,7.2580000050948e-05
0.00011675299992930377,0.005193414000132179,512.0,,4096,32,63,0.46916124499989564,7.2580000050948e-05
0.00011096399998677953,0.0051791470000353,512.0,,4096,64,63,0.46916124499989564,7.2580000050948e-05
0.00011754000001928944,0.005143403999909424,512.0,,4096,128,63,0.46916124499989564,7.2580000050948e-05
0.00010399899997537432,0.005303140000023632,512.0,,4096,256,63,0.46916124499989564,7.2580000050948e-05
,,,message_size=512B exceeds RSA-OAEP/SHA-256 max plaintext (446B) for a 4096-bit key,4096,512,63,0.46916124499989564,7.2580000050948e-05
,,,message_size=1024B exceeds RSA-OAEP/SHA-256 max plaintext (446B) for a 4096-bit key,4096,1024,63,0.46916124499989564,7.2580000050948e-05
0.00016529699996681302,0.005293259000154649,512.0,,4096,16,64,0.30260483300003216,7.655300009901111e-05
0.00013355700002648518,0.005228147000025274,512.0,,4096,32,64,0.30260483300003216,7.655300009901111e-05
0.00013287799993122462,0.005154692999894905,512.0,,4096,64,64,0.30260483300003216,7.655300009901111e-05
0.00011466299997664464,0.005166890000054991,512.0,,4096,128,64,0.30260483300003216,7.655300009901111e-05
0.00011254800006099686,0.0051320879999821045,512.0,,4096,256,64,0.30260483300003216,7.655300009901111e-05
,,,message_size=512B exceeds RSA-OAEP/SHA-256 max plaintext (446B) for a 4096-bit key,4096,512,64,0.30260483300003216,7.655300009901111e-05
,,,message_size=1024B exceeds RSA-OAEP/SHA-256 max plaintext (446B) for a 4096-bit key,4096,1024,64,0.30260483300003216,7.655300009901111e-05
0.00026712299995779176,0.009663782000188803,512.0,,4096,16,65,2.7648622050000995,0.00011467300009826431
0.00026962000015373633,0.009695205000070928,512.0,,4096,32,65,2.7648622050000995,0.00011467300009826431
0.0002381619999596296,0.009653302000060648,512.0,,4096,64,65,2.7648622050000995,0.00011467300009826431
0.0002450290000979294,0.009726516000000629,512.0,,4096,128,65,2.7648622050000995,0.00011467300009826431
0.00024493099999745027,0.009711058999982924,512.0,,4096,256,65,2.7648622050000995,0.00011467300009826431
,,,message_size=512B exceeds RSA-OAEP/SHA-256 max plaintext (446B) for a 4096-bit key,4096,512,65,2.7648622050000995,0.00011467300009826431
,,,message_size=1024B exceeds RSA-OAEP/SHA-256 max plaintext (446B) for a 4096-bit key,4096,1024,65,2.7648622050000995,0.00011467300009826431
0.0002690459998575534,0.01078717400014284,512.0,,4096,16,66,0.47469258199998876,0.00010641699986990716
0.0002743560000908474,0.009417820000180654,512.0,,4096,32,66,0.47469258199998876,0.00010641699986990716
0.00026818400010597543,0.009352512999839746,512.0,,4096,64,66,0.47469258199998876,0.00010641699986990716
0.00024100000018734136,0.009363285000063115,512.0,,4096,128,66,0.47469258199998876,0.00010641699986990716
0.00025078800013034197,0.009589897000068959,512.0,,4096,256,66,0.47469258199998876,0.00010641699986990716
,,,message_size=512B exceeds RSA-OAEP/SHA-256 max plaintext (446B) for a 4096-bit key,4096,512,66,0.47469258199998876,0.00010641699986990716
,,,message_size=1024B exceeds RSA-OAEP/SHA-256 max plaintext (446B) for a 4096-bit key,4096,1024,66,0.47469258199998876,0.00010641699986990716
0.0001231539999935194,0.005166897999970388,512.0,,4096,16,67,2.551730586000076,7.563200006188708e-05
0.00011902099981853098,0.005135278000125254,512.0,,4096,32,67,2.551730586000076,7.563200006188708e-05
0.00010164699983761238,0.005145943999878,512.0,,4096,64,67,2.551730586000076,7.563200006188708e-05
0.00013815300007991027,0.0052200689999608585,512.0,,4096,128,67,2.551730586000076,7.563200006188708e-05
0.00011449199996604875,0.005182634999982838,512.0,,4096,256,67,2.551730586000076,7.563200006188708e-05
,,,message_size=512B exceeds RSA-OAEP/SHA-256 max plaintext (446B) for a 4096-bit key,4096,512,67,2.551730586000076,7.563200006188708e-05
,,,message_size=1024B exceeds RSA-OAEP/SHA-256 max plaintext (446B) for a 4096-bit key,4096,1024,67,2.551730586000076,7.563200006188708e-05
0.00011585900006139127,0.005128531999844199,512.0,,4096,16,68,0.2879314259998864,6.678800014014996e-05
0.00010166299989577965,0.005149993000031827,512.0,,4096,32,68,0.2879314259998864,6.678800014014996e-05
0.00010765599995465891,0.005295125999964512,512.0,,4096,64,68,0.2879314259998864,6.678800014014996e-05
0.00015316799999709474,0.005157300000064424,512.0,,4096,128,68,0.2879314259998864,6.678800014014996e-05
0.00010623699995448987,0.005227342999887696,512.0,,4096,256,68,0.2879314259998864,6.678800014014996e-05
,,,message_size=512B exceeds RSA-OAEP/SHA-256 max plaintext (446B) for a 4096-bit key,4096,512,68,0.2879314259998864,6.678800014014996e-05
,,,message_size=1024B exceeds RSA-OAEP/SHA-256 max plaintext (446B) for a 4096-bit key,4096,1024,68,0.2879314259998864,6.678800014014996e-05
0.00012043299989272782,0.005180936999977348,512.0,,4096,16,69,0.44250910300002033,6.711000014547608e-05
0.00011073199993916205,0.005182990000093923,512.0,,4096,32,69,0.44250910300002033,6.711000014547608e-05
0.00010952499997074483,0.00516965099996014,512.0,,4096,64,69,0.44250910300002033,6.711000014547608e-05
0.00010745400004452677,0.005196046000037313,512.0,,4096,128,69,0.44250910300002033,6.711000014547608e-05
0.000124475000120583,0.005132299000024432,512.0,,4096,256,69,0.44250910300002033,6.711000014547608e-05
,,,message_size=512B exceeds RSA-OAEP/SHA-256 max plaintext (446B) for a 4096-bit key,4096,512,69,0.44250910300002033,6.711000014547608e-05
,,,message_size=1024B exceeds RSA-OAEP/SHA-256 max plaintext (446B) for a 4096-bit key,4096,1024,69,0.44250910300002033,6.711000014547608e-05
0.00011579700003494509,0.005140974000141796,512.0,,4096,16,70,1.0859724539998297,6.888000007165829e-05
0.00010676800002329401,0.005161519000012049,512.0,,4096,32,70,1.0859724539998297,6.888000007165829e-05
0.00010749200009740889,0.005118737999964651,512.0,,4096,64,70,1.0859724539998297,6.888000007165829e-05
0.00010074600004372769,0.005144878000010067,512.0,,4096,128,70,1.0859724539998297,6.888000007165829e-05
0.000105777000044327,0.005178286000045773,512.0,,4096,256,70,1.0859724539998297,6.888000007165829e-05
,,,message_size=512B exceeds RSA-OAEP/SHA-256 max plaintext (446B) for a 4096-bit key,4096,512,70,1.0859724539998297,6.888000007165829e-05
,,,message_size=1024B exceeds RSA-OAEP/SHA-256 max plaintext (446B) for a 4096-bit key,4096,1024,70,1.0859724539998297,6.888000007165829e-05
0.0001943529998698068,0.005208490000086385,512.0,,4096,16,71,0.44866965500000333,0.00011311100001876184
0.00011384099980205065,0.005152386999952796,512.0,,4096,32,71,0.44866965500000333,0.00011311100001876184
0.00010988700000780227,0.0051090679999106214,512.0,,4096,64,71,0.44866965500000333,0.00011311100001876184
0.00010313699999642267,0.005549659000052998,512.0,,4096,128,71,0.44866965500000333,0.00011311100001876184
0.00020426300011422427,0.005178635999982362,512.0,,4096,256,71,0.44866965500000333,0.00011311100001876184
,,,message_size=512B exceeds RSA-OAEP/SHA-256 max plaintext (446B) for a 4096-bit key,4096,512,71,0.44866965500000333,0.00011311100001876184
,,,message_size=1024B exceeds RSA-OAEP/SHA-256 max plaintext (446B) for a 4096-bit key,4096,1024,71,0.44866965500000333,0.00011311100001876184
0.00019436000002315268,0.00843050299999959,512.0,,4096,16,72,1.1445310409999365,8.893800008991093e-05
0.0002524989999983518,0.008564705000026152,512.0,,4096,32,72,1.1445310409999365,8.893800008991093e-05
0.00027233799983150675,0.008610833999910028,512.0,,4096,64,72,1.1445310409999365,8.893800008991093e-05
0.00027018899982067524,0.008668248000049061,512.0,,4096,128,72,1.1445310409999365,8.893800008991093e-05
0.00027283800000077463,0.005746257000055266,512.0,,4096,256,72,1.1445310409999365,8.893800008991093e-05
,,,message_size=512B exceeds RSA-OAEP/SHA-256 max plaintext (446B) for a 4096-bit key,4096,512,72,1.1445310409999365,8.893800008991093e-05
,,,message_size=1024B exceeds RSA-OAEP/SHA-256 max plaintext (446B) for a 4096-bit key,4096,1024,72,1.1445310409999365,8.893800008991093e-05
0.00013142300008439634,0.006071640000072875,512.0,,4096,16,73,0.44856186900005923,8.346899994648993e-05
0.00016926200009947934,0.006345812000063233,512.0,,4096,32,73,0.44856186900005923,8.346899994648993e-05
0.00018105999993167643,0.005976313000019218,512.0,,4096,64,73,0.44856186900005923,8.346899994648993e-05
0.00027541500003280817,0.005869605000043521,512.0,,4096,128,73,0.44856186900005923,8.346899994648993e-05
0.00018766300013339787,0.005455662000031225,512.0,,4096,256,73,0.44856186900005923,8.346899994648993e-05
,,,message_size=512B exceeds RSA-OAEP/SHA-256 max plaintext (446B) for a 4096-bit key,4096,512,73,0.44856186900005923,8.346899994648993e-05
,,,message_size=1024B exceeds RSA-OAEP/SHA-256 max plaintext (446B) for a 4096-bit key,4096,1024,73,0.44856186900005923,8.346899994648993e-05
0.00023333700005423452,0.0057753610001327615,512.0,,4096,16,74,1.4019378979999146,9.013699991555768e-05
0.00021375799997258582,0.00574075599979551,512.0,,4096,32,74,1.4019378979999146,9.013699991555768e-05
0.00018844800001716067,0.005930139000156487,512.0,,4096,64,74,1.4019378979999146,9.013699991555768e-05
0.00018614499981595145,0.005225653000024977,512.0,,4096,128,74,1.4019378979999146,9.013699991555768e-05
0.00017311600004177308,0.005256533999954627,512.0,,4096,256,74,1.4019378979999146,9.013699991555768e-05
,,,message_size=512B exceeds RSA-OAEP/SHA-256 max plaintext (446B) for a 4096-bit key,4096,512,74,1.4019378979999146,9.013699991555768e-05
,,,message_size=1024B exceeds RSA-OAEP/SHA-256 max plaintext (446B) for a 4096-bit key,4096,1024,74,1.4019378979999146,9.013699991555768e-05
0.00012672299999394454,0.00521686399997634,512.0,,4096,16,75,0.7307751589999043,8.690899994689971e-05
0.00012191700011499051,0.00528580500008502,512.0,,4096,32,75,0.7307751589999043,8.690899994689971e-05
0.0001355449999209668,0.005188809999935984,512.0,,4096,64,75,0.7307751589999043,8.690899994689971e-05
0.00018024600012722658,0.005180209999934959,512.0,,4096,128,75,0.7307751589999043,8.690899994689971e-05
0.00011796799981311779,0.005129843000077017,512.0,,4096,256,75,0.7307751589999043,8.690899994689971e-05
,,,message_size=512B exceeds RSA-OAEP/SHA-256 max plaintext (446B) for a 4096-bit key,4096,512,75,0.7307751589999043,8.690899994689971e-05
,,,message_size=1024B exceeds RSA-OAEP/SHA-256 max plaintext (446B) for a 4096-bit key,4096,1024,75,0.7307751589999043,8.690899994689971e-05
0.00012562699998852622,0.0053867560000071535,512.0,,4096,16,76,0.1712184210000487,8.54190000154631e-05
0.00019863300008182705,0.00519755699997404,512.0,,4096,32,76,0.1712184210000487,8.54190000154631e-05
0.00011316499990243756,0.005348013000002538,512.0,,4096,64,76,0.1712184210000487,8.54190000154631e-05
0.00014580900005967123,0.0055898900000102,512.0,,4096,128,76,0.1712184210000487,8.54190000154631e-05
0.00019338100014465454,0.008539785999801097,512.0,,4096,256,76,0.1712184210000487,8.54190000154631e-05
,,,message_size=512B exceeds RSA-OAEP/SHA-256 max plaintext (446B) for a 4096-bit key,4096,512,76,0.1712184210000487,8.54190000154631e-05
,,,message_size=1024B exceeds RSA-OAEP/SHA-256 max plaintext (446B) for a 4096-bit key,4096,1024,76,0.1712184210000487,8.54190000154631e-05
0.00010567100002845109,0.00524761200017565,512.0,,4096,16,77,0.5956544499999836,8.556500006307033e-05
0.00012522700012596033,0.005426422000027742,512.0,,4096,32,77,0.5956544499999836,8.556500006307033e-05
0.00018122300002687552,0.005260599000166621,512.0,,4096,64,77,0.5956544499999836,8.556500006307033e-05
0.00013057099999969068,0.005174958999987211,512.0,,4096,128,77,0.5956544499999836,8.556500006307033e-05
0.00011117500002910674,0.005123647000118581,512.0,,4096,256,77,0.5956544499999836,8.556500006307033e-05
,,,message_size=512B exceeds RSA-OAEP/SHA-256 max plaintext (446B) for a 4096-bit key,4096,512,77,0.5956544499999836,8.556500006307033e-05
,,,message_size=1024B exceeds RSA-OAEP/SHA-256 max plaintext (446B) for a 4096-bit key,4096,1024,77,0.5956544499999836,8.556500006307033e-05
0.00028046400007042394,0.009388390999902185,512.0,,4096,16,78,1.6442105209998772,0.00011956899993492698
0.0002988360001836554,0.009726129000000583,512.0,,4096,32,78,1.6442105209998772,0.00011956899993492698
0.00027614400005404605,0.009275070999819945,512.0,,4096,64,78,1.6442105209998772,0.00011956899993492698
0.00028560900000229594,0.011211435999939567,512.0,,4096,128,78,1.6442105209998772,0.00011956899993492698
0.00029009000013502373,0.010102303999929063,512.0,,4096,256,78,1.6442105209998772,0.00011956899993492698
,,,message_size=512B exceeds RSA-OAEP/SHA-256 max plaintext (446B) for a 4096-bit key,4096,512,78,1.6442105209998772,0.00011956899993492698
,,,message_size=1024B exceeds RSA-OAEP/SHA-256 max plaintext (446B) for a 4096-bit key,4096,1024,78,1.6442105209998772,0.00011956899993492698
0.00031380900009025936,0.00963045499997861,512.0,,4096,16,79,0.7220119080000131,0.00011227000004510046
0.00025052799992408836,0.009607674999870142,512.0,,4096,32,79,0.7220119080000131,0.00011227000004510046
0.00026114100000995677,0.00968052500002159,512.0,,4096,64,79,0.7220119080000131,0.00011227000004510046
0.00031249100015884324,0.009644530000059603,512.0,,4096,128,79,0.7220119080000131,0.00011227000004510046
0.0002707090000058088,0.009509762999869054,512.0,,4096,256,79,0.7220119080000131,0.00011227000004510046
,,,message_size=512B exceeds RSA-OAEP/SHA-256 max plaintext (446B) for a 4096-bit key,4096,512,79,0.7220119080000131,0.00011227000004510046
,,,message_size=1024B exceeds RSA-OAEP/SHA-256 max plaintext (446B) for a 4096-bit key,4096,1024,79,0.7220119080000131,0.00011227000004510046
0.0002907929999764747,0.009862930000053893,512.0,,4096,16,80,0.6780125529999168,0.00013082300006317382
0.00027630499994302227,0.00877251899987641,512.0,,4096,32,80,0.6780125529999168,0.00013082300006317382
0.0002801000000545173,0.010421800999893094,512.0,,4096,64,80,0.6780125529999168,0.00013082300006317382
0.00029649999987668707,0.00973984000006567,512.0,,4096,128,80,0.6780125529999168,0.00013082300006317382
0.00027171100009582005,0.009635275999926307,512.0,,4096,256,80,0.6780125529999168,0.00013082300006317382
,,,message_size=512B exceeds RSA-OAEP/SHA-256 max plaintext (446B) for a 4096-bit key,4096,512,80,0.6780125529999168,0.00013082300006317382
,,,message_size=1024B exceeds RSA-OAEP/SHA-256 max plaintext (446B) for a 4096-bit key,4096,1024,80,0.6780125529999168,0.00013082300006317382
0.00027266100005363114,0.011371159000191255,512.0,,4096,16,81,0.3713345339999705,0.00011540900004547439
0.00026497399994696025,0.007120393999912267,512.0,,4096,32,81,0.3713345339999705,0.00011540900004547439
0.00020643199991354777,0.00894107400017674,512.0,,4096,64,81,0.3713345339999705,0.00011540900004547439
0.00026972599994223856,0.007964303000107975,512.0,,4096,128,81,0.3713345339999705,0.00011540900004547439
0.0002583779998985847,0.00853274400014925,512.0,,4096,256,81,0.3713345339999705,0.00011540900004547439
,,,message_size=512B exceeds RSA-OAEP/SHA-256 max plaintext (446B) for a 4096-bit key,4096,512,81,0.3713345339999705,0.00011540900004547439
,,,message_size=1024B exceeds RSA-OAEP/SHA-256 max plaintext (446B) for a 4096-bit key,4096,1024,81,0.3713345339999705,0.00011540900004547439
0.00016689499989297474,0.0055321160000403324,512.0,,4096,16,82,0.49530924100008633,9.218900004270836e-05
0.00014337800007524493,0.00525710099987009,512.0,,4096,32,82,0.49530924100008633,9.218900004270836e-05
0.00012700799993581313,0.0051768060000085825,512.0,,4096,64,82,0.49530924100008633,9.218900004270836e-05
0.00010582699997030431,0.005239024000047721,512.0,,4096,128,82,0.49530924100008633,9.218900004270836e-05
0.00012810299995180685,0.005416161000084685,512.0,,4096,256,82,0.49530924100008633,9.218900004270836e-05
,,,message_size=512B exceeds RSA-OAEP/SHA-256 max plaintext (446B) for a 4096-bit key,4096,512,82,0.49530924100008633,9.218900004270836e-05
,,,message_size=1024B exceeds RSA-OAEP/SHA-256 max plaintext (446B) for a 4096-bit key,4096,1024,82,0.49530924100008633,9.218900004270836e-05
0.00012527000012596545,0.005247879000080502,512.0,,4096,16,83,0.5717344009999579,7.436400005644828e-05
0.00012229000003571855,0.005171838000023854,512.0,,4096,32,83,0.5717344009999579,7.436400005644828e-05
0.00010958500001834182,0.005150510000021313,512.0,,4096,64,83,0.5717344009999579,7.436400005644828e-05
0.00010165599996980745,0.005218965000040043,512.0,,4096,128,83,0.5717344009999579,7.436400005644828e-05
0.00014094600010139402,0.005146974999888698,512.0,,4096,256,83,0.5717344009999579,7.436400005644828e-05
,,,message_size=512B exceeds RSA-OAEP/SHA-256 max plaintext (446B) for a 4096-bit key,4096,512,83,0.5717344009999579,7.436400005644828e-05
,,,message_size=1024B exceeds RSA-OAEP/SHA-256 max plaintext (446B) for a 4096-bit key,4096,1024,83,0.5717344009999579,7.436400005644828e-05
0.00017013000001497858,0.0052557409999280935,512.0,,4096,16,84,0.35132570600012514,7.295699992937443e-05
0.00012936899997839646,0.005393571000013253,512.0,,4096,32,84,0.35132570600012514,7.295699992937443e-05
0.0001522519999070937,0.00524648900000102,512.0,,4096,64,84,0.35132570600012514,7.295699992937443e-05
0.00012124299996685295,0.005203783000069961,512.0,,4096,128,84,0.35132570600012514,7.295699992937443e-05
0.00011886700008290063,0.005210967000039091,512.0,,4096,256,84,0.35132570600012514,7.295699992937443e-05
,,,message_size=512B exceeds RSA-OAEP/SHA-256 max plaintext (446B) for a 4096-bit key,4096,512,84,0.35132570600012514,7.295699992937443e-05
,,,message_size=1024B exceeds RSA-OAEP/SHA-256 max plaintext (446B) for a 4096-bit key,4096,1024,84,0.35132570600012514,7.295699992937443e-05
0.00011622399983934883,0.005082805000029111,512.0,,4096,16,85,0.48551641700009895,8.56419999308855e-05
0.00010983799984387588,0.005117976000065028,512.0,,4096,32,85,0.48551641700009895,8.56419999308855e-05
0.00010118300019712478,0.0052064860001337365,512.0,,4096,64,85,0.48551641700009895,8.56419999308855e-05
0.00012968500004717498,0.00514689599981466,512.0,,4096,128,85,0.48551641700009895,8.56419999308855e-05
0.0001130269999976008,0.0051791410000987526,512.0,,4096,256,85,0.48551641700009895,8.56419999308855e-05
,,,message_size=512B exceeds RSA-OAEP/SHA-256 max plaintext (446B) for a 4096-bit key,4096,512,85,0.48551641700009895,8.56419999308855e-05
,,,message_size=1024B exceeds RSA-OAEP/SHA-256 max plaintext (446B) for a 4096-bit key,4096,1024,85,0.48551641700009895,8.56419999308855e-05
0.0001287869999941904,0.005168195999885938,512.0,,4096,16,86,0.9406412880000516,8.934799984672281e-05
0.0001062789999650704,0.005131159000029584,512.0,,4096,32,86,0.9406412880000516,8.934799984672281e-05
0.0001003119998586044,0.005213744999991832,512.0,,4096,64,86,0.9406412880000516,8.934799984672281e-05
0.00011283499998171465,0.005159925000043586,512.0,,4096,128,86,0.9406412880000516,8.934799984672281e-05
0.00010673900010260695,0.005154834999984814,512.0,,4096,256,86,0.9406412880000516,8.934799984672281e-05
,,,message_size=512B exceeds RSA-OAEP/SHA-256 max plaintext (446B) for a 4096-bit key,4096,512,86,0.9406412880000516,8.934799984672281e-05
,,,message_size=1024B exceeds RSA-OAEP/SHA-256 max plaintext (446B) for a 4096-bit key,4096,1024,86,0.9406412880000516,8.934799984672281e-05
0.00013076200002615224,0.005148492999978771,512.0,,4096,16,87,0.6862516119999782,0.00010114100018654426
0.00010280700007569976,0.005579379999971934,512.0,,4096,32,87,0.6862516119999782,0.00010114100018654426
0.0001385230000323645,0.005179953000151727,512.0,,4096,64,87,0.6862516119999782,0.00010114100018654426
0.00010359700013395923,0.0051257090001399774,512.0,,4096,128,87,0.6862516119999782,0.00010114100018654426
0.000101070000027903,0.005135676000008971,512.0,,4096,256,87,0.6862516119999782,0.00010114100018654426
,,,message_size=512B exceeds RSA-OAEP/SHA-256 max plaintext (446B) for a 4096-bit key,4096,512,87,0.6862516119999782,0.00010114100018654426
,,,message_size=1024B exceeds RSA-OAEP/SHA-256 max plaintext (446B) for a 4096-bit key,4096,1024,87,0.6862516119999782,0.00010114100018654426
0.00013566100005846238,0.005135467999934917,512.0,,4096,16,88,0.5890509399998791,6.690799978059658e-05
0.00010144099996978184,0.00600012300014896,512.0,,4096,32,88,0.5890509399998791,6.690799978059658e-05
0.0002174680000734952,0.00883615199995802,512.0,,4096,64,88,0.5890509399998791,6.690799978059658e-05
0.00023525899996457156,0.00886425299995608,512.0,,4096,128,88,0.5890509399998791,6.690799978059658e-05
0.00022937100015951728,0.008800289000191697,512.0,,4096,256,88,0.5890509399998791,6.690799978059658e-05
,,,message_size=512B exceeds RSA-OAEP/SHA-256 max plaintext (446B) for a 4096-bit key,4096,512,88,0.5890509399998791,6.690799978059658e-05
,,,message_size=1024B exceeds RSA-OAEP/SHA-256 max plaintext (446B) for a 4096-bit key,4096,1024,88,0.5890509399998791,6.690799978059658e-05
0.000108326999907149,0.005177818999982264,512.0,,4096,16,89,0.32306239100012135,8.883900000000722e-05
0.00011102100006610272,0.005188837999867246,512.0,,4096,32,89,0.32306239100012135,8.883900000000722e-05
0.00010961099997075507,0.005158950000122786,512.0,,4096,64,89,0.32306239100012135,8.883900000000722e-05
0.00010435000012876117,0.005173710999997638,512.0,,4096,128,89,0.32306239100012135,8.883900000000722e-05
0.00011191800012966269,0.0052253579999614885,512.0,,4096,256,89,0.32306239100012135,8.883900000000722e-05
,,,message_size=512B exceeds RSA-OAEP/SHA-256 max plaintext (446B) for a 4096-bit key,4096,512,89,0.32306239100012135,8.883900000000722e-05
,,,message_size=1024B exceeds RSA-OAEP/SHA-256 max plaintext (446B) for a 4096-bit key,4096,1024,89,0.32306239100012135,8.883900000000722e-05
0.0001131449998865719,0.005185966999988523,512.0,,4096,16,90,0.41689650600005734,8.875299999999697e-05
0.0001184499999453692,0.005133360999934666,512.0,,4096,32,90,0.41689650600005734,8.875299999999697e-05
0.00010195699996984331,0.005128178999939337,512.0,,4096,64,90,0.41689650600005734,8.875299999999697e-05
0.00010061999978461245,0.005483064999907583,512.0,,4096,128,90,0.41689650600005734,8.875299999999697e-05
0.0001805229999263247,0.006062310999823239,512.0,,4096,256,90,0.41689650600005734,8.875299999999697e-05
,,,message_size=512B exceeds RSA-OAEP/SHA-256 max plaintext (446B) for a 4096-bit key,4096,512,90,0.41689650600005734,8.875299999999697e-05
,,,message_size=1024B exceeds RSA-OAEP/SHA-256 max plaintext (446B) for a 4096-bit key,4096,1024,90,0.41689650600005734,8.875299999999697e-05
0.000122322999914104,0.005178395000029923,512.0,,4096,16,91,1.1972818010001447,8.404200002587459e-05
0.00010946199995487405,0.005163408999806052,512.0,,4096,32,91,1.1972818010001447,8.404200002587459e-05
0.00010877599993364129,0.005136767000067266,512.0,,4096,64,91,1.1972818010001447,8.404200002587459e-05
9.953800008588587e-05,0.005189954999877955,512.0,,4096,128,91,1.1972818010001447,8.404200002587459e-05
0.00011780399995586777,0.00576038500003051,512.0,,4096,256,91,1.1972818010001447,8.404200002587459e-05
,,,message_size=512B exceeds RSA-OAEP/SHA-256 max plaintext (446B) for a 4096-bit key,4096,512,91,1.1972818010001447,8.404200002587459e-05
,,,message_size=1024B exceeds RSA-OAEP/SHA-256 max plaintext (446B) for a 4096-bit key,4096,1024,91,1.1972818010001447,8.404200002587459e-05
0.00011559099993974087,0.005287080000016431,512.0,,4096,16,92,0.7726153859998703,7.540600017819088e-05
0.0001336159998572839,0.005257079000102749,512.0,,4096,32,92,0.7726153859998703,7.540600017819088e-05
0.0001343250000900298,0.005166197000107786,512.0,,4096,64,92,0.7726153859998703,7.540600017819088e-05
0.0001234759999988455,0.005180999999993219,512.0,,4096,128,92,0.7726153859998703,7.540600017819088e-05
0.00012074300002495875,0.0053550740001355734,512.0,,4096,256,92,0.7726153859998703,7.540600017819088e-05
,,,message_size=512B exceeds RSA-OAEP/SHA-256 max plaintext (446B) for a 4096-bit key,4096,512,92,0.7726153859998703,7.540600017819088e-05
,,,message_size=1024B exceeds RSA-OAEP/SHA-256 max plaintext (446B) for a 4096-bit key,4096,1024,92,0.7726153859998703,7.540600017819088e-05
0.00011027400000784837,0.005370339999899443,512.0,,4096,16,93,0.562131786000009,7.389399979729205e-05
0.00017981399992095248,0.005251305999991018,512.0,,4096,32,93,0.562131786000009,7.389399979729205e-05
0.00012151299983997887,0.00515736400006972,512.0,,4096,64,93,0.562131786000009,7.389399979729205e-05
0.00011278700003458653,0.005148235999968165,512.0,,4096,128,93,0.562131786000009,7.389399979729205e-05
0.00010830099995473574,0.005186720000210698,512.0,,4096,256,93,0.562131786000009,7.389399979729205e-05
,,,message_size=512B exceeds RSA-OAEP/SHA-256 max plaintext (446B) for a 4096-bit key,4096,512,93,0.562131786000009,7.389399979729205e-05
,,,message_size=1024B exceeds RSA-OAEP/SHA-256 max plaintext (446B) for a 4096-bit key,4096,1024,93,0.562131786000009,7.389399979729205e-05
0.00011436800014053006,0.005148741000084556,512.0,,4096,16,94,0.33883408999986386,6.90569997914281e-05
0.00010211199992227193,0.005155954999963797,512.0,,4096,32,94,0.33883408999986386,6.90569997914281e-05
0.00010541999995439255,0.005181952999919304,512.0,,4096,64,94,0.33883408999986386,6.90569997914281e-05
0.00011454600007709814,0.005383324999911565,512.0,,4096,128,94,0.33883408999986386,6.90569997914281e-05
0.00016202000006160233,0.005183153999951173,512.0,,4096,256,94,0.33883408999986386,6.90569997914281e-05
,,,message_size=512B exceeds RSA-OAEP/SHA-256 max plaintext (446B) for a 4096-bit key,4096,512,94,0.33883408999986386,6.90569997914281e-05
,,,message_size=1024B exceeds RSA-OAEP/SHA-256 max plaintext (446B) for a 4096-bit key,4096,1024,94,0.33883408999986386,6.90569997914281e-05
0.00013018999993619218,0.005132862999971621,512.0,,4096,16,95,0.24969215599980998,6.914699997651041e-05
0.0001154579999820271,0.005159042000059344,512.0,,4096,32,95,0.24969215599980998,6.914699997651041e-05
0.00010632099997565092,0.005187443000068015,512.0,,4096,64,95,0.24969215599980998,6.914699997651041e-05
0.00010827599999174709,0.00516212299999097,512.0,,4096,128,95,0.24969215599980998,6.914699997651041e-05
0.00010149900003852963,0.005475982000007207,512.0,,4096,256,95,0.24969215599980998,6.914699997651041e-05
,,,message_size=512B exceeds RSA-OAEP/SHA-256 max plaintext (446B) for a 4096-bit key,4096,512,95,0.24969215599980998,6.914699997651041e-05
,,,message_size=1024B exceeds RSA-OAEP/SHA-256 max plaintext (446B) for a 4096-bit key,4096,1024,95,0.24969215599980998,6.914699997651041e-05
0.0001296319999255502,0.005202447000101529,512.0,,4096,16,96,0.3814455710000857,6.783399999221729e-05
0.00011462999987088551,0.005149546999973609,512.0,,4096,32,96,0.3814455710000857,6.783399999221729e-05
0.00010580599996501405,0.0051666700001078425,512.0,,4096,64,96,0.3814455710000857,6.783399999221729e-05
0.00011036699993383081,0.005189567999877909,512.0,,4096,128,96,0.3814455710000857,6.783399999221729e-05
0.0001104250000025786,0.0051146400001016445,512.0,,4096,256,96,0.3814455710000857,6.783399999221729e-05
,,,message_size=512B exceeds RSA-OAEP/SHA-256 max plaintext (446B) for a 4096-bit key,4096,512,96,0.3814455710000857,6.783399999221729e-05
,,,message_size=1024B exceeds RSA-OAEP/SHA-256 max plaintext (446B) for a 4096-bit key,4096,1024,96,0.3814455710000857,6.783399999221729e-05
0.00011220999999750347,0.005134450999776163,512.0,,4096,16,97,0.42518121499983863,6.689299993922759e-05
0.00010136399987459299,0.005181003999950917,512.0,,4096,32,97,0.42518121499983863,6.689299993922759e-05
0.00010857199981728627,0.005158212999958778,512.0,,4096,64,97,0.42518121499983863,6.689299993922759e-05
0.00010428800010231498,0.005216735999965749,512.0,,4096,128,97,0.42518121499983863,6.689299993922759e-05
0.00012102400000912894,0.00515225999993163,512.0,,4096,256,97,0.42518121499983863,6.689299993922759e-05
,,,message_size=512B exceeds RSA-OAEP/SHA-256 max plaintext (446B) for a 4096-bit key,4096,512,97,0.42518121499983863,6.689299993922759e-05
,,,message_size=1024B exceeds RSA-OAEP/SHA-256 max plaintext (446B) for a 4096-bit key,4096,1024,97,0.42518121499983863,6.689299993922759e-05
0.00011462600014056079,0.005125719000034223,512.0,,4096,16,98,0.3318288319999283,7.204999997156847e-05
0.00010515600001781422,0.005255102999853989,512.0,,4096,32,98,0.3318288319999283,7.204999997156847e-05
0.00012230299989823834,0.00518972500003656,512.0,,4096,64,98,0.3318288319999283,7.204999997156847e-05
0.00011674400002448238,0.005181692999940424,512.0,,4096,128,98,0.3318288319999283,7.204999997156847e-05
0.00011397899993426108,0.005189499999914915,512.0,,4096,256,98,0.3318288319999283,7.204999997156847e-05
,,,message_size=512B exceeds RSA-OAEP/SHA-256 max plaintext (446B) for a 4096-bit key,4096,512,98,0.3318288319999283,7.204999997156847e-05
,,,message_size=1024B exceeds RSA-OAEP/SHA-256 max plaintext (446B) for a 4096-bit key,4096,1024,98,0.3318288319999283,7.204999997156847e-05
0.00024555100003453845,0.008936048999885315,512.0,,4096,16,99,0.7675472840001021,6.974300004003453e-05
0.00024293399997077358,0.008947630999955436,512.0,,4096,32,99,0.7675472840001021,6.974300004003453e-05
0.00023581199980071688,0.008159205999845653,512.0,,4096,64,99,0.7675472840001021,6.974300004003453e-05
0.0002276099999107828,0.008835894999947413,512.0,,4096,128,99,0.7675472840001021,6.974300004003453e-05
0.00024816199993438204,0.012133785000060016,512.0,,4096,256,99,0.7675472840001021,6.974300004003453e-05
,,,message_size=512B exceeds RSA-OAEP/SHA-256 max plaintext (446B) for a 4096-bit key,4096,512,99,0.7675472840001021,6.974300004003453e-05
,,,message_size=1024B exceeds RSA-OAEP/SHA-256 max plaintext (446B) for a 4096-bit key,4096,1024,99,0.7675472840001021,6.974300004003453e-05
0.00044681899998977315,0.03783943799999179,1024.0,,8192,16,0,9.086474012000053,0.00010928699998657976
0.0004372759999569098,0.037846558999945046,1024.0,,8192,32,0,9.086474012000053,0.00010928699998657976
0.0004912419999527629,0.03758446000006188,1024.0,,8192,64,0,9.086474012000053,0.00010928699998657976
0.0004404250000789034,0.037244080999926155,1024.0,,8192,128,0,9.086474012000053,0.00010928699998657976
0.00037125399990145524,0.03754305999996177,1024.0,,8192,256,0,9.086474012000053,0.00010928699998657976
0.00041140999996969185,0.03732333500011009,1024.0,,8192,512,0,9.086474012000053,0.00010928699998657976
,,,message_size=1024B exceeds RSA-OAEP/SHA-256 max plaintext (958B) for a 8192-bit key,8192,1024,0,9.086474012000053,0.00010928699998657976
0.00041407200001231104,0.03721728400000757,1024.0,,8192,16,1,6.96786588100008,0.0001163900001301954
0.00041189000012309407,0.037868678999984695,1024.0,,8192,32,1,6.96786588100008,0.0001163900001301954
0.00042623499984983937,0.03744189799999731,1024.0,,8192,64,1,6.96786588100008,0.0001163900001301954
0.00040162400000554044,0.0372056999999586,1024.0,,8192,128,1,6.96786588100008,0.0001163900001301954
0.00038180500018825114,0.03785898199998883,1024.0,,8192,256,1,6.96786588100008,0.0001163900001301954
0.00044973800004299846,0.03955962300005922,1024.0,,8192,512,1,6.96786588100008,0.0001163900001301954
,,,message_size=1024B exceeds RSA-OAEP/SHA-256 max plaintext (958B) for a 8192-bit key,8192,1024,1,6.96786588100008,0.0001163900001301954
0.00042508899991844373,0.039537120999966646,1024.0,,8192,16,2,7.31862209399992,0.00010713500000747445
0.00043984600006297114,0.03737284799990448,1024.0,,8192,32,2,7.31862209399992,0.00010713500000747445
0.0004069100000378967,0.037836439999864524,1024.0,,8192,64,2,7.31862209399992,0.00010713500000747445
0.0004627079999863781,0.04118790999996236,1024.0,,8192,128,2,7.31862209399992,0.00010713500000747445
0.0004353919998720812,0.037608281000075294,1024.0,,8192,256,2,7.31862209399992,0.00010713500000747445
0.0004100149999430869,0.05193119499995191,1024.0,,8192,512,2,7.31862209399992,0.00010713500000747445
,,,message_size=1024B exceeds RSA-OAEP/SHA-256 max plaintext (958B) for a 8192-bit key,8192,1024,2,7.31862209399992,0.00010713500000747445
0.0007152089999635791,0.07013244400013718,1024.0,,8192,16,3,16.080432372000132,0.000137634000111575
0.0007209870000224328,0.07027039200011131,1024.0,,8192,32,3,16.080432372000132,0.000137634000111575
0.0007114360000741726,0.06990767399997821,1024.0,,8192,64,3,16.080432372000132,0.000137634000111575
0.0007036330000573798,0.07030483200014714,1024.0,,8192,128,3,16.080432372000132,0.000137634000111575
0.0007309659999918949,0.07015289099990696,1024.0,,8192,256,3,16.080432372000132,0.000137634000111575
0.0007320779998281068,0.07100635100005093,1024.0,,8192,512,3,16.080432372000132,0.000137634000111575
,,,message_size=1024B exceeds RSA-OAEP/SHA-256 max plaintext (958B) for a 8192-bit key,8192,1024,3,16.080432372000132,0.000137634000111575
0.0006732489998739766,0.060131131000161986,1024.0,,8192,16,4,14.898620622999942,0.00013911900009588862
0.0006336430001283588,0.06522192900001755,1024.0,,8192,32,4,14.898620622999942,0.00013911900009588862
0.0004328919999352365,0.07500335600002472,1024.0,,8192,64,4,14.898620622999942,0.00013911900009588862
0.0006446070001402404,0.06164322700010416,1024.0,,8192,128,4,14.898620622999942,0.00013911900009588862
0.0006828079999650072,0.062209049999864874,1024.0,,8192,256,4,14.898620622999942,0.00013911900009588862
0.0006684380000478995,0.06307394100008423,1024.0,,8192,512,4,14.898620622999942,0.00013911900009588862
,,,message_size=1024B exceeds RSA-OAEP/SHA-256 max plaintext (958B) for a 8192-bit key,8192,1024,4,14.898620622999942,0.00013911900009588862
0.00044981999985793664,0.03908286700016106,1024.0,,8192,16,5,4.892576565999889,0.00010706800003390526
0.00044149900008960685,0.03771374399980232,1024.0,,8192,32,5,4.892576565999889,0.00010706800003390526
0.00043906400014748215,0.0377141069998288,1024.0,,8192,64,5,4.892576565999889,0.00010706800003390526
0.0004734080000616814,0.03751484300005359,1024.0,,8192,128,5,4.892576565999889,0.00010706800003390526
0.0004302410000036616,0.03729909599996972,1024.0,,8192,256,5,4.892576565999889,0.00010706800003390526
0.0004076790000908659,0.03739103799989607,1024.0,,8192,512,5,4.892576565999889,0.00010706800003390526
,,,message_size=1024B exceeds RSA-OAEP/SHA-256 max plaintext (958B) for a 8192-bit key,8192,1024,5,4.892576565999889,0.00010706800003390526
0.0003921200000149838,0.04061825499979932,1024.0,,8192,16,6,11.669768632000114,0.00012947400000484777
0.000545222000027934,0.037579151000045385,1024.0,,8192,32,6,11.669768632000114,0.00012947400000484777
0.00042519099997662124,0.039461620000111,1024.0,,8192,64,6,11.669768632000114,0.00012947400000484777
0.00042844000017794315,0.03767889699997795,1024.0,,8192,128,6,11.669768632000114,0.00012947400000484777
0.0004443630000423582,0.037261582999917664,1024.0,,8192,256,6,11.669768632000114,0.00012947400000484777
0.0005378289999953267,0.038321333000112645,1024.0,,8192,512,6,11.669768632000114,0.00012947400000484777
,,,message_size=1024B exceeds RSA-OAEP/SHA-256 max plaintext (958B) for a 8192-bit key,8192,1024,6,11.669768632000114,0.00012947400000484777
0.0004280240000298363,0.03759970600003726,1024.0,,8192,16,7,9.58786021800006,0.00010712300013437925
0.0004132789999857778,0.0378388740000446,1024.0,,8192,32,7,9.58786021800006,0.00010712300013437925
0.0004430229998888535,0.03738618400006999,1024.0,,8192,64,7,9.58786021800006,0.00010712300013437925
0.0003958710001370491,0.04028045099994415,1024.0,,8192,128,7,9.58786021800006,0.00010712300013437925
0.0005132400001457427,0.05373518300007163,1024.0,,8192,256,7,9.58786021800006,0.00010712300013437925
0.00045942099995954777,0.03816740599995683,1024.0,,8192,512,7,9.58786021800006,0.00010712300013437925
,,,message_size=1024B exceeds RSA-OAEP/SHA-256 max plaintext (958B) for a 8192-bit key,8192,1024,7,9.58786021800006,0.00010712300013437925
0.000428914999929475,0.03726757100002942,1024.0,,8192,16,8,3.887318708000066,0.00010360100009165762
0.0003916910000043572,0.037343936999832295,1024.0,,8192,32,8,3.887318708000066,0.00010360100009165762
0.00042069500000252447,0.038551477000055456,1024.0,,8192,64,8,3.887318708000066,0.00010360100009165762
0.0004704739999397134,0.05498630400006732,1024.0,,8192,128,8,3.887318708000066,0.00010360100009165762
0.00042982500008292845,0.03740279199996621,1024.0,,8192,256,8,3.887318708000066,0.00010360100009165762
0.00040172100011659495,0.037263473999928465,1024.0,,8192,512,8,3.887318708000066,0.00010360100009165762
,,,message_size=1024B exceeds RSA-OAEP/SHA-256 max plaintext (958B) for a 8192-bit key,8192,1024,8,3.887318708000066,0.00010360100009165762
0.00044477299979917007,0.03853469699993184,1024.0,,8192,16,9,13.642271139000059,0.00010946699990199704
0.0004920139999740059,0.03976513999987219,1024.0,,8192,32,9,13.642271139000059,0.00010946699990199704
0.0004306820001147571,0.03971834000003582,1024.0,,8192,64,9,13.642271139000059,0.00010946699990199704
0.00043226000002505316,0.03914509000014732,1024.0,,8192,128,9,13.642271139000059,0.00010946699990199704
0.0004328529998929298,0.037552060000052734,1024.0,,8192,256,9,13.642271139000059,0.00010946699990199704
0.00041950299987547623,0.03875355300010597,1024.0,,8192,512,9,13.642271139000059,0.00010946699990199704
,,,message_size=1024B exceeds RSA-OAEP/SHA-256 max plaintext (958B) for a 8192-bit key,8192,1024,9,13.642271139000059,0.00010946699990199704
0.0006938799999716139,0.06680605399992601,1024.0,,8192,16,10,6.447181811000064,0.0001539080001293769
0.0006888710001931031,0.06655398599991713,1024.0,,8192,32,10,6.447181811000064,0.0001539080001293769
0.0006927939998604415,0.06956850999995368,1024.0,,8192,64,10,6.447181811000064,0.0001539080001293769
0.0007171570000537031,0.06281308200004787,1024.0,,8192,128,10,6.447181811000064,0.0001539080001293769
0.00045310400014386687,0.05985338799996498,1024.0,,8192,256,10,6.447181811000064,0.0001539080001293769
0.0006375170000865182,0.06078340500016566,1024.0,,8192,512,10,6.447181811000064,0.0001539080001293769
,,,message_size=1024B exceeds RSA-OAEP/SHA-256 max plaintext (958B) for a 8192-bit key,8192,1024,10,6.447181811000064,0.0001539080001293769
0.00043459199991957576,0.03757082500010256,1024.0,,8192,16,11,4.568649239000024,0.00010602199995446426
0.00042035900014525396,0.038334240000040154,1024.0,,8192,32,11,4.568649239000024,0.00010602199995446426
0.00044235099994693883,0.03795729099988421,1024.0,,8192,64,11,4.568649239000024,0.00010602199995446426
0.00045561599995380675,0.03753871599997183,1024.0,,8192,128,11,4.568649239000024,0.00010602199995446426
0.00042611899993971747,0.03793187900009798,1024.0,,8192,256,11,4.568649239000024,0.00010602199995446426
0.00042941299989252,0.03784861799999817,1024.0,,8192,512,11,4.568649239000024,0.00010602199995446426
,,,message_size=1024B exceeds RSA-OAEP/SHA-256 max plaintext (958B) for a 8192-bit key,8192,1024,11,4.568649239000024,0.00010602199995446426
0.00040068499993139994,0.037712384000087695,1024.0,,8192,16,12,2.777171995000117,0.00010078199989038694
0.00044144700018478034,0.03807215099982386,1024.0,,8192,32,12,2.777171995000117,0.00010078199989038694
0.0004515569999057334,0.038220733999878576,1024.0,,8192,64,12,2.777171995000117,0.00010078199989038694
0.0004599129999860452,0.037531920999981594,1024.0,,8192,128,12,2.777171995000117,0.00010078199989038694
0.0004188979999071307,0.037451563000104215,1024.0,,8192,256,12,2.777171995000117,0.00010078199989038694
0.00041557499980626744,0.040484313999968435,1024.0,,8192,512,12,2.777171995000117,0.00010078199989038694
,,,message_size=1024B exceeds RSA-OAEP/SHA-256 max plaintext (958B) for a 8192-bit key,8192,1024,12,2.777171995000117,0.00010078199989038694
0.0004049619999477727,0.03724436700008482,1024.0,,8192,16,13,2.3870303090000107,0.00010469900007592514
0.000383280999812996,0.03796539500012841,1024.0,,8192,32,13,2.3870303090000107,0.00010469900007592514
0.0004437959998995211,0.03756072700002733,1024.0,,8192,64,13,2.3870303090000107,0.00010469900007592514
0.0004186319999917032,0.03766557299991291,1024.0,,8192,128,13,2.3870303090000107,0.00010469900007592514
0.00042159500003435824,0.037954393000063646,1024.0,,8192,256,13,2.3870303090000107,0.00010469900007592514
0.00044033600011061935,0.043359193999776835,1024.0,,8192,512,13,2.3870303090000107,0.00010469900007592514
,,,message_size=1024B exceeds RSA-OAEP/SHA-256 max plaintext (958B) for a 8192-bit key,8192,1024,13,2.3870303090000107,0.00010469900007592514
0.00041507999981149624,0.037487806000171986,1024.0,,8192,16,14,6.990316403999941,0.00011431900020397734
0.0004136159998324729,0.03720124599999508,1024.0,,8192,32,14,6.990316403999941,0.00011431900020397734
0.0003884339998876385,0.03742016199998943,1024.0,,8192,64,14,6.990316403999941,0.00011431900020397734
0.0004187439999441267,0.03723792999994657,1024.0,,8192,128,14,6.990316403999941,0.00011431900020397734
0.0003739969999969617,0.03833188900011919,1024.0,,8192,256,14,6.990316403999941,0.00011431900020397734
0.0004312790001677058,0.03741107199994076,1024.0,,8192,512,14,6.990316403999941,0.00011431900020397734
,,,message_size=1024B exceeds RSA-OAEP/SHA-256 max plaintext (958B) for a 8192-bit key,8192,1024,14,6.990316403999941,0.00011431900020397734
0.0004345530001046427,0.03743447900001229,1024.0,,8192,16,15,2.699634663000097,0.00010671799986994301
0.0004096679999747721,0.037436832000139475,1024.0,,8192,32,15,2.699634663000097,0.00010671799986994301
0.00042142000006606395,0.03754637899987756,1024.0,,8192,64,15,2.699634663000097,0.00010671799986994301
0.0004375460000574094,0.03753809899990301,1024.0,,8192,128,15,2.699634663000097,0.00010671799986994301
0.00042148799980168405,0.03766327799985447,1024.0,,8192,256,15,2.699634663000097,0.00010671799986994301
0.00043105899999318353,0.03789200400001391,1024.0,,8192,512,15,2.699634663000097,0.00010671799986994301
,,,message_size=1024B exceeds RSA-OAEP/SHA-256 max plaintext (958B) for a 8192-bit key,8192,1024,15,2.699634663000097,0.00010671799986994301
0.00042666500007726427,0.037329919000058,1024.0,,8192,16,16,2.949370512000087,0.00010632700013957219
0.000393685999824811,0.037747052999975494,1024.0,,8192,32,16,2.949370512000087,0.00010632700013957219
0.00046966500008238654,0.039797144999965894,1024.0,,8192,64,16,2.949370512000087,0.00010632700013957219
0.00044482699991021946,0.03728627700002107,1024.0,,8192,128,16,2.949370512000087,0.00010632700013957219
0.00039719599999443744,0.037372876999825166,1024.0,,8192,256,16,2.949370512000087,0.00010632700013957219
0.0004020289998152293,0.037310428999944634,1024.0,,8192,512,16,2.949370512000087,0.00010632700013957219
,,,message_size=1024B exceeds RSA-OAEP/SHA-256 max plaintext (958B) for a 8192-bit key,8192,1024,16,2.949370512000087,0.00010632700013957219
0.0004448069998943538,0.04088003199990453,1024.0,,8192,16,17,9.142841393000026,0.00011258500012445438
0.00045556999998552783,0.03782490099979441,1024.0,,8192,32,17,9.142841393000026,0.00011258500012445438
0.00041516200008118176,0.037786537000101816,1024.0,,8192,64,17,9.142841393000026,0.00011258500012445438
0.0004392509999888716,0.037778535000143165,1024.0,,8192,128,17,9.142841393000026,0.00011258500012445438
0.0004205160000765318,0.037582253999971726,1024.0,,8192,256,17,9.142841393000026,0.00011258500012445438
0.0004428199999892968,0.03736997500004691,1024.0,,8192,512,17,9.142841393000026,0.00011258500012445438
,,,message_size=1024B exceeds RSA-OAEP/SHA-256 max plaintext (958B) for a 8192-bit key,8192,1024,17,9.142841393000026,0.00011258500012445438
0.0004330570000092848,0.037553505000005316,1024.0,,8192,16,18,34.18234719099996,0.00010701199994400667
0.0004147789998114604,0.03763081199986118,1024.0,,8192,32,18,34.18234719099996,0.00010701199994400667
0.0004328049999458017,0.03751355000008516,1024.0,,8192,64,18,34.18234719099996,0.00010701199994400667
0.0004082210000433406,0.03753519699989738,1024.0,,8192,128,18,34.18234719099996,0.00010701199994400667
0.0004255300000295392,0.037663582000050155,1024.0,,8192,256,18,34.18234719099996,0.00010701199994400667
0.00043297599995639757,0.0404519920000439,1024.0,,8192,512,18,34.18234719099996,0.00010701199994400667
,,,message_size=1024B exceeds RSA-OAEP/SHA-256 max plaintext (958B) for a 8192-bit key,8192,1024,18,34.18234719099996,0.00010701199994400667
0.0004367320000255859,0.03784208800016131,1024.0,,8192,16,19,7.483188565000091,0.00011416799998187344
0.0004283179998765263,0.03746411699989949,1024.0,,8192,32,19,7.483188565000091,0.00011416799998187344
0.0004033529999105667,0.03962576499998249,1024.0,,8192,64,19,7.483188565000091,0.00011416799998187344
0.00043382299986660655,0.037750587000118685,1024.0,,8192,128,19,7.483188565000091,0.00011416799998187344
0.0004404259998409543,0.03777437300004749,1024.0,,8192,256,19,7.483188565000091,0.00011416799998187344
0.00043867300018973765,0.037331644000005326,1024.0,,8192,512,19,7.483188565000091,0.00011416799998187344
,,,message_size=1024B exceeds RSA-OAEP/SHA-256 max plaintext (958B) for a 8192-bit key,8192,1024,19,7.483188565000091,0.00011416799998187344
0.0004091210000751744,0.03741926699990472,1024.0,,8192,16,20,18.477605125999844,0.00010764700004983752
0.00041280200002802303,0.03746417100001054,1024.0,,8192,32,20,18.477605125999844,0.00010764700004983752
0.00045826500013390614,0.03701699899988853,1024.0,,8192,64,20,18.477605125999844,0.00010764700004983752
0.00037219099999674654,0.037503273000083936,1024.0,,8192,128,20,18.477605125999844,0.00010764700004983752
0.00043237499994575046,0.03760254099984195,1024.0,,8192,256,20,18.477605125999844,0.00010764700004983752
0.00042932400015160965,0.037813650999851234,1024.0,,8192,512,20,18.477605125999844,0.00010764700004983752
,,,message_size=1024B exceeds RSA-OAEP/SHA-256 max plaintext (958B) for a 8192-bit key,8192,1024,20,18.477605125999844,0.00010764700004983752
0.0003959460000260151,0.03740680200007773,1024.0,,8192,16,21,2.752488853999921,9.856099995886325e-05
0.00039101299989852123,0.03723723100006282,1024.0,,8192,32,21,2.752488853999921,9.856099995886325e-05
0.0003950140001052205,0.037331322,1024.0,,8192,64,21,2.752488853999921,9.856099995886325e-05
0.00037959599990244897,0.03736674800006767,1024.0,,8192,128,21,2.752488853999921,9.856099995886325e-05
0.0003899719999935769,0.038191118999975515,1024.0,,8192,256,21,2.752488853999921,9.856099995886325e-05
0.00042657399990275735,0.037559162999968976,1024.0,,8192,512,21,2.752488853999921,9.856099995886325e-05
,,,message_size=1024B exceeds RSA-OAEP/SHA-256 max plaintext (958B) for a 8192-bit key,8192,1024,21,2.752488853999921,9.856099995886325e-05
0.0004587880000599398,0.03771435899989228,1024.0,,8192,16,22,2.715637708000031,0.00011695899979713431
0.00045035900006951124,0.037247615000069345,1024.0,,8192,32,22,2.715637708000031,0.00011695899979713431
0.0003986589999840362,0.037138902999913626,1024.0,,8192,64,22,2.715637708000031,0.00011695899979713431
0.0003733319999810192,0.03763450300016302,1024.0,,8192,128,22,2.715637708000031,0.00011695899979713431
0.00043586000015238824,0.03794246600000406,1024.0,,8192,256,22,2.715637708000031,0.00011695899979713431
0.0004436459998942155,0.03766506100009792,1024.0,,8192,512,22,2.715637708000031,0.00011695899979713431
,,,message_size=1024B exceeds RSA-OAEP/SHA-256 max plaintext (958B) for a 8192-bit key,8192,1024,22,2.715637708000031,0.00011695899979713431
0.0006557279998560261,0.04010141599997041,1024.0,,8192,16,23,2.5363318019999497,0.0001033969999753026
0.0004408730001159711,0.03749600100013595,1024.0,,8192,32,23,2.5363318019999497,0.0001033969999753026
0.0004155150002134178,0.037392302000171185,1024.0,,8192,64,23,2.5363318019999497,0.0001033969999753026
0.0004036899999846355,0.037269301000151245,1024.0,,8192,128,23,2.5363318019999497,0.0001033969999753026
0.0003898190000199975,0.037405551999881936,1024.0,,8192,256,23,2.5363318019999497,0.0001033969999753026
0.00040918600006989436,0.03735598299999765,1024.0,,8192,512,23,2.5363318019999497,0.0001033969999753026
,,,message_size=1024B exceeds RSA-OAEP/SHA-256 max plaintext (958B) for a 8192-bit key,8192,1024,23,2.5363318019999497,0.0001033969999753026
0.00044619699997383577,0.03854868600001282,1024.0,,8192,16,24,11.531658146999916,0.00010397599999123486
0.0004563169998164085,0.03882085999998708,1024.0,,8192,32,24,11.531658146999916,0.00010397599999123486
0.00042834999999286083,0.03733107400012159,1024.0,,8192,64,24,11.531658146999916,0.00010397599999123486
0.00039906699998937256,0.03741335000017898,1024.0,,8192,128,24,11.531658146999916,0.00010397599999123486
0.0003979820000949985,0.03739297700008137,1024.0,,8192,256,24,11.531658146999916,0.00010397599999123486
0.00040582899987384735,0.038588990000107515,1024.0,,8192,512,24,11.531658146999916,0.00010397599999123486
,,,message_size=1024B exceeds RSA-OAEP/SHA-256 max plaintext (958B) for a 8192-bit key,8192,1024,24,11.531658146999916,0.00010397599999123486
0.0004243719999976747,0.03742085599992606,1024.0,,8192,16,25,9.698467056000027,0.00010410699997009942
0.0004276459999346116,0.04003896100016391,1024.0,,8192,32,25,9.698467056000027,0.00010410699997009942
0.00042068800007655227,0.03919306600005257,1024.0,,8192,64,25,9.698467056000027,0.00010410699997009942
0.0004364920000625716,0.03748603799999728,1024.0,,8192,128,25,9.698467056000027,0.00010410699997009942
0.00046806499995000195,0.03754394099996716,1024.0,,8192,256,25,9.698467056000027,0.00010410699997009942
0.00041091100001722225,0.03723172100012562,1024.0,,8192,512,25,9.698467056000027,0.00010410699997009942
,,,message_size=1024B exceeds RSA-OAEP/SHA-256 max plaintext (958B) for a 8192-bit key,8192,1024,25,9.698467056000027,0.00010410699997009942
0.0004574289998799941,0.03754769300007865,1024.0,,8192,16,26,13.473810876000016,0.00011408299997128779
0.00042939600007230183,0.037702974000012546,1024.0,,8192,32,26,13.473810876000016,0.00011408299997128779
0.0004282489999241079,0.03767534999997224,1024.0,,8192,64,26,13.473810876000016,0.00011408299997128779
0.00042356900007689546,0.03870214599987776,1024.0,,8192,128,26,13.473810876000016,0.00011408299997128779
0.00043504099994606804,0.03762249999999767,1024.0,,8192,256,26,13.473810876000016,0.00011408299997128779
0.0004279739998764853,0.037412359999962064,1024.0,,8192,512,26,13.473810876000016,0.00011408299997128779
,,,message_size=1024B exceeds RSA-OAEP/SHA-256 max plaintext (958B) for a 8192-bit key,8192,1024,26,13.473810876000016,0.00011408299997128779
0.0007184020000750024,0.07157676400015589,1024.0,,8192,16,27,18.856664350000074,0.00015377299996544025
0.000729022000086843,0.07042638900020393,1024.0,,8192,32,27,18.856664350000074,0.00015377299996544025
0.0007249049999700219,0.06982055200001014,1024.0,,8192,64,27,18.856664350000074,0.00015377299996544025
0.0007216499998321524,0.07023691199992754,1024.0,,8192,128,27,18.856664350000074,0.00015377299996544025
0.0007036240001525584,0.0639834940000128,1024.0,,8192,256,27,18.856664350000074,0.00015377299996544025
0.0007523360000050161,0.06724697399999968,1024.0,,8192,512,27,18.856664350000074,0.00015377299996544025
,,,message_size=1024B exceeds RSA-OAEP/SHA-256 max plaintext (958B) for a 8192-bit key,8192,1024,27,18.856664350000074,0.00015377299996544025
0.00039144400011537073,0.037394078000033915,1024.0,,8192,16,28,16.966855347999854,0.00010183800009144761
0.00041506699994897645,0.039097415000014735,1024.0,,8192,32,28,16.966855347999854,0.00010183800009144761
0.0006100009998135647,0.03748108900003899,1024.0,,8192,64,28,16.966855347999854,0.00010183800009144761
0.00041832799979601987,0.03764678999982607,1024.0,,8192,128,28,16.966855347999854,0.00010183800009144761
0.0004443099999207334,0.03746410400003697,1024.0,,8192,256,28,16.966855347999854,0.00010183800009144761
0.0004195269998490403,0.037451347999876816,1024.0,,8192,512,28,16.966855347999854,0.00010183800009144761
,,,message_size=1024B exceeds RSA-OAEP/SHA-256 max plaintext (958B) for a 8192-bit key,8192,1024,28,16.966855347999854,0.00010183800009144761
0.000417146000017965,0.03805553300003339,1024.0,,8192,16,29,1.0084694640001999,0.0001025610001761379
0.0005819000000428787,0.038045731000011074,1024.0,,8192,32,29,1.0084694640001999,0.0001025610001761379
0.00043813899992528604,0.0376220100001774,1024.0,,8192,64,29,1.0084694640001999,0.0001025610001761379
0.00042602700000315963,0.0374566309999409,1024.0,,8192,128,29,1.0084694640001999,0.0001025610001761379
0.00041617900001256203,0.03795059799995215,1024.0,,8192,256,29,1.0084694640001999,0.0001025610001761379
0.000434523999956582,0.04262424600005943,1024.0,,8192,512,29,1.0084694640001999,0.0001025610001761379
,,,message_size=1024B exceeds RSA-OAEP/SHA-256 max plaintext (958B) for a 8192-bit key,8192,1024,29,1.0084694640001999,0.0001025610001761379
0.0004517099998793128,0.037517858999990494,1024.0,,8192,16,30,3.2701929159998144,0.00010506700004953018
0.00041263699995397474,0.037286199999925884,1024.0,,8192,32,30,3.2701929159998144,0.00010506700004953018
0.0003837289998500637,0.037604774000101315,1024.0,,8192,64,30,3.2701929159998144,0.00010506700004953018
0.00042667499997151026,0.03764043299997866,1024.0,,8192,128,30,3.2701929159998144,0.00010506700004953018
0.0004327819999616622,0.03746238999997331,1024.0,,8192,256,30,3.2701929159998144,0.00010506700004953018
0.0004097080000065034,0.0373358609999741,1024.0,,8192,512,30,3.2701929159998144,0.00010506700004953018
,,,message_size=1024B exceeds RSA-OAEP/SHA-256 max plaintext (958B) for a 8192-bit key,8192,1024,30,3.2701929159998144,0.00010506700004953018
0.0004221189999498165,0.037276016000078016,1024.0,,8192,16,31,8.465889683000114,0.0001083640001979802
0.00041434399986428616,0.03717114899995977,1024.0,,8192,32,31,8.465889683000114,0.0001083640001979802
0.00035991000004287343,0.03728305300001011,1024.0,,8192,64,31,8.465889683000114,0.0001083640001979802
0.000386209999987841,0.04146764299980532,1024.0,,8192,128,31,8.465889683000114,0.0001083640001979802
0.00042833599991354276,0.03826251000009506,1024.0,,8192,256,31,8.465889683000114,0.0001083640001979802
0.00042922199986605847,0.03772543900004166,1024.0,,8192,512,31,8.465889683000114,0.0001083640001979802
,,,message_size=1024B exceeds RSA-OAEP/SHA-256 max plaintext (958B) for a 8192-bit key,8192,1024,31,8.465889683000114,0.0001083640001979802
0.0004287629999453202,0.03754469499995139,1024.0,,8192,16,32,4.170563166999955,0.00010284099994350981
0.0004477409997889481,0.037400715000103446,1024.0,,8192,32,32,4.170563166999955,0.00010284099994350981
0.0004143869998642913,0.037645954000026904,1024.0,,8192,64,32,4.170563166999955,0.00010284099994350981
0.0004458050000266667,0.03736400299999332,1024.0,,8192,128,32,4.170563166999955,0.00010284099994350981
0.0004060799999479059,0.03935037400015062,1024.0,,8192,256,32,4.170563166999955,0.00010284099994350981
0.00043142499998793937,0.04402425800003584,1024.0,,8192,512,32,4.170563166999955,0.00010284099994350981
,,,message_size=1024B exceeds RSA-OAEP/SHA-256 max plaintext (958B) for a 8192-bit key,8192,1024,32,4.170563166999955,0.00010284099994350981
0.0004374350000944105,0.03767467099987698,1024.0,,8192,16,33,9.676966893000099,0.00010437300011290063
0.00042790699990291614,0.03758619099994576,1024.0,,8192,32,33,9.676966893000099,0.00010437300011290063
0.00045859600004405365,0.03785833699998875,1024.0,,8192,64,33,9.676966893000099,0.00010437300011290063
0.00043803000016851,0.038005548000001,1024.0,,8192,128,33,9.676966893000099,0.00010437300011290063
0.00041747900013433537,0.03759122899987233,1024.0,,8192,256,33,9.676966893000099,0.00010437300011290063
0.00039840899989940226,0.03903051099996446,1024.0,,8192,512,33,9.676966893000099,0.00010437300011290063
,,,message_size=1024B exceeds RSA-OAEP/SHA-256 max plaintext (958B) for a 8192-bit key,8192,1024,33,9.676966893000099,0.00010437300011290063
0.0006547870000304101,0.04432200900009775,1024.0,,8192,16,34,4.647954667000022,8.993799997369933e-05
0.00041213300005438214,0.03724478200001613,1024.0,,8192,32,34,4.647954667000022,8.993799997369933e-05
0.00039126199999373057,0.03784331700012444,1024.0,,8192,64,34,4.647954667000022,8.993799997369933e-05
0.0004046210001433792,0.037522255000112636,1024.0,,8192,128,34,4.647954667000022,8.993799997369933e-05
0.0003955069998937688,0.03743425900006514,1024.0,,8192,256,34,4.647954667000022,8.993799997369933e-05
0.00039292499991461227,0.03720253899996351,1024.0,,8192,512,34,4.647954667000022,8.993799997369933e-05
,,,message_size=1024B exceeds RSA-OAEP/SHA-256 max plaintext (958B) for a 8192-bit key,8192,1024,34,4.647954667000022,8.993799997369933e-05
0.0004522839999481221,0.037401627000008375,1024.0,,8192,16,35,4.9381225189999896,0.00010110299990628846
0.000428044000045702,0.03756428200017581,1024.0,,8192,32,35,4.9381225189999896,0.00010110299990628846
0.0004830799998671864,0.03816720500003612,1024.0,,8192,64,35,4.9381225189999896,0.00010110299990628846
0.0004276370000297902,0.05090858299990941,1024.0,,8192,128,35,4.9381225189999896,0.00010110299990628846
0.0006268839999847842,0.04058775999988029,1024.0,,8192,256,35,4.9381225189999896,0.00010110299990628846
0.0004274240000086138,0.03758604099994045,1024.0,,8192,512,35,4.9381225189999896,0.00010110299990628846
,,,message_size=1024B exceeds RSA-OAEP/SHA-256 max plaintext (958B) for a 8192-bit key,8192,1024,35,4.9381225189999896,0.00010110299990628846
0.00039283899991460203,0.037508444999957646,1024.0,,8192,16,36,5.322580278000032,0.0001254730000255222
0.0003954649998831883,0.038546181000128854,1024.0,,8192,32,36,5.322580278000032,0.0001254730000255222
0.0003973899999891728,0.03763259399988783,1024.0,,8192,64,36,5.322580278000032,0.0001254730000255222
0.0003876559999298479,0.03734360299995387,1024.0,,8192,128,36,5.322580278000032,0.0001254730000255222
0.00038480300008814083,0.03729837000014413,1024.0,,8192,256,36,5.322580278000032,0.0001254730000255222
0.00037365900016084197,0.037354703000119116,1024.0,,8192,512,36,5.322580278000032,0.0001254730000255222
,,,message_size=1024B exceeds RSA-OAEP/SHA-256 max plaintext (958B) for a 8192-bit key,8192,1024,36,5.322580278000032,0.0001254730000255222
0.00040554299994255416,0.03734455399990111,1024.0,,8192,16,37,0.9351539869999215,8.874800005287398e-05
0.00038235700003497186,0.037414529999978186,1024.0,,8192,32,37,0.9351539869999215,8.874800005287398e-05
0.0003917820001788641,0.03725229099995886,1024.0,,8192,64,37,0.9351539869999215,8.874800005287398e-05
0.00036457199985306943,0.03725737499985371,1024.0,,8192,128,37,0.9351539869999215,8.874800005287398e-05
0.00037653900017176056,0.037207800000032876,1024.0,,8192,256,37,0.9351539869999215,8.874800005287398e-05
0.00036978500020268257,0.03745537100007823,1024.0,,8192,512,37,0.9351539869999215,8.874800005287398e-05
,,,message_size=1024B exceeds RSA-OAEP/SHA-256 max plaintext (958B) for a 8192-bit key,8192,1024,37,0.9351539869999215,8.874800005287398e-05
0.0006466160000400123,0.038093403999937436,1024.0,,8192,16,38,15.650023673000078,0.00010363499995946768
0.0004201350000130333,0.03815646900011416,1024.0,,8192,32,38,15.650023673000078,0.00010363499995946768
0.0004426909999892814,0.03812888099992051,1024.0,,8192,64,38,15.650023673000078,0.00010363499995946768
0.00045084500015946105,0.05833439599996382,1024.0,,8192,128,38,15.650023673000078,0.00010363499995946768
0.0006086650000725058,0.06219488200008527,1024.0,,8192,256,38,15.650023673000078,0.00010363499995946768
0.0004236639999817271,0.06393566599990663,1024.0,,8192,512,38,15.650023673000078,0.00010363499995946768
,,,message_size=1024B exceeds RSA-OAEP/SHA-256 max plaintext (958B) for a 8192-bit key,8192,1024,38,15.650023673000078,0.00010363499995946768
0.000421737999886318,0.037522422000165534,1024.0,,8192,16,39,6.091307684999947,0.00010868200001823425
0.00040809999995872204,0.03763917399987804,1024.0,,8192,32,39,6.091307684999947,0.00010868200001823425
0.00039673400010542537,0.0373872410000331,1024.0,,8192,64,39,6.091307684999947,0.00010868200001823425
0.00037461500005520065,0.0377014999999119,1024.0,,8192,128,39,6.091307684999947,0.00010868200001823425
0.0003885469998294866,0.03728004599997803,1024.0,,8192,256,39,6.091307684999947,0.00010868200001823425
0.00036891900003865885,0.03881824600011896,1024.0,,8192,512,39,6.091307684999947,0.00010868200001823425
,,,message_size=1024B exceeds RSA-OAEP/SHA-256 max plaintext (958B) for a 8192-bit key,8192,1024,39,6.091307684999947,0.00010868200001823425
0.0003969389999838313,0.03783547700004419,1024.0,,8192,16,40,23.799688019000087,0.00010353799984841316
0.00043128299989803054,0.037662209000018265,1024.0,,8192,32,40,23.799688019000087,0.00010353799984841316
0.00041063799994844885,0.03752349299998059,1024.0,,8192,64,40,23.799688019000087,0.00010353799984841316
0.0003908609999143664,0.03739039400011279,1024.0,,8192,128,40,23.799688019000087,0.00010353799984841316
0.0003871399999297864,0.038336847999971724,1024.0,,8192,256,40,23.799688019000087,0.00010353799984841316
0.0004293729998607887,0.03750012299997252,1024.0,,8192,512,40,23.799688019000087,0.00010353799984841316
,,,message_size=1024B exceeds RSA-OAEP/SHA-256 max plaintext (958B) for a 8192-bit key,8192,1024,40,23.799688019000087,0.00010353799984841316
0.00043585200000961777,0.037462608000168984,1024.0,,8192,16,41,5.54233949599984,0.00010654599986992253
0.0003917479998563067,0.03763262000006762,1024.0,,8192,32,41,5.54233949599984,0.00010654599986992253
0.0005101250001189328,0.03783168299992212,1024.0,,8192,64,41,5.54233949599984,0.00010654599986992253
0.00044703399998979876,0.037815764000015406,1024.0,,8192,128,41,5.54233949599984,0.00010654599986992253
0.0004327860001467343,0.037766022999903726,1024.0,,8192,256,41,5.54233949599984,0.00010654599986992253
0.00043078499993498554,0.03746289599985175,1024.0,,8192,512,41,5.54233949599984,0.00010654599986992253
,,,message_size=1024B exceeds RSA-OAEP/SHA-256 max plaintext (958B) for a 8192-bit key,8192,1024,41,5.54233949599984,0.00010654599986992253
0.0004400300001634605,0.03744400699997641,1024.0,,8192,16,42,11.671310581999933,0.00010582100003375672
0.0004195189999336435,0.03727763799997774,1024.0,,8192,32,42,11.671310581999933,0.00010582100003375672
0.0003910989998985315,0.03739240799995969,1024.0,,8192,64,42,11.671310581999933,0.00010582100003375672
0.00039901399986774777,0.03754860200001531,1024.0,,8192,128,42,11.671310581999933,0.00010582100003375672
0.00042746200006149593,0.037570485000060216,1024.0,,8192,256,42,11.671310581999933,0.00010582100003375672
0.0004085030000169354,0.03728690299999471,1024.0,,8192,512,42,11.671310581999933,0.00010582100003375672
,,,message_size=1024B exceeds RSA-OAEP/SHA-256 max plaintext (958B) for a 8192-bit key,8192,1024,42,11.671310581999933,0.00010582100003375672
0.0004231660000186821,0.039434066000012535,1024.0,,8192,16,43,1.6151935860000322,9.965800018107984e-05
0.00040106500000547385,0.0378831610000816,1024.0,,8192,32,43,1.6151935860000322,9.965800018107984e-05
0.0003971070000261534,0.037566195000181324,1024.0,,8192,64,43,1.6151935860000322,9.965800018107984e-05
0.00038397299999815004,0.03776190899998255,1024.0,,8192,128,43,1.6151935860000322,9.965800018107984e-05
0.0004129730000386189,0.03737239499992029,1024.0,,8192,256,43,1.6151935860000322,9.965800018107984e-05
0.0003773739999815007,0.03739644799998132,1024.0,,8192,512,43,1.6151935860000322,9.965800018107984e-05
,,,message_size=1024B exceeds RSA-OAEP/SHA-256 max plaintext (958B) for a 8192-bit key,8192,1024,43,1.6151935860000322,9.965800018107984e-05
0.00043537599981391395,0.03763720500001,1024.0,,8192,16,44,6.195293295000056,0.00010802899987538694
0.0004017199998997967,0.06338338700015811,1024.0,,8192,32,44,6.195293295000056,0.00010802899987538694
0.0004722950000086712,0.03747499500013873,1024.0,,8192,64,44,6.195293295000056,0.00010802899987538694
0.00043758299989349325,0.038302122999994026,1024.0,,8192,128,44,6.195293295000056,0.00010802899987538694
0.000517417999844838,0.03933238700005859,1024.0,,8192,256,44,6.195293295000056,0.00010802899987538694
0.00042629000017768703,0.0377076729998862,1024.0,,8192,512,44,6.195293295000056,0.00010802899987538694
,,,message_size=1024B exceeds RSA-OAEP/SHA-256 max plaintext (958B) for a 8192-bit key,8192,1024,44,6.195293295000056,0.00010802899987538694
0.0004293130000405654,0.038086441999894305,1024.0,,8192,16,45,20.1826986330002,0.00011087100006079709
0.0004432850000739563,0.03731293999999252,1024.0,,8192,32,45,20.1826986330002,0.00011087100006079709
0.00039431400000466965,0.03802174199995534,1024.0,,8192,64,45,20.1826986330002,0.00011087100006079709
0.0004684689999976399,0.03782052999986263,1024.0,,8192,128,45,20.1826986330002,0.00011087100006079709
0.00042883999981313536,0.038667960999873685,1024.0,,8192,256,45,20.1826986330002,0.00011087100006079709
0.00042639799994503846,0.03735410500007674,1024.0,,8192,512,45,20.1826986330002,0.00011087100006079709
,,,message_size=1024B exceeds RSA-OAEP/SHA-256 max plaintext (958B) for a 8192-bit key,8192,1024,45,20.1826986330002,0.00011087100006079709
0.0006740599999375263,0.06673038400003861,1024.0,,8192,16,46,15.375968213000078,0.00014752200013390393
0.0006362350000017614,0.06828302700000677,1024.0,,8192,32,46,15.375968213000078,0.00014752200013390393
0.00045948899992254155,0.06435405499996705,1024.0,,8192,64,46,15.375968213000078,0.00014752200013390393
0.0006741529998635087,0.06560008700012077,1024.0,,8192,128,46,15.375968213000078,0.00014752200013390393
0.0007309709999390179,0.06975654100006068,1024.0,,8192,256,46,15.375968213000078,0.00014752200013390393
0.0006355660000281205,0.06425524099995528,1024.0,,8192,512,46,15.375968213000078,0.00014752200013390393
,,,message_size=1024B exceeds RSA-OAEP/SHA-256 max plaintext (958B) for a 8192-bit key,8192,1024,46,15.375968213000078,0.00014752200013390393
0.0004941949998737982,0.03790222400016319,1024.0,,8192,16,47,8.57535120500006,9.443199996894691e-05
0.0004066409999268217,0.037610629000027984,1024.0,,8192,32,47,8.57535120500006,9.443199996894691e-05
0.00039973299999473966,0.03744251200009785,1024.0,,8192,64,47,8.57535120500006,9.443199996894691e-05
0.00038479199997709657,0.037277575999951296,1024.0,,8192,128,47,8.57535120500006,9.443199996894691e-05
0.00038203700000849494,0.03753301599999759,1024.0,,8192,256,47,8.57535120500006,9.443199996894691e-05
0.0003995510001004732,0.03724390700017466,1024.0,,8192,512,47,8.57535120500006,9.443199996894691e-05
,,,message_size=1024B exceeds RSA-OAEP/SHA-256 max plaintext (958B) for a 8192-bit key,8192,1024,47,8.57535120500006,9.443199996894691e-05
0.00042656999994505895,0.037905336999983774,1024.0,,8192,16,48,16.565656711999964,0.00011242699997637828
0.0004359310000836558,0.03766889999997147,1024.0,,8192,32,48,16.565656711999964,0.00011242699997637828
0.00042470899984436983,0.037706684000113455,1024.0,,8192,64,48,16.565656711999964,0.00011242699997637828
0.00042826800017792266,0.03907577800009676,1024.0,,8192,128,48,16.565656711999964,0.00011242699997637828
0.0004927669999688078,0.03849662199991144,1024.0,,8192,256,48,16.565656711999964,0.00011242699997637828
0.00043050299996139074,0.03930750600011379,1024.0,,8192,512,48,16.565656711999964,0.00011242699997637828
,,,message_size=1024B exceeds RSA-OAEP/SHA-256 max plaintext (958B) for a 8192-bit key,8192,1024,48,16.565656711999964,0.00011242699997637828
0.00042900800008283113,0.038143454999953974,1024.0,,8192,16,49,5.342720088000078,0.00010625499999150634
0.0004258310000295751,0.03818160400010129,1024.0,,8192,32,49,5.342720088000078,0.00010625499999150634
0.00045704400008617085,0.03792705199998636,1024.0,,8192,64,49,5.342720088000078,0.00010625499999150634
0.0004368370000520372,0.039880609999954686,1024.0,,8192,128,49,5.342720088000078,0.00010625499999150634
0.00044609199994738447,0.03897822799990536,1024.0,,8192,256,49,5.342720088000078,0.00010625499999150634
0.00044556099987858033,0.0372094859999379,1024.0,,8192,512,49,5.342720088000078,0.00010625499999150634
,,,message_size=1024B exceeds RSA-OAEP/SHA-256 max plaintext (958B) for a 8192-bit key,8192,1024,49,5.342720088000078,0.00010625499999150634
0.00045283899999049027,0.037674864999871716,1024.0,,8192,16,50,27.536720967000065,0.00012467199985621846
0.00042336499996054044,0.0374291569999059,1024.0,,8192,32,50,27.536720967000065,0.00012467199985621846
0.00040205499999501626,0.037730427999804306,1024.0,,8192,64,50,27.536720967000065,0.00012467199985621846
0.00043584500008364557,0.037400222999849575,1024.0,,8192,128,50,27.536720967000065,0.00012467199985621846
0.0003979320001690212,0.037594313999989026,1024.0,,8192,256,50,27.536720967000065,0.00012467199985621846
0.0004089910000857344,0.03934341600006519,1024.0,,8192,512,50,27.536720967000065,0.00012467199985621846
,,,message_size=1024B exceeds RSA-OAEP/SHA-256 max plaintext (958B) for a 8192-bit key,8192,1024,50,27.536720967000065,0.00012467199985621846
0.00042351599995527067,0.04134296999995968,1024.0,,8192,16,51,10.296174718000202,0.00012700699994638853
0.0004325470001731446,0.039691046999905666,1024.0,,8192,32,51,10.296174718000202,0.00012700699994638853
0.0003927969999040215,0.0410608389997833,1024.0,,8192,64,51,10.296174718000202,0.00012700699994638853
0.0005128450000029261,0.04094647599981727,1024.0,,8192,128,51,10.296174718000202,0.00012700699994638853
0.0004051409998737654,0.03985595600011038,1024.0,,8192,256,51,10.296174718000202,0.00012700699994638853
0.00039260600010493363,0.039636804999872766,1024.0,,8192,512,51,10.296174718000202,0.00012700699994638853
,,,message_size=1024B exceeds RSA-OAEP/SHA-256 max plaintext (958B) for a 8192-bit key,8192,1024,51,10.296174718000202,0.00012700699994638853
0.0006730420000167214,0.06696865300000354,1024.0,,8192,16,52,11.652309977999948,0.0001390889999584033
0.0007022680001682602,0.07921301700002914,1024.0,,8192,32,52,11.652309977999948,0.0001390889999584033
0.0006803669998589612,0.06598165700006575,1024.0,,8192,64,52,11.652309977999948,0.0001390889999584033
0.0006346279999434046,0.061639584999966246,1024.0,,8192,128,52,11.652309977999948,0.0001390889999584033
0.0006316760000117938,0.06304422199991677,1024.0,,8192,256,52,11.652309977999948,0.0001390889999584033
0.0006127379999725235,0.06252411400009805,1024.0,,8192,512,52,11.652309977999948,0.0001390889999584033
,,,message_size=1024B exceeds RSA-OAEP/SHA-256 max plaintext (958B) for a 8192-bit key,8192,1024,52,11.652309977999948,0.0001390889999584033
0.00043514899994079315,0.0395350009998765,1024.0,,8192,16,53,4.808366627999931,0.00011864399994010455
0.00039746199990986497,0.039537633999998434,1024.0,,8192,32,53,4.808366627999931,0.00011864399994010455
0.0003974300000209041,0.04071427999997468,1024.0,,8192,64,53,4.808366627999931,0.00011864399994010455
0.0004373950000626792,0.0402173990000847,1024.0,,8192,128,53,4.808366627999931,0.00011864399994010455
0.00043570100001488754,0.04076729300004445,1024.0,,8192,256,53,4.808366627999931,0.00011864399994010455
0.00044399199987310567,0.04035462399997414,1024.0,,8192,512,53,4.808366627999931,0.00011864399994010455
,,,message_size=1024B exceeds RSA-OAEP/SHA-256 max plaintext (958B) for a 8192-bit key,8192,1024,53,4.808366627999931,0.00011864399994010455
0.00043315600009918853,0.04023300699986976,1024.0,,8192,16,54,9.421912048999957,0.00010462899990670849
0.00045932599982734246,0.04016775700006292,1024.0,,8192,32,54,9.421912048999957,0.00010462899990670849
0.00044670600004792504,0.040662714000063716,1024.0,,8192,64,54,9.421912048999957,0.00010462899990670849
0.0004863280000790837,0.04009488399992733,1024.0,,8192,128,54,9.421912048999957,0.00010462899990670849
0.00044516699995256204,0.04191632599986406,1024.0,,8192,256,54,9.421912048999957,0.00010462899990670849
0.0004401040000630019,0.040271148000101675,1024.0,,8192,512,54,9.421912048999957,0.00010462899990670849
,,,message_size=1024B exceeds RSA-OAEP/SHA-256 max plaintext (958B) for a 8192-bit key,8192,1024,54,9.421912048999957,0.00010462899990670849
0.0004308469999614317,0.04016957899989393,1024.0,,8192,16,55,5.218212070000163,0.0001032850000228791
0.0004123100000015256,0.04018168099992181,1024.0,,8192,32,55,5.218212070000163,0.0001032850000228791
0.0003990370000792609,0.039695729000186475,1024.0,,8192,64,55,5.218212070000163,0.0001032850000228791
0.00038977000008344476,0.040415600999949675,1024.0,,8192,128,55,5.218212070000163,0.0001032850000228791
0.0004142090001550969,0.039841561999992336,1024.0,,8192,256,55,5.218212070000163,0.0001032850000228791
0.000403080000069167,0.040899392000028456,1024.0,,8192,512,55,5.218212070000163,0.0001032850000228791
,,,message_size=1024B exceeds RSA-OAEP/SHA-256 max plaintext (958B) for a 8192-bit key,8192,1024,55,5.218212070000163,0.0001032850000228791
0.000517071000103897,0.04222655300009137,1024.0,,8192,16,56,10.01010376499994,0.00011016500002369867
0.0004540800000540912,0.04092011900002035,1024.0,,8192,32,56,10.01010376499994,0.00011016500002369867
0.00045245499995871796,0.0402676319999955,1024.0,,8192,64,56,10.01010376499994,0.00011016500002369867
0.0004429690000051778,0.04033106199995018,1024.0,,8192,128,56,10.01010376499994,0.00011016500002369867
0.00042628200003491656,0.03992528499998116,1024.0,,8192,256,56,10.01010376499994,0.00011016500002369867
0.00044521099994199176,0.04061578499999996,1024.0,,8192,512,56,10.01010376499994,0.00011016500002369867
,,,message_size=1024B exceeds RSA-OAEP/SHA-256 max plaintext (958B) for a 8192-bit key,8192,1024,56,10.01010376499994,0.00011016500002369867
0.0003951889998461411,0.04021530099998927,1024.0,,8192,16,57,5.776661495999861,9.417799992661458e-05
0.00040520600009585905,0.03963878200011095,1024.0,,8192,32,57,5.776661495999861,9.417799992661458e-05
0.00038347700001395424,0.03969500099992729,1024.0,,8192,64,57,5.776661495999861,9.417799992661458e-05
0.00040165600012187497,0.03988479300005565,1024.0,,8192,128,57,5.776661495999861,9.417799992661458e-05
0.00040289000003213005,0.039868971000032616,1024.0,,8192,256,57,5.776661495999861,9.417799992661458e-05
0.0004055629999584198,0.04074452400004702,1024.0,,8192,512,57,5.776661495999861,9.417799992661458e-05
,,,message_size=1024B exceeds RSA-OAEP/SHA-256 max plaintext (958B) for a 8192-bit key,8192,1024,57,5.776661495999861,9.417799992661458e-05
0.00047054300011950545,0.03996751199997561,1024.0,,8192,16,58,5.566938763999815,0.00010407600007056317
0.0004569200000332785,0.03983420400004434,1024.0,,8192,32,58,5.566938763999815,0.00010407600007056317
0.0004212130002088088,0.040258224999888625,1024.0,,8192,64,58,5.566938763999815,0.00010407600007056317
0.0004581180000968743,0.03966486900003474,1024.0,,8192,128,58,5.566938763999815,0.00010407600007056317
0.000418634999959977,0.03983988200002386,1024.0,,8192,256,58,5.566938763999815,0.00010407600007056317
0.00042572699999254837,0.052822441999978764,1024.0,,8192,512,58,5.566938763999815,0.00010407600007056317
,,,message_size=1024B exceeds RSA-OAEP/SHA-256 max plaintext (958B) for a 8192-bit key,8192,1024,58,5.566938763999815,0.00010407600007056317
0.0004278020001038385,0.03990218799981449,1024.0,,8192,16,59,2.2568302490001315,9.75909999851865e-05
0.0004095530000540748,0.03978071500000624,1024.0,,8192,32,59,2.2568302490001315,9.75909999851865e-05
0.0004000399999313231,0.03993757199987158,1024.0,,8192,64,59,2.2568302490001315,9.75909999851865e-05
0.0005929799999648822,0.041160585999932664,1024.0,,8192,128,59,2.2568302490001315,9.75909999851865e-05
0.0004058629999690311,0.03966489000004003,1024.0,,8192,256,59,2.2568302490001315,9.75909999851865e-05
0.0004070699999374483,0.04053205800005344,1024.0,,8192,512,59,2.2568302490001315,9.75909999851865e-05
,,,message_size=1024B exceeds RSA-OAEP/SHA-256 max plaintext (958B) for a 8192-bit key,8192,1024,59,2.2568302490001315,9.75909999851865e-05
0.0004324530000303639,0.0396865389998311,1024.0,,8192,16,60,8.480424085999857,0.00011160400003973336
0.00040625500014357385,0.041193246000148065,1024.0,,8192,32,60,8.480424085999857,0.00011160400003973336
0.0004903539997940243,0.04157520799981285,1024.0,,8192,64,60,8.480424085999857,0.00011160400003973336
0.00043552800002544245,0.039770934999978635,1024.0,,8192,128,60,8.480424085999857,0.00011160400003973336
0.0004193009999653441,0.040870525999935126,1024.0,,8192,256,60,8.480424085999857,0.00011160400003973336
0.00043053600006714987,0.03985523100004684,1024.0,,8192,512,60,8.480424085999857,0.00011160400003973336
,,,message_size=1024B exceeds RSA-OAEP/SHA-256 max plaintext (958B) for a 8192-bit key,8192,1024,60,8.480424085999857,0.00011160400003973336
0.00041643300005489436,0.04006690200003504,1024.0,,8192,16,61,16.15935996999997,0.00010835500006578513
0.00044466999997894163,0.0397703559999627,1024.0,,8192,32,61,16.15935996999997,0.00010835500006578513
0.00044377899985192926,0.04150882800013278,1024.0,,8192,64,61,16.15935996999997,0.00010835500006578513
0.00045976899991728715,0.04142990400009694,1024.0,,8192,128,61,16.15935996999997,0.00010835500006578513
0.00044760399987353594,0.03992068800016568,1024.0,,8192,256,61,16.15935996999997,0.00010835500006578513
0.00045461299987437087,0.03994566500000474,1024.0,,8192,512,61,16.15935996999997,0.00010835500006578513
,,,message_size=1024B exceeds RSA-OAEP/SHA-256 max plaintext (958B) for a 8192-bit key,8192,1024,61,16.15935996999997,0.00010835500006578513
0.0003944559998672048,0.03967007599999306,1024.0,,8192,16,62,26.12365921000014,0.00010246900001220638
0.00039885199998934695,0.04082673499988232,1024.0,,8192,32,62,26.12365921000014,0.00010246900001220638
0.0004098800000065239,0.04014596799993342,1024.0,,8192,64,62,26.12365921000014,0.00010246900001220638
0.00044079400004193303,0.04038601199999903,1024.0,,8192,128,62,26.12365921000014,0.00010246900001220638
0.00044592900007955905,0.04065356099999917,1024.0,,8192,256,62,26.12365921000014,0.00010246900001220638
0.0004947420000007696,0.042675684000187175,1024.0,,8192,512,62,26.12365921000014,0.00010246900001220638
,,,message_size=1024B exceeds RSA-OAEP/SHA-256 max plaintext (958B) for a 8192-bit key,8192,1024,62,26.12365921000014,0.00010246900001220638
0.00045953600010761875,0.0399156190001122,1024.0,,8192,16,63,16.55833051500008,0.00010377499984315364
0.00043261199994049093,0.03979540699992867,1024.0,,8192,32,63,16.55833051500008,0.00010377499984315364
0.0004253130000506644,0.0414160970001376,1024.0,,8192,64,63,16.55833051500008,0.00010377499984315364
0.000424049000002924,0.040064204999907815,1024.0,,8192,128,63,16.55833051500008,0.00010377499984315364
0.0004384509998089925,0.03967656999998326,1024.0,,8192,256,63,16.55833051500008,0.00010377499984315364
0.0004031900000427413,0.03985296400014704,1024.0,,8192,512,63,16.55833051500008,0.00010377499984315364
,,,message_size=1024B exceeds RSA-OAEP/SHA-256 max plaintext (958B) for a 8192-bit key,8192,1024,63,16.55833051500008,0.00010377499984315364
0.00043662500002028537,0.04021108599999934,1024.0,,8192,16,64,24.59267281999996,9.646400008023193e-05
0.0005486269999437354,0.039838589000055435,1024.0,,8192,32,64,24.59267281999996,9.646400008023193e-05
0.00041884199981723214,0.040062074999923425,1024.0,,8192,64,64,24.59267281999996,9.646400008023193e-05
0.0004671570000027714,0.04027696000002834,1024.0,,8192,128,64,24.59267281999996,9.646400008023193e-05
0.00043669899991982675,0.03983472800018717,1024.0,,8192,256,64,24.59267281999996,9.646400008023193e-05
0.00043858399999407993,0.03982763700014402,1024.0,,8192,512,64,24.59267281999996,9.646400008023193e-05
,,,message_size=1024B exceeds RSA-OAEP/SHA-256 max plaintext (958B) for a 8192-bit key,8192,1024,64,24.59267281999996,9.646400008023193e-05
0.0004587870000705152,0.03992668999990201,1024.0,,8192,16,65,8.20562502499979,0.00010256099994876422
0.00041971399991780345,0.03975648200002979,1024.0,,8192,32,65,8.20562502499979,0.00010256099994876422
0.0004203559999496065,0.03963915300005283,1024.0,,8192,64,65,8.20562502499979,0.00010256099994876422
0.0004267259998869122,0.03982462299995859,1024.0,,8192,128,65,8.20562502499979,0.00010256099994876422
0.0004678640000292944,0.03972171800000979,1024.0,,8192,256,65,8.20562502499979,0.00010256099994876422
0.00042657599988160655,0.03970230000004449,1024.0,,8192,512,65,8.20562502499979,0.00010256099994876422
,,,message_size=1024B exceeds RSA-OAEP/SHA-256 max plaintext (958B) for a 8192-bit key,8192,1024,65,8.20562502499979,0.00010256099994876422
0.0007036320000679552,0.06719343399981881,1024.0,,8192,16,66,24.528714299000058,0.00013971699991088826
0.0006946270000298682,0.06560780599988902,1024.0,,8192,32,66,24.528714299000058,0.00013971699991088826
0.000682582000081311,0.06163739999988138,1024.0,,8192,64,66,24.528714299000058,0.00013971699991088826
0.0006659780001427862,0.06404959700012114,1024.0,,8192,128,66,24.528714299000058,0.00013971699991088826
0.0007097870000052353,0.06271433500000967,1024.0,,8192,256,66,24.528714299000058,0.00013971699991088826
0.0006509009999717819,0.06522554299999683,1024.0,,8192,512,66,24.528714299000058,0.00013971699991088826
,,,message_size=1024B exceeds RSA-OAEP/SHA-256 max plaintext (958B) for a 8192-bit key,8192,1024,66,24.528714299000058,0.00013971699991088826
0.0004325219999827823,0.039581109999971886,1024.0,,8192,16,67,5.498608186999945,0.00013610300015898247
0.00038453499996649043,0.041367626000010205,1024.0,,8192,32,67,5.498608186999945,0.00013610300015898247
0.0006614019998778531,0.05107230800012985,1024.0,,8192,64,67,5.498608186999945,0.00013610300015898247
0.0004390270000840246,0.039933910999934596,1024.0,,8192,128,67,5.498608186999945,0.00013610300015898247
0.0004551919998903031,0.04163551599981474,1024.0,,8192,256,67,5.498608186999945,0.00013610300015898247
0.0004268850000244129,0.03944741600002999,1024.0,,8192,512,67,5.498608186999945,0.00013610300015898247
,,,message_size=1024B exceeds RSA-OAEP/SHA-256 max plaintext (958B) for a 8192-bit key,8192,1024,67,5.498608186999945,0.00013610300015898247
0.0006382839999332646,0.06550712800003566,1024.0,,8192,16,68,20.37692473800007,0.00012667400005739182
0.0006686879999051598,0.0665020320000167,1024.0,,8192,32,68,20.37692473800007,0.00012667400005739182
0.000655056999903536,0.06352113399998416,1024.0,,8192,64,68,20.37692473800007,0.00012667400005739182
0.0006892940000398085,0.05907595999997284,1024.0,,8192,128,68,20.37692473800007,0.00012667400005739182
0.00040869600002224615,0.039664859999902546,1024.0,,8192,256,68,20.37692473800007,0.00012667400005739182
0.0004140510000070208,0.0480066350000925,1024.0,,8192,512,68,20.37692473800007,0.00012667400005739182
,,,message_size=1024B exceeds RSA-OAEP/SHA-256 max plaintext (958B) for a 8192-bit key,8192,1024,68,20.37692473800007,0.00012667400005739182
0.0006575499999144085,0.07073637999997118,1024.0,,8192,16,69,13.013147097000001,0.00014351999993778009
0.0007483100000627019,0.04023613699996531,1024.0,,8192,32,69,13.013147097000001,0.00014351999993778009
0.0004183430000921362,0.04007707699997809,1024.0,,8192,64,69,13.013147097000001,0.00014351999993778009
0.00044394099995770375,0.04050770599997122,1024.0,,8192,128,69,13.013147097000001,0.00014351999993778009
0.0004376179999781016,0.03991374499992162,1024.0,,8192,256,69,13.013147097000001,0.00014351999993778009
0.0004155789999913395,0.04009367799994834,1024.0,,8192,512,69,13.013147097000001,0.00014351999993778009
,,,message_size=1024B exceeds RSA-OAEP/SHA-256 max plaintext (958B) for a 8192-bit key,8192,1024,69,13.013147097000001,0.00014351999993778009
0.0004278189999240567,0.03950653899983081,1024.0,,8192,16,70,8.840483354000071,0.00010232299996459915
0.00036654399991675746,0.03965975599999183,1024.0,,8192,32,70,8.840483354000071,0.00010232299996459915
0.00041119499996966624,0.039886882000018886,1024.0,,8192,64,70,8.840483354000071,0.00010232299996459915
0.00043703400001504633,0.0396852939998098,1024.0,,8192,128,70,8.840483354000071,0.00010232299996459915
0.00042057800010297797,0.039761180999903445,1024.0,,8192,256,70,8.840483354000071,0.00010232299996459915
0.0004362650001894508,0.039680275000137044,1024.0,,8192,512,70,8.840483354000071,0.00010232299996459915
,,,message_size=1024B exceeds RSA-OAEP/SHA-256 max plaintext (958B) for a 8192-bit key,8192,1024,70,8.840483354000071,0.00010232299996459915
0.0004434329998730391,0.04050430799998139,1024.0,,8192,16,71,17.085277087999884,0.00011303500014037127
0.00044431400010580546,0.039841393000187963,1024.0,,8192,32,71,17.085277087999884,0.00011303500014037127
0.00042938899991895596,0.04119343599995773,1024.0,,8192,64,71,17.085277087999884,0.00011303500014037127
0.0004564710000067862,0.03947930999993332,1024.0,,8192,128,71,17.085277087999884,0.00011303500014037127
0.0004027610000321147,0.039489391000188334,1024.0,,8192,256,71,17.085277087999884,0.00011303500014037127
0.0003960040000947629,0.04045407399985379,1024.0,,8192,512,71,17.085277087999884,0.00011303500014037127
,,,message_size=1024B exceeds RSA-OAEP/SHA-256 max plaintext (958B) for a 8192-bit key,8192,1024,71,17.085277087999884,0.00011303500014037127
0.0007114759998785303,0.08136897000008503,1024.0,,8192,16,72,10.266078272999948,0.0001461580000068352
0.0006984629999351455,0.06813410199993086,1024.0,,8192,32,72,10.266078272999948,0.0001461580000068352
0.0007228810000015073,0.07070708099990952,1024.0,,8192,64,72,10.266078272999948,0.0001461580000068352
0.0006949490000351943,0.07042273799993382,1024.0,,8192,128,72,10.266078272999948,0.0001461580000068352
0.000717068000085419,0.07071370699986801,1024.0,,8192,256,72,10.266078272999948,0.0001461580000068352
0.0007204250000540924,0.0705281200000627,1024.0,,8192,512,72,10.266078272999948,0.0001461580000068352
,,,message_size=1024B exceeds RSA-OAEP/SHA-256 max plaintext (958B) for a 8192-bit key,8192,1024,72,10.266078272999948,0.0001461580000068352
0.0003896260000146867,0.03978619100007563,1024.0,,8192,16,73,7.228734651999957,0.00011822900000879599
0.0004027970001061476,0.04074812499993641,1024.0,,8192,32,73,7.228734651999957,0.00011822900000879599
0.00040515399996365886,0.0398314809999647,1024.0,,8192,64,73,7.228734651999957,0.00011822900000879599
0.0004311410000354954,0.03994679799984624,1024.0,,8192,128,73,7.228734651999957,0.00011822900000879599
0.00039846799995757465,0.04241245000002891,1024.0,,8192,256,73,7.228734651999957,0.00011822900000879599
0.00040383500004281814,0.03989623299980849,1024.0,,8192,512,73,7.228734651999957,0.00011822900000879599
,,,message_size=1024B exceeds RSA-OAEP/SHA-256 max plaintext (958B) for a 8192-bit key,8192,1024,73,7.228734651999957,0.00011822900000879599
0.00040018100003180734,0.03957425399994463,1024.0,,8192,16,74,22.181265679000035,0.00010099499991156335
0.0004077720000168483,0.03961231299990686,1024.0,,8192,32,74,22.181265679000035,0.00010099499991156335
0.0004029000001537497,0.03973558300003788,1024.0,,8192,64,74,22.181265679000035,0.00010099499991156335
0.0004244799999923998,0.040876571999888256,1024.0,,8192,128,74,22.181265679000035,0.00010099499991156335
0.00042572799998197297,0.039464191999968534,1024.0,,8192,256,74,22.181265679000035,0.00010099499991156335
0.0003875800000514573,0.040332860000035,1024.0,,8192,512,74,22.181265679000035,0.00010099499991156335
,,,message_size=1024B exceeds RSA-OAEP/SHA-256 max plaintext (958B) for a 8192-bit key,8192,1024,74,22.181265679000035,0.00010099499991156335
0.00039902000003166904,0.046230747999970845,1024.0,,8192,16,75,7.32385262899993,9.703599994281831e-05
0.0005916760001127841,0.04812149400004273,1024.0,,8192,32,75,7.32385262899993,9.703599994281831e-05
0.0005687519999355573,0.042441784000175176,1024.0,,8192,64,75,7.32385262899993,9.703599994281831e-05
0.0004387060000681231,0.039773356000068816,1024.0,,8192,128,75,7.32385262899993,9.703599994281831e-05
0.00040327599981537787,0.039532437000161735,1024.0,,8192,256,75,7.32385262899993,9.703599994281831e-05
0.0004226849998758553,0.03961220099995444,1024.0,,8192,512,75,7.32385262899993,9.703599994281831e-05
,,,message_size=1024B exceeds RSA-OAEP/SHA-256 max plaintext (958B) for a 8192-bit key,8192,1024,75,7.32385262899993,9.703599994281831e-05
0.00046363599994947435,0.043857891000016025,1024.0,,8192,16,76,4.310104743000011,0.0001325499999893509
0.000563874999897962,0.040704545999915354,1024.0,,8192,32,76,4.310104743000011,0.0001325499999893509
0.000446347999968566,0.03973659600001156,1024.0,,8192,64,76,4.310104743000011,0.0001325499999893509
0.000420527999949627,0.04067164499997489,1024.0,,8192,128,76,4.310104743000011,0.0001325499999893509
0.00043769199987764296,0.04065434900007858,1024.0,,8192,256,76,4.310104743000011,0.0001325499999893509
0.00044697600014842465,0.040138259000059406,1024.0,,8192,512,76,4.310104743000011,0.0001325499999893509
,,,message_size=1024B exceeds RSA-OAEP/SHA-256 max plaintext (958B) for a 8192-bit key,8192,1024,76,4.310104743000011,0.0001325499999893509
0.0004566750001231412,0.0716473180000321,1024.0,,8192,16,77,10.101041974000054,0.00014094900006966782
0.0015293809999548102,0.06670241699998769,1024.0,,8192,32,77,10.101041974000054,0.00014094900006966782
0.0005864079998900706,0.06923171300013564,1024.0,,8192,64,77,10.101041974000054,0.00014094900006966782
0.001715699999977005,0.07387281899991649,1024.0,,8192,128,77,10.101041974000054,0.00014094900006966782
0.0006778209999538376,0.07076297599996906,1024.0,,8192,256,77,10.101041974000054,0.00014094900006966782
0.000692155000024286,0.0712647459999971,1024.0,,8192,512,77,10.101041974000054,0.00014094900006966782
,,,message_size=1024B exceeds RSA-OAEP/SHA-256 max plaintext (958B) for a 8192-bit key,8192,1024,77,10.101041974000054,0.00014094900006966782
0.00043646900007843215,0.03957900399996106,1024.0,,8192,16,78,16.235300783000184,0.00011552399996617169
0.0003837120000298455,0.03969841500020266,1024.0,,8192,32,78,16.235300783000184,0.00011552399996617169
0.000412703000165493,0.03957604400011405,1024.0,,8192,64,78,16.235300783000184,0.00011552399996617169
0.00040083700014292845,0.0396254229999613,1024.0,,8192,128,78,16.235300783000184,0.00011552399996617169
0.00040295899998454843,0.03946087099984652,1024.0,,8192,256,78,16.235300783000184,0.00011552399996617169
0.00038739999990866636,0.040338448999818866,1024.0,,8192,512,78,16.235300783000184,0.00011552399996617169
,,,message_size=1024B exceeds RSA-OAEP/SHA-256 max plaintext (958B) for a 8192-bit key,8192,1024,78,16.235300783000184,0.00011552399996617169
0.00044129200000497804,0.04012607699996806,1024.0,,8192,16,79,7.759605676000092,0.000113800999997693
0.0004338979999829462,0.03968791300007979,1024.0,,8192,32,79,7.759605676000092,0.000113800999997693
0.00041925599998648977,0.039607133000117756,1024.0,,8192,64,79,7.759605676000092,0.000113800999997693
0.0004218900000978465,0.05286394800009475,1024.0,,8192,128,79,7.759605676000092,0.000113800999997693
0.000447901999905298,0.040286035999997694,1024.0,,8192,256,79,7.759605676000092,0.000113800999997693
0.000427490999982183,0.03978089199995338,1024.0,,8192,512,79,7.759605676000092,0.000113800999997693
,,,message_size=1024B exceeds RSA-OAEP/SHA-256 max plaintext (958B) for a 8192-bit key,8192,1024,79,7.759605676000092,0.000113800999997693
0.0004423739999310783,0.040708870999878854,1024.0,,8192,16,80,22.205313421000028,0.00011796700005106686
0.0004374339998776122,0.0397010809999756,1024.0,,8192,32,80,22.205313421000028,0.00011796700005106686
0.00042265199999746983,0.039550078000047506,1024.0,,8192,64,80,22.205313421000028,0.00011796700005106686
0.0004102210000382911,0.041107670999963375,1024.0,,8192,128,80,22.205313421000028,0.00011796700005106686
0.0004216600000290782,0.03985407199979818,1024.0,,8192,256,80,22.205313421000028,0.00011796700005106686
0.0004249860000982153,0.03955681200000072,1024.0,,8192,512,80,22.205313421000028,0.00011796700005106686
,,,message_size=1024B exceeds RSA-OAEP/SHA-256 max plaintext (958B) for a 8192-bit key,8192,1024,80,22.205313421000028,0.00011796700005106686
0.0007129109999368666,0.07120131800002127,1024.0,,8192,16,81,5.696351421999907,0.00013124299994160538
0.0007125390000055631,0.07116469699985828,1024.0,,8192,32,81,5.696351421999907,0.00013124299994160538
0.0007249349998801335,0.07315108800003145,1024.0,,8192,64,81,5.696351421999907,0.00013124299994160538
0.000713491999931648,0.07093071500003134,1024.0,,8192,128,81,5.696351421999907,0.00013124299994160538
0.0007061280000471015,0.07111420599994744,1024.0,,8192,256,81,5.696351421999907,0.00013124299994160538
0.000713807000011002,0.07081838999988577,1024.0,,8192,512,81,5.696351421999907,0.00013124299994160538
,,,message_size=1024B exceeds RSA-OAEP/SHA-256 max plaintext (958B) for a 8192-bit key,8192,1024,81,5.696351421999907,0.00013124299994160538
0.000429364000183341,0.03977729400003227,1024.0,,8192,16,82,9.099181974000203,0.00011240899993936182
0.0004458999999314983,0.03963096799998311,1024.0,,8192,32,82,9.099181974000203,0.00011240899993936182
0.0004074089999903663,0.03966855199996644,1024.0,,8192,64,82,9.099181974000203,0.00011240899993936182
0.00041312799999104755,0.041081050000002506,1024.0,,8192,128,82,9.099181974000203,0.00011240899993936182
0.0004983569999694737,0.04104249800002435,1024.0,,8192,256,82,9.099181974000203,0.00011240899993936182
0.0004316879999350931,0.03966058699984387,1024.0,,8192,512,82,9.099181974000203,0.00011240899993936182
,,,message_size=1024B exceeds RSA-OAEP/SHA-256 max plaintext (958B) for a 8192-bit key,8192,1024,82,9.099181974000203,0.00011240899993936182
0.000436252000326931,0.041554359999736334,1024.0,,8192,16,83,25.781438550000075,0.0001314400001319882
0.0004381039998406777,0.03985307999982979,1024.0,,8192,32,83,25.781438550000075,0.0001314400001319882
0.00043121199996676296,0.03967183599979762,1024.0,,8192,64,83,25.781438550000075,0.0001314400001319882
0.00041926299991246196,0.03961860400022488,1024.0,,8192,128,83,25.781438550000075,0.0001314400001319882
0.0004073220002283051,0.039556989000175236,1024.0,,8192,256,83,25.781438550000075,0.0001314400001319882
0.0003895439999723749,0.043392149999817775,1024.0,,8192,512,83,25.781438550000075,0.0001314400001319882
,,,message_size=1024B exceeds RSA-OAEP/SHA-256 max plaintext (958B) for a 8192-bit key,8192,1024,83,25.781438550000075,0.0001314400001319882
0.0007088940001267474,0.06805763600004866,1024.0,,8192,16,84,5.45127155199998,0.00013446000002659275
0.0005845810001119389,0.0676122459999533,1024.0,,8192,32,84,5.45127155199998,0.00013446000002659275
0.0006928360003257694,0.06778774500025975,1024.0,,8192,64,84,5.45127155199998,0.00013446000002659275
0.0006731349999427039,0.06714590799992948,1024.0,,8192,128,84,5.45127155199998,0.00013446000002659275
0.0006119709996710299,0.0634890380001707,1024.0,,8192,256,84,5.45127155199998,0.00013446000002659275
0.0005971929999759595,0.06474054999989676,1024.0,,8192,512,84,5.45127155199998,0.00013446000002659275
,,,message_size=1024B exceeds RSA-OAEP/SHA-256 max plaintext (958B) for a 8192-bit key,8192,1024,84,5.45127155199998,0.00013446000002659275
0.0006816179998168082,0.06707728299988958,1024.0,,8192,16,85,11.889291526000306,0.0001372440001432551
0.0006953489996703865,0.06813210799964509,1024.0,,8192,32,85,11.889291526000306,0.0001372440001432551
0.0006910160000188625,0.06647566299989194,1024.0,,8192,64,85,11.889291526000306,0.0001372440001432551
0.0006739159998687683,0.0664417749999302,1024.0,,8192,128,85,11.889291526000306,0.0001372440001432551
0.0006578269999408803,0.06687176400009776,1024.0,,8192,256,85,11.889291526000306,0.0001372440001432551
0.0006845699999757926,0.06679769599986685,1024.0,,8192,512,85,11.889291526000306,0.0001372440001432551
,,,message_size=1024B exceeds RSA-OAEP/SHA-256 max plaintext (958B) for a 8192-bit key,8192,1024,85,11.889291526000306,0.0001372440001432551
0.0004019449997940683,0.052972598999986076,1024.0,,8192,16,86,8.730528510000113,0.00010530700001254445
0.0004325119998611626,0.03980214600005638,1024.0,,8192,32,86,8.730528510000113,0.00010530700001254445
0.00044375900006343727,0.03975193099995522,1024.0,,8192,64,86,8.730528510000113,0.00010530700001254445
0.00043664199984050356,0.039580093000040506,1024.0,,8192,128,86,8.730528510000113,0.00010530700001254445
0.0004089509998266294,0.03959845400004269,1024.0,,8192,256,86,8.730528510000113,0.00010530700001254445
0.0004430610001691093,0.039905415999783145,1024.0,,8192,512,86,8.730528510000113,0.00010530700001254445
,,,message_size=1024B exceeds RSA-OAEP/SHA-256 max plaintext (958B) for a 8192-bit key,8192,1024,86,8.730528510000113,0.00010530700001254445
0.0004183099999863771,0.05405779500006247,1024.0,,8192,16,87,14.341733658000066,0.00010897999982262263
0.0006164619999253773,0.04194302799987781,1024.0,,8192,32,87,14.341733658000066,0.00010897999982262263
0.0005132050000611343,0.040073554999707994,1024.0,,8192,64,87,14.341733658000066,0.00010897999982262263
0.00041980900005000876,0.03955187499968815,1024.0,,8192,128,87,14.341733658000066,0.00010897999982262263
0.0004010289999314409,0.03965042500021809,1024.0,,8192,256,87,14.341733658000066,0.00010897999982262263
0.00043615800041152397,0.04021632000012687,1024.0,,8192,512,87,14.341733658000066,0.00010897999982262263
,,,message_size=1024B exceeds RSA-OAEP/SHA-256 max plaintext (958B) for a 8192-bit key,8192,1024,87,14.341733658000066,0.00010897999982262263
0.0004004419997727382,0.04000068899995313,1024.0,,8192,16,88,7.178028429999813,0.00013338299959286815
0.0004486140001063177,0.03962435700032074,1024.0,,8192,32,88,7.178028429999813,0.00013338299959286815
0.0004176349998488149,0.040222300000095856,1024.0,,8192,64,88,7.178028429999813,0.00013338299959286815
0.0005886999997528619,0.03992110199988019,1024.0,,8192,128,88,7.178028429999813,0.00013338299959286815
0.00042654100025174557,0.040021574000093096,1024.0,,8192,256,88,7.178028429999813,0.00013338299959286815
0.00047557400012010476,0.041515324999636505,1024.0,,8192,512,88,7.178028429999813,0.00013338299959286815
,,,message_size=1024B exceeds RSA-OAEP/SHA-256 max plaintext (958B) for a 8192-bit key,8192,1024,88,7.178028429999813,0.00013338299959286815
0.0004003380004178325,0.03954282599988801,1024.0,,8192,16,89,11.578913184000157,0.00011270400000285008
0.00040659900014361483,0.03962072500007707,1024.0,,8192,32,89,11.578913184000157,0.00011270400000285008
0.0004040429998894979,0.04006241200022487,1024.0,,8192,64,89,11.578913184000157,0.00011270400000285008
0.000437044000136666,0.03992346700033522,1024.0,,8192,128,89,11.578913184000157,0.00011270400000285008
0.00043394999966039904,0.03995798599999034,1024.0,,8192,256,89,11.578913184000157,0.00011270400000285008
0.00044082000022171997,0.040332225000383914,1024.0,,8192,512,89,11.578913184000157,0.00011270400000285008
,,,message_size=1024B exceeds RSA-OAEP/SHA-256 max plaintext (958B) for a 8192-bit key,8192,1024,89,11.578913184000157,0.00011270400000285008
0.00040829700037647854,0.03986340400024346,1024.0,,8192,16,90,4.834462137000173,0.00010330199984309729
0.0004352730002210592,0.04002807200004099,1024.0,,8192,32,90,4.834462137000173,0.00010330199984309729
0.00043498500008354313,0.04254717699996036,1024.0,,8192,64,90,4.834462137000173,0.00010330199984309729
0.0004310829999667476,0.04037873300012507,1024.0,,8192,128,90,4.834462137000173,0.00010330199984309729
0.0004143459996157617,0.04000288299994281,1024.0,,8192,256,90,4.834462137000173,0.00010330199984309729
0.0004297010000300361,0.03999607099967761,1024.0,,8192,512,90,4.834462137000173,0.00010330199984309729
,,,message_size=1024B exceeds RSA-OAEP/SHA-256 max plaintext (958B) for a 8192-bit key,8192,1024,90,4.834462137000173,0.00010330199984309729
0.00042126799962716177,0.0397143270001834,1024.0,,8192,16,91,20.844836798000415,0.00010007100036091288
0.00041220700040867086,0.039714663999802724,1024.0,,8192,32,91,20.844836798000415,0.00010007100036091288
0.00040921399977378314,0.03961345900006563,1024.0,,8192,64,91,20.844836798000415,0.00010007100036091288
0.00040376400011155056,0.03951512100002219,1024.0,,8192,128,91,20.844836798000415,0.00010007100036091288
0.000391917999877478,0.03980476099968655,1024.0,,8192,256,91,20.844836798000415,0.00010007100036091288
0.0004346439995970286,0.03980611899987707,1024.0,,8192,512,91,20.844836798000415,0.00010007100036091288
,,,message_size=1024B exceeds RSA-OAEP/SHA-256 max plaintext (958B) for a 8192-bit key,8192,1024,91,20.844836798000415,0.00010007100036091288
0.000425343999722827,0.039633775999845966,1024.0,,8192,16,92,5.335693959000309,9.698299982119352e-05
0.0004528690001279756,0.040126224999767146,1024.0,,8192,32,92,5.335693959000309,9.698299982119352e-05
0.0004270280001037463,0.03957130999970104,1024.0,,8192,64,92,5.335693959000309,9.698299982119352e-05
0.00041305100012323237,0.03984302900016701,1024.0,,8192,128,92,5.335693959000309,9.698299982119352e-05
0.00043564799989326275,0.055070589000024484,1024.0,,8192,256,92,5.335693959000309,9.698299982119352e-05
0.0004256610000084038,0.039451546000236704,1024.0,,8192,512,92,5.335693959000309,9.698299982119352e-05
,,,message_size=1024B exceeds RSA-OAEP/SHA-256 max plaintext (958B) for a 8192-bit key,8192,1024,92,5.335693959000309,9.698299982119352e-05
0.00042621099964890163,0.03964627699997436,1024.0,,8192,16,93,9.395349174999865,0.00010343099984311266
0.0004267169997547171,0.03965447699965807,1024.0,,8192,32,93,9.395349174999865,0.00010343099984311266
0.0004165140003351553,0.039634746000047016,1024.0,,8192,64,93,9.395349174999865,0.00010343099984311266
0.0004496679998737818,0.041873918999954185,1024.0,,8192,128,93,9.395349174999865,0.00010343099984311266
0.0004233820000081323,0.03944637700033127,1024.0,,8192,256,93,9.395349174999865,0.00010343099984311266
0.00039774700007910724,0.03944174299977021,1024.0,,8192,512,93,9.395349174999865,0.00010343099984311266
,,,message_size=1024B exceeds RSA-OAEP/SHA-256 max plaintext (958B) for a 8192-bit key,8192,1024,93,9.395349174999865,0.00010343099984311266
0.0006867320003038913,0.07246906599993963,1024.0,,8192,16,94,8.218262867999783,0.00011939600017285557
0.0006522300000142423,0.07131713400031003,1024.0,,8192,32,94,8.218262867999783,0.00011939600017285557
0.0006316809999589168,0.0661236910000298,1024.0,,8192,64,94,8.218262867999783,0.00011939600017285557
0.000655581000046368,0.07384908799986079,1024.0,,8192,128,94,8.218262867999783,0.00011939600017285557
0.000678822000281798,0.06878612899981817,1024.0,,8192,256,94,8.218262867999783,0.00011939600017285557
0.0006605959997614264,0.0661567889997059,1024.0,,8192,512,94,8.218262867999783,0.00011939600017285557
,,,message_size=1024B exceeds RSA-OAEP/SHA-256 max plaintext (958B) for a 8192-bit key,8192,1024,94,8.218262867999783,0.00011939600017285557
0.0003946299998460745,0.039427076000265515,1024.0,,8192,16,95,6.205254618999788,0.00010617400039336644
0.000383644999601529,0.03961070600007588,1024.0,,8192,32,95,6.205254618999788,0.00010617400039336644
0.0004088140003659646,0.03954418800003623,1024.0,,8192,64,95,6.205254618999788,0.00010617400039336644
0.00039772100035406766,0.039608085000054416,1024.0,,8192,128,95,6.205254618999788,0.00010617400039336644
0.0004094519999853219,0.03939025899990156,1024.0,,8192,256,95,6.205254618999788,0.00010617400039336644
0.0003779610001402034,0.03945016500028942,1024.0,,8192,512,95,6.205254618999788,0.00010617400039336644
,,,message_size=1024B exceeds RSA-OAEP/SHA-256 max plaintext (958B) for a 8192-bit key,8192,1024,95,6.205254618999788,0.00010617400039336644
0.0004102150001017435,0.04145728399998916,1024.0,,8192,16,96,2.3658385329999874,0.00010000699967349647
0.00043471099979797145,0.040203965000273456,1024.0,,8192,32,96,2.3658385329999874,0.00010000699967349647
0.00046645900010844343,0.04166462400007731,1024.0,,8192,64,96,2.3658385329999874,0.00010000699967349647
0.000434728000072937,0.04237652200026787,1024.0,,8192,128,96,2.3658385329999874,0.00010000699967349647
0.00044576999971468467,0.041532509999797185,1024.0,,8192,256,96,2.3658385329999874,0.00010000699967349647
0.00043851600003108615,0.04031841899995925,1024.0,,8192,512,96,2.3658385329999874,0.00010000699967349647
,,,message_size=1024B exceeds RSA-OAEP/SHA-256 max plaintext (958B) for a 8192-bit key,8192,1024,96,2.3658385329999874,0.00010000699967349647
0.00040631399997437256,0.04072197799996502,1024.0,,8192,16,97,6.883293460000004,0.0001081809996321681
0.0004230439999446389,0.041076146999785124,1024.0,,8192,32,97,6.883293460000004,0.0001081809996321681
0.0005137269999977434,0.040699445999962336,1024.0,,8192,64,97,6.883293460000004,0.0001081809996321681
0.00044107599978815415,0.03943682099998114,1024.0,,8192,128,97,6.883293460000004,0.0001081809996321681
0.00042495100024098065,0.05249043799994979,1024.0,,8192,256,97,6.883293460000004,0.0001081809996321681
0.00043614100013655843,0.0394749749998482,1024.0,,8192,512,97,6.883293460000004,0.0001081809996321681
,,,message_size=1024B exceeds RSA-OAEP/SHA-256 max plaintext (958B) for a 8192-bit key,8192,1024,97,6.883293460000004,0.0001081809996321681
0.000427531000241288,0.043188785999973334,1024.0,,8192,16,98,5.749332508999942,0.00010511000027690898
0.00042907299985017744,0.039724405000015395,1024.0,,8192,32,98,5.749332508999942,0.00010511000027690898
0.00041383799998584436,0.039571583999986615,1024.0,,8192,64,98,5.749332508999942,0.00010511000027690898
0.00040400499983661575,0.03974892099995486,1024.0,,8192,128,98,5.749332508999942,0.00010511000027690898
0.0004121759998270136,0.03948221899963755,1024.0,,8192,256,98,5.749332508999942,0.00010511000027690898
0.0003779640001084772,0.03986028100007388,1024.0,,8192,512,98,5.749332508999942,0.00010511000027690898
,,,message_size=1024B exceeds RSA-OAEP/SHA-256 max plaintext (958B) for a 8192-bit key,8192,1024,98,5.749332508999942,0.00010511000027690898
0.00043427899981907103,0.040126660999703745,1024.0,,8192,16,99,5.458090521000031,0.0001038350001181243
0.0004457569998521649,0.03994194899996728,1024.0,,8192,32,99,5.458090521000031,0.0001038350001181243
0.0004292159997021372,0.04079049500023757,1024.0,,8192,64,99,5.458090521000031,0.0001038350001181243
0.0004279919999135018,0.039835243000197806,1024.0,,8192,128,99,5.458090521000031,0.0001038350001181243
0.00045805099989593145,0.03956174999984796,1024.0,,8192,256,99,5.458090521000031,0.0001038350001181243
0.0004316760000619979,0.03949443600004088,1024.0,,8192,512,99,5.458090521000031,0.0001038350001181243
,,,message_size=1024B exceeds RSA-OAEP/SHA-256 max plaintext (958B) for a 8192-bit key,8192,1024,99,5.458090521000031,0.0001038350001181243
